Contig	VIR_GYG_1_coverage	VIR_GB_2_coverage	VIR_HGMT_3_coverage	VIR_R_WU_i_4_coverage	VIR_R_WU_o_5_coverage	VIR_RXT_6_coverage	VIR_C_WZ_7_coverage	VIR_QTX_8_coverage	VIR_QTX_m_9_coverage	VIR_GWX_i_10_coverage	VIR_G_WX_m_11_coverage	VIR_G_SX_i_12_coverage	VIR_G_SXKQ_A_13_coverage	VIR_G_SXKQ_mb_14_coverage	VIR_G_SXKQ_mc_15_coverage	VIR_G_SXKQ_o_16_coverage	VIR_C_YC_i_17_coverage	VIR_C_YC_o_18_coverage	VIR_R_QJ_i_19_coverage	VIR_C_JZ_i_20_coverage	VIR_C_JZ_o_21_coverage	VIR_C_TGZ_22_coverage	VIR_R_DTH_i_23_coverage	VIR_R_DTH_M_24_coverage	VIR_R_DTH_o_25_coverage	VIR_C_WH_i_26_coverage	VIR_C_WH_m_27_coverage	VIR_C_WH_o_28_coverage	VIR_C_HS_i_29_coverage	VIR_N_CG_30_coverage	VIR_C_JJ_i_31_coverage	VIR_C_PYH_M_32_coverage	VIR_C_JJ_o_33_coverage	VIR_C_AQ_i_34_coverage	VIR_C_AQ_o_35_coverage	VIR_C_TL_i_36_coverage	VIR_C_TL_o_37_coverage	VIR_C_WH_i_38_coverage	VIR_C_WH_o_39_coverage	VIR_C_MAS_40_coverage	VIR_C_NJ_i_41_coverage	VIR_C_NJ_o_42_coverage	VIR_C_YZ_43_coverage	VIR_C_ZJ_44_coverage	VIR_C_C_CZ_45_coverage	VIR_C_JY_46_coverage	VIR_C_SNT_47_coverage	VIR_C_NT_48_coverage	VIR_C_CS_49_coverage	VIR_C_TCG_50_coverage
NC_000898.1	0.0010609818																		0.0004194579																															
NC_000935.1					0.006680539																																													
NC_000936.1	0.011367803	0.013568023	0.066740006																							0.013568023																								
NC_000939.2	37.03896	0.98346543	1.7266138	2.6416762	1.5812005	0.800906	1.6364666			0.06795017	0.07021517	1.803171	0.6289921	0.01993205			0.9676104	1.204983		0.5073613	1.3481314	0.41608155	0.05707814	1.0953567	0.9839185	2.4323895	0.805436	1.5098528	0.76715744	0.90373725	2.6976218	0.3610419	0.53046435	0.37281993	0.90917325	1.1327293	1.7331823	1.3030578	0.39660248	0.13590033	0.23782559	0.033975083	0.5390713	0.5089468	0.06795017	0.33975086	0.3614949	0.5644394	0.16987543	0.39365798
NC_001330.1			0.080170855			0.024642682																																												
NC_001339.1	0.9895594	0.016704949	0.10169137		0.03132178		0.08686573				0.048861977	0.06264356					0.017122572	0.14867404				0.018375443		0.052202966	0.016704949											0.03132178														
NC_001367.1	1005.2039	40.729633	125.058174	68.32682	30.570915	37.472557	81.68335	41.98624	0.5949961	30.060047	5.6014075	43.52541	28.34183	3.1792026	0.04691165	3.6076622	31.540892	103.04566	42.734325	19.617826	11.115559	27.219547	2.4234557	8.838624	12.909148	13.522908	10.248006	13.85645	23.510555	12.881313	16.482096	4.927287	1.992025	4.1191554	7.1465206	11.0086	1.8176701	17.296795	3.5660672	1.5532447	2.7322907	2.384832	9.649258	5.754652	21.601095	1.8700547	7.2947617	6.111806	3.2190773	5.977326
NC_001401.2	0.014960461																	0.011327207																						0.00983116										
NC_001411.2	0.6825499								0.022537025									0.13329041																																
NC_001416.1	0.043297183		0.06539936	0.02651437	0.15875635	0.018823966	0.062265474		0.06653334	0.1419529	0.007752258	0.006185312			0.023957774	0.26087585	0.07793493		0.06222424	0.04946188	0.016617872	0.12038679				0.008370789		0.016370459				0.0108861495					0.021153767	0.010473795	0.012370624	0.006185312			0.0045358953	0.024741247				0.0059791347		0.034019217
NC_001420.2											0.014703246																																							
NC_001422.1							0.7519495		0.055699963	0.15930189																																								
NC_001440.1	0.27075812		0.17599279																												0.06768953																			
NC_001469.1	8.383323	0.31482664	0.7236758	0.3977877	10.930866	0.06317805	2.820251			0.25313762		0.5805148	0.087428205	0.12167624			0.87726015	0.86875135		0.07955754		0.10082961		0.3956605	0.24037439		0.15954052	0.06381621	0.09402255	0.01786854	0.04637311		0.12465433	0.04296958				0.1376303	0.01531589	0.031908106		0.031908106	0.031908106	0.095724314	0.095724314		0.5424378			
NC_001479.1																				0.011359286																														
NC_001493.2															0.00034270558																													0.0027267444						
NC_001499.1							0.021886664																																											
NC_001501.1										0.07201152	0.03600576																																		0.10801728					
NC_001504.1	2.592358	0.20346929	0.20628223	0.4571027	0.26347867							0.07032349	0.06235349		0.07032349			0.42194092				0.07032349	0.13408345	0.33520862	0.99203	1.6422879	1.4948429	2.5696204	3.6068916	3.1640882	2.1228316	0.35161743	0.24613221	1.290436	1.894046	1.4514768	0.9020159	3.2958274	1.9824191	0.24613221	0.35021096	0.73839664	2.6026723	0.7735584	9.06376	0.8415377	0.32911393	2.3220816	0.94842947	2.715893
NC_001539.1			0.039827164																																															
NC_001550.1																0.014023607																																		
NC_001554.1	9.652638	0.07956449	0.6804858	0.020938024	0.29187605	0.09422111	0.23387772					0.48450586					0.6526382	0.6798576		0.09924623		0.14782244		0.031407036	0.031407036	0.031407036	0.09966499	0.056951422	0.14803183		0.029313233			0.027638191		0.031407036	0.06260469	0.03517588	0.06281407				0.031407036			0.09422111		0.18844222	0.015494137	0.06281407
NC_001556.1	11.183635	1.2752163	2.1482298	2.1298192	0.34681353	1.7291896	3.7617624		0.25900865			2.1428797	1.1065303			0.10826121	0.14854446	7.5472856	0.38426435	0.22124311	0.44752163	0.6163651	0.048937846	0.7627065	2.1962235	1.9260424	2.3680565	2.3450825	2.7302911	2.756255	3.4668765	1.0808812	0.047206923	0.2552321	1.5793864	0.31250983	0.5118804	1.1060582	0.5383163	0.2501967	0.4407553	0.5082612	0.4920535	0.4011015	0.74209285	3.3491738	0.0833989	0.9431943	0.6607396	0.5063729
NC_001557.1	14.078289	0.03874092	0.582728	0.20338982	0.10492332	0.36319613	0.48910412	1.3478612			1.0686038	0.52945924	0.968523				0.09846651	0.36319613		0.53914446		1.3478612	0.33575463		1.1186441	5.711057	0.24213076	1.1815981	2.8135593	0.94269574	2.2195318	0.24213076	0.36319613	0.21791768	0.76029056	0.37933818		0.20016143	1.0686038		1.4527845			0.79418886	3.0250201	0.75060534	0.30508474	0.44390637		0.30992737
NC_001604.1	3.9007187	0.79259837	5.6035004	1.6511506	3.770939	0.89037734	4.865388	2.0726895	4.0606956	0.40606454	2.4690888	2.8512907	1.516213	4.948669	10.162181	4.4042115	11.367504	0.19032477	2.2022686	3.4916995	0.6452663	4.7058115	3.9849012	2.1186619	0.39547288	3.7374866	0.68282545	3.2310388	2.4086688		0.9089566	0.5240253	3.9919124	0.89303154	1.3949971	0.7801287	0.7753712	4.554248	1.1772292	0.05874252	0.04927761	0.24303278	0.26809725	0.35135338	0.5258532	1.2717029	0.0551118	0.23444425	0.059293386	1.0239627
NC_001625.2																												0.28619128	0.5869306	0.40543765	0.47078463					0.07154782	0.01574052	1.1798235					0.18602432	0.3212497						0.07154782
NC_001642.1	0.016965127																																																	
NC_001664.4							0.0022211347										0.0052328426					0.000608616									0.00023842689																			
NC_001672.1														0.003590342										0.002782515																										
NC_001697.1		0.00247257					0.0022253129			0.0030907125				0.0019162417		0.04503168					0.022067687	0.00494514			0.0030907125				0.004697883						0.0010508422				0.0010817493									0.002287127		
NC_001702.1																																	0.036877688																	
NC_001716.2																								0.00025476876														0.00041808205												
NC_001721.1	17.680994	1.2852123	2.7231684	2.216545	1.6523385	1.38578	1.88186			0.6034063		1.1111112	0.29034874				0.68721277	4.4822927	0.03568532	0.74966204		1.9745877	1.4287646	0.56690997	0.567721	0.93106246	0.5414977	0.6109759	0.5233847	0.22438496	1.3371181		0.120032445	0.20194647			0.36469316	0.08488781	0.060556907	0.089753985		0.28277913	0.28169775	0.30683967	0.081103005		1.1473371	0.52554744	0.243309	0.7734523
NC_001728.1	0.13297069																																																	
NC_001731.1																																																		0.00016816526
NC_001741.1						0.01353291																																												
NC_001777.1	5.1438656	0.50950056	0.70846903	0.11156352	0.13463627	0.35070574	0.060260586					0.04071661	0.084690556			0.121606946	0.02334419	0.27361563			0.031487513	0.15743756		0.033659067				0.04071661	0.16286644				0.31053203						0.008414767											
NC_001782.1										0.049972236			0.01332593														0.029428095																							
NC_001801.1	58.186333	1.887609	9.771015	3.660492	4.65302	5.2954545	7.5803237	0.8264321		2.1995642	0.13200498	5.3555417	2.0586863	0.080635116		0.5848381	2.1581569	9.75358		1.5263076	0.14788294	2.146015	1.37967	1.7966999	2.6024284	6.5	1.8033935	5.5603986	10.419365	3.6368306	3.755604	1.6657846	0.43368617	1.6720113	2.341376	2.7194893	0.39227894	3.6372976	1.1517746	0.88029265	0.43088418	1.6908468	4.03845	3.4520547	4.8788915	2.163761	6.905822	6.6961393	3.4838107	5.013387
NC_001802.1																	0.03267618			0.02374469		12.149983																												0.040736303
NC_001834.1	0.03626943		0.024827288		0.02849741																			0.008851468														0.0071243523												
NC_001873.1	0.011408651	0.007605768		0.015845349	0.01045793			0.010141023																																										
NC_001874.1	180.24823	6.224653	19.602837	4.5933475	9.123764	3.9059036	3.1046848	0.28288883	1.0662272	0.020976925	0.6010389	2.221756	0.9567476	0.13205475		0.1568275	1.26361	10.427929	0.029967036	0.43392268	0.3559085	0.16971332	0.009589451	1.0180801	0.40595344	0.08690441	0.22555189	0.5238238	0.82838875	0.3619019	0.9392668	0.20946959	0.072520226	0.029967036	0.20897013	0.14983518	0.051842973	0.22435321	0.088302866		0.059934072	0.17980222	0.49775246	0.3010688	2.1551294	1.0266707	0.89721304	2.778244	0.35960445	0.983618
NC_001875.2							0.0004091064		0.0022728133				0.0029773854		0.00029546572		0.001363688	0.00050001894							0.0009924618	0.00051517104		0.0007273003	0.0014015683					0.0011364067						0.0022728133			0.0027425282							0.0022728133
NC_001899.1	0.05049655		0.016158896		0.010435954																																													
NC_001918.1			5.0271482																																															
NC_002016.1			2.4089582																																															
NC_002020.1																																																		0.152809
NC_002034.1			5.492404																																															
NC_002035.1			0.3367213																	0.044590164																												0.0904918		
NC_002167.1																			0.0030705729																															
NC_002229.3	0.0002754759					0.00018552458	0.0004722444																			0.00029796374			0.00017428066																					
NC_002331.1																0.000358076																																		
NC_002484.2		0.0018785666																																																
NC_002512.2																0.00020422529			0.00016946354			0.000317201											0.00014773745																	
NC_002568.2	0.10366441		0.015429122											0.038572807				0.008196721									0.016393442		0.07087753		0.017357763	0.022661524		0.017116683		0.032304727	0.008196721					0.017357763				0.09016393	0.077145614			
NC_002577.1																																						0.00038960247												
NC_002643.1																																																		0.013495864
NC_002687.1												0.0001311112																		0.00020858599																				
NC_002692.1	12.04136	0.599718	2.6722543	0.5464515	0.20617265	1.2323359	1.2373492				0.057966474	0.62384456	0.46435845				0.6811844	2.694971		0.9692934	17.791946	0.34027886	0.11812627	0.14099953	0.55459815	0.09384302	0.17327276	0.063606456	0.5014883	0.4938117	0.21447594	0.024126586	0.093999684		0.2572458	0.023499921		0.83644056	0.14601284	0.77534074	0.42299858	0.30048567	0.2901457	0.16449945	1.2367226	0.093999684	1.0195832	0.4803384	0.38477206	1.0831897
NC_002730.1	0.007833512																																																	
NC_002792.2			0.041197907																																															
NC_002794.1																	0.0008015971																																	
NC_002815.2	0.25340188			0.11006955									0.019655276					0.13607499																				0.22679165				0.04535833	0.064560026				0.13607499	0.022679165		
NC_003059.1																										0.047324084																								
NC_003224.1																																										0.020852882								
NC_003298.1				0.0020414572				0.016331658	0.0076423786			0.0016750419	0.002669598		0.0060720267	0.019105947	0.0021461474		0.0036903266		0.0025125628			0.002669598	0.004815745								0.0059149917						0.0029836684											
NC_003315.1										0.0013647327						0.036689095	0.0028564173				0.006791926				0.0029833694	0.002158182					0.0026659896		0.0016186365							0.0026659896						0.0026659896		0.0020312301		
NC_003346.1							0.018518519																																											
NC_003355.1	0.22562718	0.014925373	0.012384884					0.040012702				0.030485868					0.011432201																																	
NC_003391.1													0.00042776798																																					
NC_003444.1														0.008091925																																				
NC_003448.1																																																		0.023817187
NC_003487.1	16.494152	0.29239765	0.22115895	0.079744816	0.039872408	0.10446571						0.019138755					0.3490165	0.12865497				0.0138224345	0.016480595	0.05608719		0.20308347					0.079744816				0.08293461				0.119617224											
NC_003497.1											0.93301433																																							
NC_003500.3	1.4879278		0.2643292	0.19987403	0.041150536	0.031492755	0.20071384			0.02687382		0.0982574					0.043460004	0.2647491		0.12597102	0.06508503	0.026663868				0.05668696			0.34642032	0.2204493	0.10959479			0.031492755			0.094058365		0.3779131	0.06298551			0.16628176					0.25194204		0.25194204
NC_003532.1	0.76906824	0.13057257		0.029156983	0.18740757	0.04774984	0.253539					0.051552925	0.028734418					0.038664695		0.031692374			0.020705683	0.048172407																						0.031692374				
NC_003537.1								0.0041841003												0.0041841003																														
NC_003610.1	0.012895303			0.010746085														0.023027325																																
NC_003630.1	58.094227	2.5485291	9.329401	2.2389493	0.40679565	1.3249961	7.450684	1.762152		0.009753028		3.9204028	2.3405695	0.07078811		0.50731474	1.9444706	8.878559		1.5829794	0.42976245	1.6838131	1.2257354	1.1002045	3.554035	4.501337	3.7840176	4.0062923	10.147868	6.384458	8.995124	3.566934	0.5351581	2.574013	4.2847257	2.862199	0.6940381	4.988831	1.5379896	1.3216926	1.0854176	1.5906874	5.1407895	4.7223535	8.50055	6.3061194	2.4489539	7.1730375	4.132767	6.9742017
NC_003631.1	21.315926		20.012842		0.25684932		0.43835616						0.9734589				0.07876712			6.2534246										0.07534247																				
NC_003633.1	0.031113273																0.021390375																																	
NC_003634.1															0.009890604																																			
NC_003779.1	1.3535296	0.053882007	0.5978174	0.20984426		0.08480164						0.44333294					0.034102537	0.170399				0.018188018			0.017051268													0.1023076							0.08480164			0.034102537		
NC_003781.1	3.1402073	0.045906737	0.32569948	0.11202072	0.018652849							0.0880829	0.031088082																																					
NC_003782.1	0.42673853	0.07590297	0.3516981	0.03234501	0.13962264		0.21843666						0.06404313					0.7761725				0.06555256		0.03234501	0.03234501	0.016172506			0.08086254	0.06469002					0.03234501									0.03234501	0.12927224	0.22619946	0.1845822	0.27493262	0.19407009	0.27169812
NC_003826.1	2.2238443		0.3759124	0.11192214			0.66423357													0.15085158		0.45255473	0.085158154			0.10218978																								
NC_003836.1									0.016345348										0.014668902																															
NC_003878.1	0.011976048	0.0907416		0.42392138		0.011361891												0.023030862				0.012897282				0.023030862	0.031321973		0.07953324		0.08076155			0.26470137									0.79471827		0.06755719	0.01996008	0.060187317	0.062643945		
NC_003924.1	5.5977135	0.28786063	0.51464343	0.20838323	0.44833967	0.11431682	0.38976592	0.025367446	0.09123571		0.16287425	0.056396298	0.2900381	0.026782798				0.36886227		0.0413718	0.06771911	0.0653239			0.15024497	0.03266195				0.03266195	0.055960804		0.016330974		0.048992924	0.03266195	0.048992924								0.08502994					
NC_004009.2	0.32038835																																																	
NC_004060.2	49.751453	0.8412391	7.069216	1.5614715	0.19941917	0.36108422	1.4077928	8.957406	5.7599225	0.52420133	0.057599224	0.5963214	0.35575992	0.28702807		1.2187803	0.18683447	1.6135044		0.53436595	0.023717329	0.13939981	0.1752178	0.09777348	0.07115199		0.14520814	0.13504356	0.41674733	0.07260407	0.056147143	0.10164569	0.036302034	0.036302034		0.9022265				0.14230397		0.060019363		0.14908035	1.714182	0.041142303	6.1725554			0.036302034
NC_004065.1																				0.0002692398																														
NC_004102.1							0.0043541365									0.0053908355						0.0043541365																												
NC_004106.1		0.024831392		0.09196812	0.09150828		0.011649295											0.09196812													0.037706926					0.41370326						0.075720415								
NC_004107.1										0.5410773																																			0.36081854					
NC_004142.1	0.024547804								0.49354005	0.02002584							0.014857881																																	
NC_004146.1	0.4293531											0.04634696																																						
NC_004284.1	0.016926201		0.13981043		0.011509817																																													
NC_004287.1	0.025994485																							0.029539188																										
NC_004288.1							0.059976008																				0.034786087		0.08996402								0.059976008													
NC_004301.1			0.020112254																																															
NC_004333.2																0.001285054																																		
NC_004365.1	1.6204647	0.07643702	0.11047697	0.12036282	0.05299633	0.12066857	0.009580106					0.015287403					0.057174888	0.116184264						0.038320422	0.008764778	0.03047289				0.030269058						0.030574806		0.015287403		0.030574806				0.04586221				0.04586221	0.04586221	
NC_004422.1	32.19721	2.7306044	31.516104	2.7331429	0.07774076	2.3856893	3.3868	132.34778			0.0894812	4.2506742	1.0602888	0.050452165		0.37061718	0.7120419	3.4140885		0.6990322	1.1569095	1.2143424	0.9584325	0.12660637	1.5644931	0.10725052	0.07948596	0.46898302	0.37077582	0.3047755	0.5418055	0.07139458	0.023798192	0.027605902	0.023798192	0.08154847	0.039346345	0.014913533	0.04886562		0.023639537		0.11899096		0.11899096		0.9993654	0.023798192	0.09503411	0.10502935
NC_004441.1			0.02016784																																															
NC_004452.3	1.6248628		0.01701427																																															
NC_004560.1																										0.010200554																								
NC_004725.1	1.5467657	0.015515734	0.12215909	0.2652972	0.29763985	0.031905595	0.19667833			0.23994756		0.23295455					0.88461536	0.19667833		0.16652098		0.04938811	0.024912588	0.017482517	0.06555944		0.27600524		0.70957166	0.13111888	0.09833916			0.07080419		0.06555944	0.18902972	0.01486014				0.39248252	0.03277972				0.3186189	0.5559441		
NC_004777.1	0.007988283		0.02029024	0.0074557317	0.008520836		0.020396752		0.07655439	0.0027160165	0.07628811	0.010438024	0.007988283	0.016189588	0.098309144	0.028464919	0.079350285	0.007562242	0.04316336	0.006390627	0.037944347	0.023592064	0.01049128	0.018426308	0.015017973	0.0076154973			0.0017041672		0.023911597		0.030302223	0.007988283	0.02231394		0.0022367195	0.0121954465								0.007988283				0.0039941417
NC_004812.1																0.00021685194																																		
NC_004813.1								0.0006904885																																										
NC_004906.1			0.6	0.0764045														0.16853933																																
NC_004907.1			0.12292683																																															
NC_004910.1																																	0.07005553																	
NC_004995.1													0.11116601				0.23418972			0.22233202		0.5187747		0.037055336										0.025197629																
NC_005091.2																																														0.0052214777				
NC_005092.1															0.0065999576																							0.008728976												
NC_005261.3											0.00044800926																																							
NC_005262.3																	0.0004852697																																	
NC_005285.1	0.86150926	0.016441822	0.049536258		0.26644182		0.0653457			0.22217537							0.014333895	0.06323777						0.019392917																		0.06323777		0.016863406						
NC_005287.1	0.12960869		0.11716806	0.057000678	0.03573852							0.014023976																																						
NC_005341.1	0.046735168		0.027842227		0.23997349	0.024527676																																	0.024527676											
NC_005342.2										0.0017074796																																								
NC_005344.1	0.30343467																																																	0.004661527
NC_005817.1	9.264003	0.40983605					1.7930328						0.614071																																					
NC_005818.1	1.8919737		0.44119132	0.67592126	0.016153459		1.0116103							0.35537606																																				
NC_005819.1	0.60798365	0.7676561	2.1883316																		0.14534289																													
NC_005841.1	0.0015945495																																																	
NC_005856.1	0.015822785		0.006329114	0.008850211	0.003164557		0.012658228	0.0267827			0.0031223628				0.043544304		0.004177215		0.2064768	0.0028902953			0.0060337554				0.003164557					0.0016033755	0.0026160337								0.006329114			0.0057172994						
NC_005886.2										0.0032068186																																								
NC_005887.1																																				0.0018861252														
NC_005898.1							0.027312454				0.054624908	0.043335762			0.04515659	0.054624908	0.0611799	0.3131828		0.05171158	0.028404953															0.081937365														
NC_005899.1												0.76626503	0.26666668	0.08674699				0.30120483		0.7518072	0.17831326	1.2429719									0.12048193																			
NC_005946.1																																												0.0003304911						
NC_006430.1										0.3443526	0.8067034				0.35419127													0.11373475	0.033189032			0.08854782	0.08553063	0.17670208			0.07870917								0.2558048	0.40207267				
NC_006557.1														0.0016548233																																				
NC_006559.1																					0.12509345																													
NC_006560.1													0.00045118268																																					
NC_006641.1							0.0048248637																										0.004511561																	
NC_006659.1																			0.0014913526			0.000986217																												
NC_006820.1	0.0025473812				0.0011717954				0.0003260648	0.0011819849	0.00015793764	0.0003668229				0.0009170573	0.00087629916					0.00090686773				0.0023435908					0.0007642144																			0.0007642144
NC_006882.2	0.0023906499																																																	
NC_006883.2																	0.00025356477																																	
NC_006884.2					0.00094250176																																													
NC_006939.1	0.5843063		0.029866956		0.076568015							0.02932392										0.016834103		0.023893565		0.020092316					0.08172686							0.011675265												
NC_006960.1			0.015294647																												0.014394962																			
NC_007057.1											0.0033504681																																							
NC_007059.1											0.0064944103																																							
NC_007145.2						0.0022848642			0.0035070006	0.004357183				0.0021785914		0.0019129094					0.0048885467	0.0011424321	0.0016472276	0.0019129094											0.0022317278						0.0011690003	0.0040383646				0.0018066367				
NC_007367.1							0.11295034																																											
NC_007377.1			0.03797468																																															
NC_007456.1										0.00438243																		0.0037779568																						
NC_007636.1	0.008715585																																																	
NC_007729.1	186.3405	10.738153	52.042744	11.330972	29.726185	3.935271	32.86077	2.589155	2.4599414		0.7259404	17.103567	5.19956	2.9863214		0.53199804	22.460186	25.208353		2.972643	2.5170982	10.215193	0.9027846	0.5534929	1.2760137	0.72740597	0.29311186	1.4335613	0.8275525	0.5718124	1.5102589				0.3563752	0.020029312	0.49926722	0.2247191	0.073277965			0.073277965	0.29311186				0.04640938			
NC_007767.1																				0.00025571793																														
NC_007805.1		0.001938825											0.0076532564																																					
NC_007815.2																												0.070513606				0.036598757	0.073197514																	
NC_007816.2	0.013992326			0.015797788																																														0.067704804
NC_007856.1																																											0.05468465							
NC_007993.1														0.0038230475																								0.0039322777												
NC_008030.1																																	0.00038936303																	
NC_008040.1																																																		1.7246376
NC_008168.1	0.06804508	0.00031515615	0.00411613	0.019300926	0.011937733	0.010868112	0.04320504	0.050348584	0.0076878997	0.00922548	0.013093306	0.011431573	0.00873842	0.03180212	0.018279057	0.021325566	0.026960175	0.02006494	0.006360424	0.039394516	0.011412472	0.054483812	0.018852068	0.016779678	0.007430045	0.020189093	0.016197115	0.028889313	0.03181167	0.006207621	0.025938306	0.009015376	0.004240283	0.0615987	0.009301881	0.019043071	0.006981186	0.011832681	0.003323465	0.0025976507	0.0022920447	0.0036290707	0.004154331	0.026014708	0.008556967	0.019740235	0.0042784833	0.0059402157	0.0018718365	0.05235412
NC_008193.1																					0.0022291427																													
NC_008200.1											0.001265686																																							
NC_008294.1			0.08396306		0.038623005																	0.010915197																												
NC_008296.2	0.00037225042																	0.0006316977									0.0007670615																				0.00040609136			0.0008121827
NC_008310.2						0.009714726																				0.010331534																								
NC_008562.1	0.02192352	0.0009869903		0.00277591	0.004885602					0.011177665					0.001209063		0.0009253033			0.002837597		0.0064154365	0.0029239585	0.0028499344		0.011658822	0.0031583686	0.032737233	0.06503032		0.005039819	0.0010733518	0.04184222	0.012343546	0.005502471	0.0024304634	0.010671832	0.010622483	0.0022577401		0.0018506066			0.0020973543	0.006982956	0.0037012133	0.005656688		0.0003824587	0.01688987
NC_008574.2																														0.013105286																				
NC_008614.1	0.0693909					0.018812645																																												
NC_008722.1					0.0034315984										0.031206816																																			
NC_008723.1					0.0032242683																																													
NC_008724.1																				0.00012845125																														
NC_008725.1		0.00030369888			0.00028583422					0.00018757871						0.0002769019			0.0002769019																															
NC_008912.1	0.013371537				0.025469596		0.011142948					0.010506208	0.090735435		0.013053168				0.10665393				0.013371537			0.11779688			0.07322509			0.038522765							0.013053168					0.13116843						0.065902576
NC_008913.1	0.014887552						0.020272411						0.011719988		0.011403231				0.010452962								0.010769718															0.010452962								0.0123535
NC_008925.1													0.016487831										0.012823869																											
NC_008962.1															0.018316101		0.009453471																																	0.012703102
NC_009025.1																									0.06316455																									
NC_009041.1	3.2853792	0.24722439	0.60265833	0.099296324	0.28491008	0.050977327	0.13010164	1.2661455	0.019077403	0.09757623	0.077560596	0.029397966	0.013135262	0.012822517			0.096794374	0.015324472	0.015011728	0.1354183	0.14667709						0.0331509	0.013135262						0.0051602814		0.010946051														0.010320563
NC_009127.1			0.000508223										0.0010469395		0.00030493384				0.000118585376		0.00078943983				0.00014907875	0.00012536168							0.0002778286						0.0005759861	0.0002405589				0.00024394707						
NC_009234.1									0.005931563		0.0032175933					0.0019025769					0.0025181165	0.0027699282	0.0019025769																			0.004252819		0.0022383258						0.0017347025
NC_009382.1																		0.0018059856			0.0037151703																													
NC_009424.5																			0.00553729						0.0109015405																			0.0064024916						
NC_009503.1						0.0022155799					0.0021752967									0.0014179712				0.0014985377								0.0027392625					0.008362807					0.0017885773		0.0010876483		0.0004995126			0.0010151385	
NC_009514.1														0.006380128																																				
NC_009533.1	10.315165	0.23806196	1.2664803	0.6368507	1.2308409	0.0698812	2.5599813	0.020498486		1.3831819	0.40437922	1.3133007	0.6638714	0.6408106		0.7598416	0.4891684	0.8034009		1.7195435	1.0288842	0.5758211	0.795481	0.7253669	0.1397624				0.024691358														0.02888423							
NC_009541.1									0.004438616																																									
NC_009642.1	0.020705882	0.012235294	0.010352941																																															0.022901962
NC_009758.1																																							0.0077302265											
NC_009823.1					0.0071053444							0.008752961			0.002368448					0.027288642																														
NC_009827.1															0.0021811384	0.0034275032																																		
NC_009889.1										0.21270521	0.07137759				0.035688795																														0.07137759	0.07125863				
NC_009899.1													0.00018277239		0.0001305517																																			
NC_010105.1							0.00039877318																																											
NC_010116.1														0.0040911646																																				
NC_010393.1											0.0015706806																																							
NC_010811.2														0.00075241615								0.00038053232											0.0010378154																	
NC_010944.1	0.010029776																																																	
NC_011038.1																				0.00095664087														0.0020167024																
NC_011042.1	0.07706614																																																	
NC_011043.1														0.00670212																																				
NC_011045.1	0.10254628	0.016425941	0.005149198	0.026106434	0.0144177545	0.002883551	0.04732113	0.01143122	0.1698978	0.014366263	0.0471924	0.015705055	0.040163744	0.15766844	0.29865348	0.097628795	0.23964368	0.03151309	0.037486162	0.027393734	0.010607348	0.027651193	0.024201231	0.0076465593	0.017970702	0.029607888		0.014289024	0.015756546		0.008290209	0.01719832	0.13990371		0.0068999254	0.02234752	0.023480343	0.024201231	0.034963053			0.01014392		0.0017249814		0.0038618986		0.0031410109	0.0019566952	0.0015962514
NC_011048.1									0.025619749																																									
NC_011056.1									0.0005935814																																									
NC_011142.1	0.0013697764			0.0018544665		0.001180115			0.003308537								0.0016015847			0.00067435147												0.0018966135						0.001222262												
NC_011201.1																				0.003481975																														
NC_011273.1	0.00037666614																																																	
NC_011285.1											0.0010523384																																							
NC_011317.1	0.06378352		0.14472094																							0.072481275																								
NC_011345.1														0.00020628925																																				
NC_011356.1							0.02929175						0.005464879																																					
NC_011357.1	0.002413632	0.003539994																																																
NC_011399.1																														0.01500728								0.007839624												
NC_011421.1	0.0003394638													0.00081471313	0.00023385284	0.00040735657	0.0008675186										0.00036209472	0.00020367828													0.00025648376									
NC_011535.1	5.8283663	0.2916931	0.46501797	0.11118157	0.15556964	0.117522724	0.50771505	0.0071866415	0.024941873	1.5736631		0.6017755	0.1454238				0.4242232	0.81822026		0.070598185	0.06341154	0.054956667		0.03170577	0.03170577	0.04227436	0.03170577	0.18177976	0.16761784	0.06341154	0.06341154					0.06341154	0.15852885		0.08158951				0.24265483	0.03170577				0.08412598		
NC_011588.1										0.0004858363												0.00030560672		0.00030560672																										
NC_011643.1	0.07483163	0.037415814	0.016961835															0.07483163						2.4138188	1.6403093	2.3838863	1.5689698	4.645298	18.649288	11.768271	10.712148	1.3674233	1.6003991	1.519581	3.167124	3.220005	1.7345972	4.223996	0.3327513	0.39461213	0.037415814	0.22449489	4.3197803	2.6832128	8.350961	1.6003991	15.2639065	9.078074	1.0873035	2.0566225
NC_011659.1																																											0.045228403							
NC_012635.1	0.00041569176																																																	
NC_012685.1						0.114950515																																												
NC_012696.1			0.0013365155																																															
NC_012756.1																						0.0027497122																												
NC_012783.2													0.00034481997				0.00027408765		0.00031829535																0.00020335536									0.0005879622						
NC_013025.1			0.16638935																																															
NC_013026.1	4.190637		0.57915056				0.11969112					0.0984556										0.07239382				0.5028958			0.043436293		0.07239382	0.033783782							0.3503861						1.3098456					
NC_013027.1																													0.011502516																					0.02372394
NC_013085.1	0.010382919		0.0007045368	0.0029672827	0.004654057				0.0003394119	0.002067327	0.0010490913	0.0005451161			0.0024787353								0.0003496971																				0.00030855628							
NC_013110.1												0.026450511																																						
NC_013116.1	3.7091413	0.08125577	0.38319483	0.23176362	1.7068329	3.56048	0.13850416			0.5046168			0.37303784		0.3739612		0.31486613		0.029547554	0.058171745		0.13804248		1.543398		0.06925208	0.2511542		0.27654663				0.13711911		0.045706373															0.27700832
NC_013220.1			0.010869565																																															
NC_013221.1			0.01691989					0.029005526								0.015538674																																		
NC_013288.1																							0.00021380781																											
NC_013458.1																																																		0.19574331
NC_013459.1																																																		0.07536636
NC_013460.1																																															0.010282776			0.021850899
NC_013651.1																													0.007792815																					
NC_013668.3																								0.00015290151																										
NC_014636.1																																	0.00028410603																	
NC_014660.1					0.00028023563																										0.00039352238																			
NC_014765.1																							0.0004130587						0.0012139896																					
NC_014929.1			0.23487963																																															
NC_015070.1							0.02563136																																											
NC_015251.1						0.00028057766			0.00029758236																																									
NC_015271.1	0.0019286906								0.003961635			0.0034924936					0.003440367					0.00161593				0.0021371976							0.0018244371																	
NC_015279.1	0.00077572605			0.0009539334															0.000267311			0.00032496633																												
NC_015281.1									0.00017821044																																									
NC_015282.1									0.00036764916					0.00075827644																									0.00017808007											
NC_015283.1							0.00053279527																																											
NC_015284.1															0.00041347943																																			
NC_015285.1							0.00035573918																																											
NC_015286.1				0.00037664783																					0.00049078354																									
NC_015287.1																			0.0002834102				0.00018464604																											
NC_015288.1									0.000418421																				0.00036611836																					
NC_015289.1																0.00037460835																		0.00017595242																
NC_015297.1																												0.008219178																						
NC_015453.1														0.012682221																																				
NC_015454.1									0.10036459											0.010318497																														
NC_015465.1								0.0026057449							0.005090292		0.00236335																0.00096957944																	
NC_015938.1						0.0016459806																		0.0016682236			0.0031807465															0.0046265405	0.003781307	0.0040037367					0.0018906535	
NC_016031.1	0.028419856					0.028419856																																												
NC_016033.1	10.408478	0.031310212	1.9771194	0.11199422	0.03612717									0.058285166				0.03612717				0.28444123	1.5761079	1.1038054	1.2634875	4.9450865	0.89450866	6.631503	48.768787	23.324663	30.941715	3.0609345	3.6211464	4.088873	3.4559247	4.6616087	5.7485547	11.192919	1.8547688	0.4773603	0.91618496	1.1856936	5.580925	4.1131983	6.2584295	8.620183	39.009876	5.763969	1.3752408	6.369942
NC_016072.1										5.0826042e-05																																								
NC_016154.1																												0.00036690346																						
NC_016158.1					0.0016943682	0.0033080522													0.0013716314			0.001613684		0.0029853154	0.0017750524															0.0016943682										
NC_016160.1								0.0040915413																																										
NC_016164.1																	0.003626533																																	
NC_016405.1						0.086981736																																												
NC_016447.1																														0.00035995152																	0.00018681028			
NC_016564.1	0.022382187		0.17462933	0.0057083494		0.0015739935	0.003147987		0.0033788392			0.002938121					0.014134461					0.0013221545		0.001196235	0.003147987	0.02880408		0.003147987	0.04130159	0.00075551687			0.053568244	0.022035908	0.010451317		0.0025603627	0.022770438	0.0028751614			0.0015739935	0.003147987			0.002644309	0.002749242		0.0018048458	0.025561653
NC_016656.1			0.0016125517																																															
NC_016762.1									0.0028492927										0.039747633			0.0013025338																												
NC_016765.1		0.004257367													0.0028135644							0.010069598						0.0011846586									0.0027765438			0.011106175			0.0017399674							
NC_016766.1	0.0016997983								0.0029818497			0.0025785076	0.005978104				0.0011235955			0.001008355																	0.0027369633													
NC_017084.1	0.045854684								0.014978321	2.7327552			0.057811063		0.05938773		0.0134016555	0.019182762		0.017343318	0.4530285			0.05912495	0.039416634	0.019708317																			0.019971095	0.0984102		0.057285506	0.1182499	0.9638681
NC_017914.1	5.747704	0.036249395	6.9739003	0.6824553	0.21652973	0.7249879	0.42242628					0.10874819	0.18100531	0.10874819			0.17158048	0.9939584		0.036249395				0.20202997	0.18559691	0.5157081				0.07249879	0.021749638		0.07056549			0.32624456							0.036249395	0.14499758						
NC_017972.1														0.00011050196																																				
NC_017974.1														0.00044214292	0.00027466455				0.00042874465																												0.00046893946			
NC_017991.1							0.8419799																																											
NC_018087.3	0.0004319473																																																	
NC_018274.1																						0.0018183298																												
NC_018278.1																																		0.00298842																
NC_018281.1					0.011472889					0.0057823365					0.0016979877																																			
NC_018284.1					0.01023194	0.00175676									0.1203618			0.0071219997																																
NC_018399.1	0.08419792						0.14964086																																											
NC_018452.1																	0.0010348117																																	
NC_018464.1					0.029126214																																													
NC_018476.1																			0.038868744																												0.010732415			
NC_018835.1					0.0019367834																																													
NC_018838.1									0.05809185					0.005626165																																				
NC_018839.1									0.532914																																									
NC_018840.1									0.25479534																																									
NC_018841.1																						0.0026374517																												
NC_018842.1									0.19793512																																									
NC_018845.1									0.015321235																																									
NC_018847.1									0.0075213443										0.00487871																															
NC_018849.1									0.0026025614																																									
NC_018851.1									0.025613226																																									
NC_018852.1									0.004202535					0.0023723987																																				
NC_018874.1																																					0.00020802012										9.45546e-05			
NC_019416.1									0.008932048						0.007529925	0.002233012						0.0017137071																												
NC_019443.1															0.00037020113																		0.00019088495																	
NC_019444.1		0.0009543123																																																
NC_019445.1			0.0052250805		0.006430868														0.010048231											0.0065648444											0.003215434									
NC_019453.1	0.77751195		0.17756513		0.026847422												0.2945242	0.13450292											0.2185008							0.023391813		0.119617224								0.27910686	0.44657096	0.119617224		0.4417863
NC_019491.1	0.0006972495					0.00030912537						0.0002198225	0.00032629902	0.0002335614			0.00034690739		0.00062855496			0.0002576045		0.000288517	0.0001442585			0.00056672987	0.0004259061						0.00012021542	0.0002747781	0.00030225594		0.00020951832					0.0002610392			0.00026790868	0.00021295305		0.0002198225
NC_019492.1			0.06978297																																															
NC_019495.1																	0.00011711861																															0.00014812058		
NC_019501.1	0.078444235																																																	
NC_019516.2	0.0017046047																																																	
NC_019522.1	0.0006810583																																																	
NC_019526.1										9.5428404e-05							0.00017928972																																	
NC_019541.1																																																0.00068336126		
NC_019559.2				0.00011332896									0.00019216651											0.00025129467																										
NC_019705.1																																											0.0038700688							
NC_019710.1																																																		0.006877917
NC_019711.1	0.023007952	0.006344104	0.027321942	0.025376417	0.13861868	0.011250212	0.06741668		0.041807648	0.066253595	0.026602944	0.012688208				0.010404331	0.05345965		0.020491457	0.006344104	0.0018186432	0.13362798			0.006344104	0.006344104		0.0021992894						0.009389274			0.006344104				0.006344104		0.013999323	0.022204366				0.004694637		
NC_019716.1					0.0033700292									0.0014378792																	0.0016176141			0.0017524152																
NC_019719.1															0.0016856097																																			
NC_019720.1																																												0.0038531278						
NC_019723.1	0.041410066		0.07621576	0.031853896	0.13928647	0.026629858	0.04017838	0.015672117	0.032321088	0.059142068	0.004629433				0.006370779	0.04310894	0.062433638		0.06011892	0.006370779	0.006370779	0.119303465				0.010575494		0.008876619				0.012741558		0.006370779	0.012741558		0.015926948			0.0031853896	0.006370779	0.0031853896	0.006370779	0.044595454						0.00182629
NC_019767.1			0.002440543						0.037280537																																									
NC_019768.1				0.007234494																																														
NC_019769.1																																			0.003439072															
NC_019923.1																																		0.002248823																
NC_019929.1						0.00047315366	0.00027154907		0.00014811767					0.00025509155										0.00013988891				0.0003044641												0.00016457519										
NC_019930.1																											0.0038399806																							
NC_020073.2	0.43000838		0.051550712	0.038139146	0.6412406	0.05071249	0.038558256		0.051969822	0.015088013		0.031433363	0.031433363				0.1969824	0.25314334		0.013830679				0.033109806	0.025984911			0.03394803			0.074601844					0.031433363							0.029756915				0.024308465		0.062866725	0.031433363
NC_020101.1																										0.015004056																								
NC_020104.1																																		3.328934e-05																
NC_020201.1																				0.0018545968																														
NC_020231.1	0.00015417492			0.0001498923		0.00015845757													0.00013704438	0.00015845757			0.00014560965						0.0001498923	0.00014560965																	0.0002997846			
NC_020235.1					0.019146608					0.020787746																																								
NC_020416.1									0.00042441377																																					0.00024341379				
NC_020474.2															0.00046003514				0.00023278887																															
NC_020481.1															0.0053593945																																			
NC_020486.1	0.0021377131			0.00019274463	0.00038548926														0.0009228379																															0.0009345194
NC_020488.1			0.011633318														0.002688589																																	
NC_020489.1	0.0008644323																																				0.00076564006													
NC_020490.2									0.0033099253		0.0016102339				0.00384667																																			
NC_020837.1					0.00022725781												0.00040401387																																	
NC_020842.1									0.00088479917					0.0011375989	0.00040447962																																			
NC_020845.1																																											0.00038678947							
NC_020851.1	0.002120121			0.0005384434			0.00092304585							0.0005672886			0.0007980501																					0.00015384097												
NC_020854.1																																	0.0022627774																	
NC_020859.1														0.00042182067								0.00039901954							0.000387619																					
NC_020865.1	0.002755303																							0.0013557839																										
NC_020866.1																			0.0051701423				0.0015411001																			0.00077055005								
NC_020867.1	0.010514122		0.0024948765	0.00075737323																		0.008910273	0.0032968011																											
NC_020875.1														0.00033916664	0.003347903							0.00047045696							0.00023522848																					
NC_020878.1																0.0015574591																																		
NC_020879.1									0.0008149255																																									
NC_021071.1			0.00036115138		0.00074487476														0.0006658729																									0.0004175813						
NC_021095.1																																								0.019591141										
NC_021246.1																																											8.179755e-05							
NC_021312.1													0.000100003475						9.56555e-05														7.60896e-05				0.000100003475													
NC_021318.1														0.0016011246																																				
NC_021342.2																																													0.0069159484					
NC_021530.1	0.0005950749																																																	
NC_021773.2					0.0027152654																																													
NC_021798.1				0.00056418264																																														
NC_021857.1				0.0017842073																																														
NC_021858.1											3.45817e-05		1.6242919e-05				2.2006536e-05					0.000113176466				2.043464e-05																								
NC_021901.1			0.00010116696																																															
NC_021924.1																																														0.0004804265				
NC_022058.1																					0.0015613397																													
NC_022066.1						0.0031949177						0.0005909674																																						
NC_022096.1	0.0007282898				0.000983966		0.0003641449							0.00027117174		0.00027117174	0.00018207244		0.0051406412				0.00027117174					0.00060432556	0.0003409016		0.00016270304									0.0003641449					0.000557839	0.00012783811				
NC_022098.1							1.6573224e-05					3.355067e-05	0.00013743648		1.4956324e-05				3.1529547e-05					8.569569e-05		1.3743648e-05		5.6591496e-05			4.891122e-05								1.6573224e-05		1.6977448e-05			3.4763347e-05			2.8699973e-05			2.1423923e-05
NC_022230.1	0.4829634	0.21881838	0.34448266	1.4867146		0.20006251	2.6044075				0.04345108	0.21069084	0.24914035			0.09909347	0.113160364	0.7983745		1.571116		0.04688965	0.2999375			0.14942169		0.3751172	0.0937793	0.10597061	0.26195687			0.04688965	0.04688965	0.1875586							0.023444826		0.018130666		0.049390435	0.31916225	0.021256642	0.30415756
NC_022249.1								0.07152318																																										
NC_022334.1									0.07530923					0.002391854															0.005057063																					
NC_022335.1									0.06726351																																									
NC_022336.1									0.18433805					0.0050828503																																				
NC_022337.1			0.00509044												0.01018088																			0.02036176																
NC_022338.1									0.43667412					0.0016263468																																				
NC_022339.1									0.013178005	0.0045511667																																								
NC_022340.1									0.005735813																																									
NC_022342.1									0.007892931																																									
NC_022518.1	0.08931588				0.09860642		0.21326013			0.317462	0.2241343			0.117293075	12.594806	0.03568412			0.11180321	0.09586149	0.009079392	0.011613175				0.07865287	0.0316723						0.0629223																	
NC_022614.1																0.013412816																																		
NC_022749.1			0.1912571	0.005030434						0.0046279994				0.042658083								0.0065898686																												
NC_022751.1																																	0.007062147																	
NC_022892.1					0.02268954														0.018539015																															
NC_022895.1	0.3216846				0.014336918	0.04659498																			0.025985664				0.025985664		0.030017922		0.06496416																	
NC_022915.1																																																		0.0018284698
NC_022987.1	0.0020482477																																																	
NC_023006.1				0.00094114407																																														
NC_023009.1																												0.00028304558			0.0005189169																			
NC_023339.1	6.0331445	0.14306691	0.6454793	0.03146633	0.46360394	0.26431718	0.470107	0.092301235		2.1976085		0.14348647	0.08265156	0.33060625			0.14096916	0.5479337		0.06293266		0.03146633		0.39186072		0.06104468		0.015103839	0.08768617	0.12586533	0.06293266	0.015103839						0.09439899	0.016782044			0.25173065						0.07048458		0.08789595
NC_023427.1																									0.012368816																									
NC_023500.1								0.004341701																																										
NC_023556.1			0.0008848456																							0.0031522627							0.0011890113																	
NC_023569.1																								0.0004239629																										
NC_023574.1		0.0003267313																																																
NC_023575.1																						0.005532382																												
NC_023576.1	0.01530339									0.0022955085																																								
NC_023579.1																	0.00042345966																																	
NC_023586.1																		0.032387707												0.10330969																				
NC_023587.1					0.0029475307																																													
NC_023588.1			0.0038180463	0.00092468306		0.0060253544			0.0037583893							0.004056674																								0.0018493661										
NC_023615.1															0.0011402044																																			
NC_023636.1	0.01																																																	
NC_023639.1										0.023037																																								
NC_023675.1																		0.022593765																																
NC_023676.1						0.026734028																																										0.031575624		
NC_023685.1																			0.017679557																															
NC_023717.1															0.0006318949		0.00043442773					0.0004080988																									0.07601169			
NC_023729.1																																											0.0018589088							
NC_023842.1	0.019576509						0.32960448																		0.016779864		0.02037555									0.029964043												0.028765481		
NC_023843.1	0.05322924	0.21185237				0.63165367																				0.101490416	0.10645848											0.6387509	0.21291696	0.4258339										
NC_023844.1	1.3324324	0.04054054																								0.10900901																								
NC_023850.1																								0.42266572	0.20527442	3.0466857	0.10691375	0.4811119	1.2273699		0.3649323		0.16037063	0.6471846	0.18816821	0.07270136		0.16037063	0.4875267	0.053456876			0.10691375	0.65324306		0.20776907				0.60370636
NC_023851.1	2.3898447	0.12589173	0.22240873		0.12589173	0.70415443						0.17876627					0.24422996							6.8585815	0.7284935	25.36005	1.4909778	2.838439	11.6424675		11.714645	0.56609315	3.9739823	3.489719	0.7738145	0.60260177	2.1775074	7.132606	3.4452372				2.391943	0.04699958	0.0654637	0.25178346		0.12589173		0.5362988
NC_023869.1																																						0.049050633												
NC_023871.1	0.24821109		0.049642216	0.06708408		1.5934705	2.7039356										0.14132379											0.06708408	0.06708408																					
NC_023872.1	0.05752809																																																	
NC_023879.1						0.23316239																																												
NC_024354.1										0.0004692884				0.0004558802					0.00041565546																			0.00044247194										0.0005229214		
NC_024379.1	0.021231422																																																	
NC_024450.1							0.00073509954	0.0014701991																																										
NC_024458.1	1.8731467	0.075183466	33.679646	0.27287704		0.052718285	1.9853227					0.073086716	0.018271679				0.109031	0.6083571		0.044930357										0.019469822					0.022465179								0.38190803						0.044930357	0.016774
NC_024488.1	0.03668977																																																	
NC_024492.1																																																		1.132045
NC_024493.1																																																		0.038705137
NC_024502.1															0.012406306		0.01809253																																	
NC_024689.1	0.029739777																																																	
NC_024690.1	2.398397	1.2522395	6.0787363	0.56577086	0.04526167	1.3130599	0.031117398			0.115983024	1.049505	0.097123995					0.16690241		0.6440358		0.09806695																													0.069778405
NC_024691.1	13.164675	0.11420983	0.066401064		0.03806994		0.26560426					0.2611775		0.10535635			0.06728641		0.23815848		0.013722886	0.16644533				0.24258521																								
NC_024709.1																0.0010462753	0.010373072			0.0023914862																														0.0012555303
NC_024792.1														0.0002620398		0.00038682064		0.00065509946																												0.00039929873				
NC_024909.1	6.479839	0.033154123	6.266129	1.7244624	0.7925627	3.407706	1.5389785			0.11111111	0.3109319	0.067204304	0.6621864	1.5846775			3.5071685		0.16218638	0.18996416	0.3091398	0.18817204						0.09139785			0.067204304							0.8064516												0.15322581
NC_025381.1																		0.5131395																	0.0076193437															
NC_025414.1															0.0005163579																																			
NC_025436.1	0.0006276901																																																	
NC_025455.1	0.0016437053														0.0014706836	0.011116638					0.0013841728	0.003114389																												
NC_025456.1	0.10273487	0.015210432	0.06026167	0.0060583926	0.3205577		0.033987153	0.013856961	0.002792876		0.005413883	0.028766623		0.0022343008	0.061163984	0.005564268	0.021741465			0.009667648	0.0027069415	0.029303715	0.0067029023	0.0060583926	0.001718693	0.007154059	0.0032225493	0.0114722755	0.013062066		0.00545685		0.0017616602		0.0039100265	0.0070896083		0.0060583926					0.011128536		0.007605216					0.004124863
NC_025461.1	0.028100543				0.011684943	0.0020056246	0.0056244684		0.0039022476			0.0020928255		0.005493667	0.0143227745	0.003924048	0.011379739				0.0012644154	0.011379739	0.0029866365			0.0020056246		0.0027468335	0.008371302		0.002964836																			
NC_025462.1				0.0014940338																																														
NC_025464.1	0.0269554	0.01404399	0.02115659	0.0041225906	0.027023355				0.0040772874	0.020227876		0.0015856117			0.064806215	0.008698213				0.0021745532	0.009151245	0.004031984				0.0017215213		0.003080617	0.003533649		0.0038960744			0.0037148618																
NC_025470.1			0.0011222699																																			0.0009927772												
NC_025729.1																0.7253358																																		
NC_025730.1	0.15971288																																																	
NC_025731.1			0.07042254																																															
NC_025732.1	0.032198712		0.04553818			0.029438822																																												
NC_025734.1							0.46853146																																											
NC_025735.1																													0.11979881																					
NC_025741.1																																													0.029130632					
NC_025790.1															0.004342516																																			
NC_026144.1						0.030260047																																												
NC_026161.1	0.17342845		0.3753901																					0.058849756																										0.03923317
NC_026163.1																							0.22222222																											
NC_026164.1		0.2206804	0.025067145	0.11817368																									0.019247986																					
NC_026165.1	0.018037835						0.03959525										0.04575451																																	
NC_026167.1	0.049247608																						0.0373917			0.031919744			0.032831736										0.03009576							0.04833561				
NC_026168.1	0.18685447		0.02910798				0.086384974							0.050704226		0.12206573				0.01455399																														
NC_026169.1	9.107159	0.49355268	0.99021786	0.11027123	0.3543797	0.03646065	0.04357492				0.13339262	0.028457092					0.2654513			0.33348155	0.32814583	0.33348155	0.11382837	0.20008893		0.4081814			0.067585595						0.041796353					0.03823922			0.27745664		0.2632281	0.3268119				0.50689197
NC_026254.1	0.08863026		0.049239032				0.13428827					0.12891674																																	0.21038496					
NC_026258.1																										0.1469148			1.2463272		0.1469148																			0.1469148
NC_026264.1																																																	0.13282862	
NC_026273.1			0.025641026													0.028044872																																		
NC_026274.1																				0.18578152																														
NC_026275.1			0.05472455							0.05472455																		0.05472455	0.21379058														0.16417366							
NC_026277.1																																		0.023607524									0.11066027	0.02582073						
NC_026278.1																																																0.034434292		
NC_026280.1													0.6023463																																					
NC_026426.1			0.29814076																																															
NC_026428.1																		0.07372176																																
NC_026431.1																			0.1527495																															
NC_026440.1										2.8531827e-05					8.916196e-06			2.496535e-05				1.4711723e-05																									3.5664783e-05			
NC_026601.1														0.0048874808																																				
NC_026607.2									0.00041272183																																					0.0007754168				
NC_026612.1			0.011818003																																															
NC_026613.1	0.48618042																																																	
NC_026645.1	0.043653075			0.023549683																																														
NC_026808.1			0.1064413														0.09684788																																	
NC_026809.1	0.2600094											0.015544041																																						
NC_026817.1	0.9064877		0.43087247																																0.03668904															
NC_026818.1	0.11095953					1.1573442	0.06821282			24.154615						0.027739882	0.047294226							0.029104138		4.071851		0.015006822											0.81855386				0.5457026	0.13642564						
NC_026924.1																													0.00080052606																					
NC_026926.1	0.00094738376														0.0004997189																																			
NC_026927.1							0.00048215373																																											
NC_026928.1	0.000496257									0.00044346365																																								0.00045402232
NC_027125.1			0.025412584																																															
NC_027130.1	0.0001795145			0.0007064764																																														
NC_027132.1	0.0004403254																																																	
NC_027198.1																																				0.10729614						0.03576538								
NC_027294.1														0.0035328488																																				
NC_027295.1									0.031335972																																									
NC_027333.1						0.008361375			0.15832229					0.0023112742																																0.0038747834				
NC_027336.1									0.0022370606																																									
NC_027339.1									0.02331397						0.02005783																																			
NC_027344.1									0.0009930487																																									
NC_027346.1									0.0021822893																																									
NC_027347.1									0.15692453		0.0050828503																																							
NC_027348.2																0.0022738962																																		
NC_027354.1									0.044265594																																									
NC_027357.1									0.013289938																																									
NC_027361.1									0.01663611																																									
NC_027362.1									0.031979315		0.01918759																																							
NC_027364.1																										0.00017810309																								
NC_027366.1																								0.0005355991				0.000206936																						
NC_027367.1									0.22239079																				0.0022066683																					
NC_027370.1									0.002242762																			0.010194372																						
NC_027371.1									0.0022191587										0.015735853																															
NC_027373.1									6.109676																																						0.0056418446			
NC_027374.1					0.0003969263																																													
NC_027376.1									0.0021737653																																									
NC_027380.1									0.07941587																																									
NC_027385.1									0.008543796																																									
NC_027386.1									0.8855267																																									
NC_027387.1	0.0018036589		0.002782788		0.0076784333		0.010512754		0.008915228		0.0054625096	0.0038134502	0.0039165164	0.020304045	0.027621746	0.015150734	0.022416903		0.016026797	0.0040195826	0.0016490595	0.044936873				0.0040195826		0.0039165164					0.025560422	0.0025251224				0.0046895132					0.00231899	0.0032465858	0.0022159237					
NC_027389.1									0.002169933																			0.0050857803																						
NC_027391.1									0.006391949																																									
NC_027392.1									0.010934937					0.006492619																																				
NC_027396.1							0.0050953906																																							0.0044436543				
NC_027400.1									0.00915801					0.012643521																																				
NC_027401.1									0.24093308									0.0050418475																																
NC_027402.1																						0.00069879746																												
NC_027403.1									0.005195693					0.009092463																																				
NC_027405.1									0.010524877					0.0013326955																																				
NC_027620.1									0.0024894031																																									
NC_027621.1									0.0037334962					0.010046499														0.0047517223																						
NC_027622.1									0.0046368907																																									
NC_027623.2									0.018619562																																									
NC_027624.1									0.00851524																																									
NC_027625.1									0.01174434																																					0.011065477				
NC_027626.1																							0.0021126522																											
NC_027627.1									0.026019022								0.0017663044																																	
NC_027628.1	0.003116848								0.6456957																																									
NC_027629.1									0.00872697	0.0024241584																																								
NC_027630.1									0.0045414492					0.0029824444								0.004270318											0.015996747					0.005083712												
NC_027633.1	0.014319809	0.016055543		0.0069429376	0.014319809	0.006292037			0.014319809	0.060750704	0.028205685			0.013451942		0.013451942			0.03384682									0.013885875	0.04209156									0.03992189											0.018659145	0.01909308
NC_027636.1	0.017329482		0.03732504				0.011552989			0.029326817		0.0146634085			0.017773828	0.018218175						0.023105977				0.033770274			0.013774716		0.013774716					0.030659853		0.013774716									0.014219062	0.113308154		0.034658965
NC_027639.1								0.031149793																																										
NC_027642.1	0.045415226		0.013840831																									0.021193773																						
NC_027645.1	0.017274886																																		0.016411142															
NC_027648.1																																															0.044688974			
NC_027713.1	0.14813717																																																	
NC_027867.1															0.00023790411																													5.2185416e-05						
NC_027925.1							6.4464664e-05																																											
NC_027980.1	0.013697379																																																	
NC_027984.1	0.08977582	0.0104027605	0.045737468	0.01191116	0.185932		0.018603602	0.021447023		0.0505054	0.024203755	0.036374986				0.045147978	0.018118141	0.0006761794	0.72760373		0.015638815	0.03776202	0.004161104	0.0026006901		0.0019071727													0.0027047177				0.0052013802							
NC_027986.1																										0.003075819																								
NC_027997.1			0.0016898172																																															
NC_028045.1										2.7006226																																								
NC_028092.1																							0.00021210444																											
NC_028094.1													0.00014781716																																	6.757356e-05				
NC_028099.1				0.0007508856																																														0.0009957396
NC_028108.1								0.00037327796																																										
NC_028379.1							0.00016027509									0.00018455919																																		
NC_028459.1	21.444542	1.0985916	7.6637325			1.9014084	0.06602113					0.9242958	2.1126761											3.497359	0.31954226	0.26408452		0.52816904			0.13204226		0.66021127					4.4234157				0.7922535	1.2662852	0.12764084	0.66021127	0.13204226	0.22975352	0.7887324	0.13204226	11.658891
NC_028461.1																												0.00051964005										0.00030706002												
NC_028478.1	18.386986	1.1285782	1.0492727	1.4615986	3.4018457	3.2116377	1.82168				0.14891288	0.48646957	0.6181761	0.103863604	0.36195838		0.2055373	4.648522		0.44392303	1.3444393	1.0370718	0.5696856	0.4126388	0.71484435	0.9100579	0.49257	1.6995151	3.9088066	0.48709527	0.47051463	0.18488972	0.6128578	0.14187393	0.8193337	1.0312842		0.19114657	0.38636008	0.070076644	0.4348506	1.1012044	1.3521038	1.761145	0.8912873	0.38151103	0.5096199	2.3173783	1.5343344	4.0697637
NC_028491.1										0.00023375884																																								
NC_028656.1	0.02274278																																																	0.009097111
NC_028657.1		0.0010834058							0.0005745334										0.014215598																					0.0104072625										
NC_028663.1	0.00034988762																0.0004983248			0.00016964247				0.0003286823																										
NC_028667.1		0.022680776					0.0037885485							0.009193544																																				
NC_028672.1																	0.00045414473																												0.00041407315					
NC_028688.1														0.007229396																																				
NC_028694.1													0.004488727																																					
NC_028695.2	0.0018275667																																																	
NC_028696.2																				0.007257245																														
NC_028809.1																				0.00924331								0.0051162234					0.0025581117																	
NC_028816.1						0.010271862																																												
NC_028821.1																							0.0036882223																											
NC_028822.1																																																0.0017144677		
NC_028827.1																					0.0012757899																													
NC_028830.1																			0.031591274																															
NC_028834.1	0.0006429401																																																	
NC_028880.1																																																		0.0019158577
NC_028903.1					0.003882691																																													
NC_028908.2			0.0011259869																																															
NC_028931.1																																										0.0029033897								0.013791101
NC_028955.1			0.00042561602																																															
NC_028967.1							0.0026346901		0.012565445			0.0052693803																																						
NC_028980.1																	0.0016403724																																	
NC_028987.2										0.0026671193																																								
NC_028993.1	36.366383	3.023053	20.938898	3.3424351	10.050135	5.765667	19.175919	0.49552372	1.6495076	1.4959713	0.58012533	0.8025962	0.7934199	0.5226052	0.2484333	0.55774397	4.3672786		0.59534466	0.9623993	0.39704567	3.0872874	0.6316025	1.1087735	0.27215758	0.43688452	0.1007162	0.10340197	0.18039392		0.23119964	0.08057296			0.021486124	0.05326768	0.0069382275	0.04073411	0.18263204			0.017905103	0.1347359	0.14547896	0.3019248	0.33527306	0.1007162	0.017905103	0.01656222	0.1087735
NC_028994.1	78.53896	8.218816	132.72455	6.4535456	51.827286	10.618535	27.333488	5.0285516	3.2054763	8.243155	2.0259771	5.6889772	1.9084952	2.465949	16.414463	3.1741166	24.001404	0.055230517	1.5567517	9.237304	1.7442079	20.223028	3.9070911	16.129652	2.1135035	11.865434	1.5303066	3.0868242	7.0915046		3.3540838	0.2923005	1.6007489	1.0112333	1.2131991	0.8118418	1.5396677	5.8289256	1.9684063	0.14345893	0.30189562	0.048911773	1.229113	1.2064123	2.7128482	2.050082	3.4205477	1.3723379	0.37491223	7.296747
NC_028999.1		0.00020051228				0.00026519367													0.0015329487				0.00020051228							0.00029106622															0.00045276966	0.00029106622				
NC_029002.1	0.013148331				0.0017728086					0.000815492									0.00063821115	0.0028128563		0.0061930115	0.001973727	0.0062048305	0.0015955277	0.026875779		0.06285197	0.037465356		0.0074162497	0.002103733	0.03356518	0.020416846	0.0043965653	0.0028364938	0.0060452777	0.026627585	0.0006736673		0.0026473943	0.0007682171		0.0012764223	0.00287195		0.018319022	0.0016664402		0.021876458
NC_029009.1																0.0005691481							0.0005691481							0.00046073896																		0.00058269926		0.0004471878
NC_029025.1							0.0043495926																																											
NC_029031.1					0.0007297979															0.002034588																														
NC_029035.2																0.011378002																																		
NC_029052.1	0.21840088	0.04928806	0.051150054				0.013362541					0.18072289						0.0058050384										0.017743703		0.032858707															0.007009858			0.09857612		
NC_029061.1					0.011565469																																													
NC_029098.1																												0.0011233346																						
NC_029119.1	0.012307596			0.0023487778			0.005480482		0.014640715						0.071762994				0.0046975557					0.0023487778														0.0014405837								0.0022861438				
NC_029302.1																0.0051341504			0.022027161									0.009771448	0.0051341504																					
NC_029563.1												0.013422819																																						
NC_029579.1										0.19206145																																								
NC_029582.1	0.12855709		0.090391695	0.031469703		0.02142618			0.1533311		0.02477402																																							
NC_029583.1																													0.10207554																					
NC_029587.1	0.03726708		2.743271																												0.06418219											0.38819876								
NC_029592.1																													0.11972275					0.6616257			0.7561437											0.18903592		15.456206
NC_029598.1	0.010286783																																																	
NC_029613.1	0.027027028																																																	
NC_029616.1							0.020058233																			0.021352313					0.020058233									0.03170495										
NC_029635.1							0.31380752																																											
NC_029636.1	0.4795181			0.2060241			0.09879518					0.18072289								0.27108434	0.40722892			0.042168673		0.18072289					0.17951807																			0.090361446
NC_029637.1											0.05859155													1.219155		2.9414084		0.09802817	0.056338027					0.8450704					0.6625352								0.07211268			0.061971832
NC_029638.1							0.06954612																																											
NC_029639.1																																	0.09219422										0.17148125							0.44622004
NC_029640.1														0.031166518																																				
NC_029853.1																											0.03666137	0.09116461	0.018330686					0.03666137																
NC_029900.1	0.563963																									0.045726728					0.019597169																			
NC_030135.1	0.03196803																																																	
NC_030138.1	0.13536918	1.0938925	0.06472197																																															
NC_030139.1	0.17883895				0.029026218									0.014981274																																				
NC_030140.1				0.033183858																						0.048430495			0.49865472							0.06726457		0.10224215												0.30582958
NC_030141.1	1.1117045	0.066755675																								0.086337335																								
NC_030144.1	0.11451342		0.31543624																																															
NC_030145.1	0.39731368	0.110918544	0.3583189				0.13864818										0.06499133									0.03119584																								
NC_030146.1	0.32994455		0.2245841				0.32994455														0.11460259					0.03512015																								
NC_030147.1	15.597035		0.16801438																			0.21024258																0.04986523	0.045822103								0.03234501			
NC_030200.1																	0.0002691927		0.00025464175							0.00023281532												0.00025464175												
NC_030229.1	0.010708662						0.01007874																																											
NC_030230.1	0.00035416562	0.00026294112		0.0003139195																											8.3175255e-05		0.00016635051	0.0008156541																
NC_030447.1	4.3246465	0.040636044	0.99116606		0.028268551	0.20980565	0.5150177				0.07641343	0.030918729					0.03533569			0.13250883		0.037985865				0.07155477	0.066254415		0.37014136										0.07332155				0.05123675		0.06272085	0.1475265	0.018551236			1.2473499
NC_030448.1					0.07869142	0.041556146																						0.027409373													0.132626									
NC_030449.1						0.04879702																															0.021009827													
NC_030452.1	0.9361036		0.5034454	0.30361244	0.26519105		0.11192316			0.040927123		0.34433076					0.81896013	0.2764669		0.091041975	0.022969306			0.027145542	0.040091876	0.06264356			0.07350177		0.07141366												0.020045938							
NC_030455.1			0.09864283																													0.021185039																		
NC_030456.1							0.05381166													0.13452914			0.10313901	14.727018		1.9097533		1.4293722	0.63228697		6.642377	2.4652467				0.33632287	2.0168161	15.484865	0.83183855			0.6311659	0.051569507	0.16816144		3.4327354	1.6087444	0.25224215	0.38733184	4.0807176
NC_030457.1							0.16974726				2.3511882										0.030177291															0.012448133														0.047529235
NC_030465.1			1.0964792									0.028349336																																						
NC_030469.1	0.032881215														0.11261816				2.3707356														1.0480888																	
NC_030470.1							2.4120603	0.40201005				0.8040201								0.040201005	0.06365159			0.12127303	0.1400335			0.050251257					0.100167505																	
NC_030474.1																																		0.047652416																
NC_030475.1																																																		0.25327143
NC_030476.1																																															0.011959877			
NC_030477.1																												0.44356826								0.07392804														1.1207491
NC_030478.1							0.059476607					0.1185567	0.11895321									0.23790643							0.11895321																	0.29738304				
NC_030887.1																																														0.8527027				
NC_030909.1																						0.008249805																												
NC_030917.1							0.0008762837																																											
NC_030918.1														0.0049687405																																				
NC_030923.1																																											0.019816369							
NC_030931.1			0.0030092427						0.00059707195																																									
NC_030940.1		0.049269233																	0.0020835248																															
NC_030948.1											0.0003818183			0.0012528413																																				
NC_031003.1									0.007041772																																									
NC_031005.2									0.0875997								0.0021133001		0.007430636																															
NC_031020.1									0.0011151893																																									
NC_031032.1						0.005674342	0.005633224					0.004893092								0.009169408									0.011759869																					
NC_031033.1															0.00019343785																																			
NC_031048.1			0.023426691																																															
NC_031065.1							0.0003877957		0.00040030523										0.0003877957											0.00080061046																				
NC_031077.1																						0.007183908																												
NC_031084.1									0.013197033																								0.0073164892																	
NC_031091.1		0.008734432		0.0069320886	0.11202255								0.0077177254									0.011322412																												
NC_031098.1																0.0017669145																																		
NC_031108.1																													0.007568113																					
NC_031114.1	0.031910285		0.008563782	0.019013636			0.031349562		0.04763604	0.0016821715	0.016057093	0.007850134	0.019523384	0.056964446	0.054950938	0.043685485	0.07399006	0.0055052885	0.014018096	0.0073403846	0.006167962	0.011571301	0.024926724	0.013457372	0.006779661	0.014221996		0.010144004			0.0016311966	0.0024467949	0.040983815			0.005403339	0.005454314	0.0041289665							0.004383841	0.0035172678				0.0018350962
NC_031119.1									0.09745459																																									
NC_031123.1	0.019014299																																																	
NC_031129.1		0.004640147		0.005800184		0.009347963						0.0005993523		0.008700276		0.00083135965		0.00029967615	0.0009666973					0.002900092												0.00092802936												0.0015467156		
NC_031235.1	0.0023863772	0.00033944155												0.00036001377								0.000380586							0.00042173042																					0.00037029988
NC_031241.1															0.031159772																																			
NC_031242.1					0.0004015903				0.0004130643		0.0006482815				0.00018932114				0.0008031806																															
NC_031264.1																														0.001663929																				
NC_031338.1	0.0061654733																																																	
NC_031450.1	2.7702284		0.23228803	0.7638405	0.23112659	1.1571816	0.82888114			0.015098723							0.18815331			0.012001549	0.069299266	0.10452962		0.024003098	0.05807201				0.029036004					0.17421603	0.029036004			0.11614402	0.11111111											0.087108016
NC_031687.1		0.019404631										0.020727674																																						
NC_031900.1															0.0008438247																																			
NC_031906.1				0.0008678541												0.0003733791																																		
NC_031922.1	0.00082365726																																																	
NC_031927.1	0.00056912564																																																	
NC_031935.1	0.005338384		0.00018778234	0.0030474393	0.0036966295					0.0014486066		0.0016095629				0.00034337342																														0.00037556468				
NC_031937.1	0.007696452									0.0048744194																																								
NC_031944.1	0.0002214995														0.010675196				0.0019016542													0.0006266815						0.00043219415							0.0008643883					
NC_032111.1	0.006840281	0.0019017821	0.004601086	0.0024171039	0.0116499495	0.004711512	0.016692739	0.009913806	0.011294132	0.03025674	0.007263581			0.0035152296	1.2828686	0.006245207	0.0057912334		0.107444555	0.0027790559	0.0052820467	0.0036011166	0.0055335728	0.000503052	0.00076071284						0.00085886935		0.0040796297		0.00044170424			0.0009202172									0.003251434	0.00037422165	0.00038035642	0.0018404344
NC_032113.1	3.7428892	0.14085206	0.65134764	0.8436219	0.8336853	0.06558192	0.13004595	0.22903988										0.025959508		0.01763756			0.045708608		0.13041858	0.058750466	0.13029437	0.029313128	0.07266178	0.03726245	0.30480686	0.044218108	0.21562539	0.0745249	0.06260092	0.05589368		0.005837784	0.07377966			0.0394982	0.23053037	0.11178736	0.19140479	0.25437835	0.44541052	0.03726245	0.018507019	
NC_032122.1						0.10693917																																				0.14163499		0.30703422				0.035646386		0.3654943
NC_032147.1	1.5843592																																																	
NC_032174.1	65.78607	3.5138323	13.398435	3.2954922	2.7209303	3.566516	11.198501	1.2167971			0.6510526	1.8115287	1.3909402			0.38906646	1.0580844	5.9285793		0.86851096	0.6160035	0.83026564	0.21569492	4.8139534	5.741651	6.102722	7.3955693	3.8103163	5.4286346	4.2073183	11.469855	1.8281715	0.6801499	3.55329	3.7002094	2.6986663	0.54160696	6.8980494	1.4053786	0.63418937	0.21977295	1.4068115	2.4701862	2.9889784	7.437562	1.7855175	2.0702083	4.9570155	1.1335832	3.01014
NC_032186.1			0.58076096																																								0.035893753	0.053840633						
NC_032201.1	0.35672423		0.095041975				0.032631077	0.028195787										0.047520988											0.14256297								0.0072865514				0.14240456			0.095041975					0.06367812	0.09567559
NC_032206.1							0.03126745																																											0.11859296
NC_032214.1				0.13992538																																														
NC_032217.1	0.07278299																			1.4443593						0.057460256					0.057460256	0.028730128																0.057460256		
NC_032222.1	0.46963271																																																	
NC_032230.1																										0.16488045																								
NC_032403.1																																			0.17093214															
NC_032405.1	6.8041544	0.6177052	2.6120179	0.3818002	0.16394658	0.026211672	0.08877349													0.03709199						1.1889218	0.03709199	1.4423838	3.0929773	0.20870425	1.0623145	0.21216618	0.18694362	0.25816023	0.611276	0.5563798	0.03709199	0.87042534	0.2964886	0.14836796	0.09990109	0.39614242	0.45054403	0.11127596	0.044510387	0.37091988	3.4092484		0.042037588	0.18348171
NC_032422.1	0.22136422	0.03217503										0.06413557																			0.3054483								0.01866152											
NC_032425.1		0.052603893																0.58986497									0.105207786				0.28932142							0.105207786												
NC_032436.1	1.3814409	0.086340055	0.8821902	0.09913544	0.78132564	0.1507781	0.20334294					0.034582134	0.0518732	0.0329683	0.017291067			0.034582134									0.06916427		0.06916427	0.1037464					0.045417868				0.09383285	0.034582134	0.034582134	0.69164264	0.3142363	0.809683	5.68	2.1467435	5.8974066	4.825245	1.5883573	1.8835735
NC_032443.1	8.836422	0.5021734	3.4614506	0.28689086	0.59071153	0.54678565	0.60420954	0.29192406			5.717227	0.10295127					0.06863418	0.2086479		0.13955617	0.03431709		0.048959047	4.038664	3.1404712	24.309998	26.860214	47.1272	78.90094	9.024709	63.869595	281.84167	129.66507	121.65317	174.69824	144.52025	55.926563	145.97598	32.274536	13.857012	10.261039	11.358042	27.97758	28.419355	23.654541	12.579501	3.5168154	1.9478381	0.44612217	33.65683
NC_032448.1																		0.26068223												0.30951527	0.10771993																			
NC_032474.1			5.817424																																															
NC_032531.1	0.0076233186																																																	
NC_032551.1	13.688051	0.6491007	3.6377592	2.3270707	2.4471302	3.4795508	4.42628	0.04880284				0.15385497	0.19612785			0.21881086		0.05178142			0.12922442	0.08019246	0.024974223	9.017756	5.165082	4.77569	3.9343567	4.0139766	6.4827585	1.6985909	3.2004812	2.165082	0.98499256	1.106656	1.7747737	1.5622637	0.29190058	1.9389392	0.62653226	0.0343682	0.15465689	0.42960247	0.7276893	0.99667776	2.124871	0.1010425		0.92244244		0.45240006
NC_032576.1	0.041248452	0.01787433						0.028323937				0.041248452											0.0096246395	0.082496904	0.06187268		0.020624226		0.020624226		0.04111096											0.052248042			0.020624226			0.06902241		0.064072594
NC_032582.1	2.4865649	0.23640722	0.7816324	0.2676927		0.20814936	0.19666961	0.5232749		0.011101299	0.0789706	0.14330769	0.07569068				0.046549767	0.32067618			0.47306675	0.4083512	0.6011101	0.7122493	0.7289012	1.4385014	0.7318027	1.7247382	3.5995963	0.7884446	4.6142297	0.3538539	0.5546865	0.2780371	0.7473193	0.95029646	0.23741643	0.41692948	0.13245869	0.01892267	0.13245869	0.03784534	0.60880536	0.2080232	1.2780371	0.28901222	1.7268828	1.3667214	0.33657122	0.44506118
NC_032585.1	13.147377	0.4692518	5.5672655	0.65814203	0.77447367	0.40383014	1.1207327	1.7987392	0.17259426	0.04722255	0.1503509	0.5119543	0.2847627	0.07434281	0.06375639	0.9268467	0.08005234	0.7315332		1.7508029	0.55596524	0.6099679	0.19388604	2.6869276	1.4703224	1.5631021	1.1520162	1.1796123	2.5692875	1.8203877	2.4508147	2.002617	0.6601642	1.5024384	2.099203	1.3776615	1.1521351	3.0491257	1.8473891	0.15487094	0.2785774	0.39110264	1.0794576	1.6010468	3.4761508	1.681456	0.69632447	2.3701677	0.7255858	1.3714762
NC_032601.1	0.014563828					0.022291575									0.020211026			0.0891663											0.04458315					0.022142963	0.11145787	0.31921533	0.04458315	0.12542726	0.04458315	0.04458315	0.022291575	0.0891663	0.14222024	0.0891663	0.031802647	0.030316541		0.36736512	0.04458315	
NC_032603.1	2.0595276	0.19678584	0.026566086	0.45523122	0.09839292	0.10823221					0.02459823			0.02459823						0.02459823		0.09839292	0.102984585	5.487209	3.959987	5.027714	2.5578878	4.7982945	17.080027	6.0662513	16.982944	2.2271237	1.7030174	1.9240735	2.570023	5.0113153	0.62971467	5.0083632	1.9186618	0.37815678	0.24598229	1.235159	7.102657	7.11512	7.407839	3.7149885	14.422926	3.4893408	1.4201378	2.9075108
NC_032604.1	0.18059634		0.05568105		0.007002485																				0.017393269	0.060311724	0.015812062	0.08052857	0.049130335	0.02800994	0.21470521	0.06641066	0.03862661	0.04788796		0.057262253	0.010842557	0.10639259		0.021685114	0.022362774		0.029704088		0.020329794	0.013553197	0.024395753	0.0076801446	0.016715609	0.09193585
NC_032606.1	0.08804093		0.03901087	0.003943722		0.01204434					0.014922191	0.017480282	0.07375826	0.033041995		0.011831166	0.16776806	0.026433596		0.0074610957			0.006608399	0.030590493															0.010019186								0.0070347474			0.008313793
NC_032736.1	23.263336	0.5612677	6.361679	1.2969638	2.071731	0.5886053	0.6212653	0.25365913			0.30349582	0.31280997	0.79266965	0.034353454			0.077053346	1.6951736	0.09410911	0.064352244	0.29527035	0.35974357	0.31547114	1.514939	0.87613404	1.0543123	0.84674007	0.78916174	0.87903714	0.7929116	1.3286561	0.21773316	0.13197048	0.31910002	0.41320914	0.22547477	0.072577715	0.43570822	0.29273012	0.43546632		0.127011	0.50030243	0.9767751	0.14031692	0.28982702	0.3915568	1.7907343	0.14515543	0.6717068
NC_032737.1																				0.00791706																														
NC_032740.1	0.063284464		0.16802025									0.063284464													0.252505																									
NC_032749.1	1.2978503	0.08668516			1.5826398		0.10263523	0.034674063																0.25728154	0.50947756	1.4914471	0.7494221	0.35205734	0.4327323	0.06934813	1.9239482		0.034674063		0.06934813	0.052011095	0.022653721	0.06934813	0.15603329	0.034674063		0.017337032	0.10298197	0.34674063			0.33379567			0.22538142
NC_032754.1		0.09348707										6.938922	0.1826114	0.05858523			1.240885	0.16640697		2.4811468		0.37394828	0.2804612		0.03427859							0.98130256																		
NC_032755.1	0.023615286											0.06741091						0.59553456						0.047981966	0.031987976	0.031987976		0.015993988					0.031987976			0.03220266									0.06376127					0.11260197
NC_032757.1	1.6952573	0.15166499	0.036125127	0.045408677	0.45408678	0.037739657	0.030272452					0.27204844		0.082240164			0.02825429	0.13562058			0.01432896	0.045408677		0.007870837	0.13420787		0.015136226		0.053481333	0.015136226	0.015136226	0.028456105				0.015136226		0.045408677					0.015136226		0.18163471		0.12129162	0.090817355	0.060544904	
NC_032761.1	1.5917293	0.050431468		0.03362098	0.14860474	0.03362098	0.06724196					0.09369046		0.03306063			0.06724196	0.17225148				0.21853636		0.7898689	0.100862935	0.13425978	0.08382831	0.01681049	0.38641712	0.08405245	0.25103664	0.100862935		0.03608652	0.08405245	0.03362098								0.30247673	0.06724196	0.60472935	0.03362098	0.2001569		0.33598566
NC_032773.1	5.5502367	0.10348537	0.25946644	0.81992257	0.08498279	1.4912865	0.7099828					0.45051634	0.048300344	0.16135973			0.749247	0.0552926		0.016135972		0.029905336	0.034423407		0.2211704				0.06454389	0.032271944					0.11295181															
NC_032774.1	0.123702034		0.033860046				0.11851016							0.033860046			0.033860046			0.01918736					0.033860046																									
NC_032779.1						0.13676773															0.32733074			0.11237748	0.012537042	0.020515159	0.017095966				0.13665375				0.034191933	0.17073171			0.034191933									0.102575794		
NC_032780.1	0.017142856		0.016483517				0.013626373																																											
NC_032782.1	8.705627	0.2943723	0.6086187											34.901417			4.802243	0.029515939					0.018496655	0.059031878				0.029515939	0.059031878					0.08697363		0.059031878		0.029515939							0.029515939		0.029515939			0.3872491
NC_032785.1	0.399666	0.027831895																																																
NC_032788.1	0.2476642	0.020638684		0.04183517									0.07669781		0.08367034			0.046018686				0.04183517		0.14558639	1.1815647	1.2503138	1.1712453	1.3963186	3.052573	0.84813833	1.9497977	0.37651652		0.4216985	1.6930693	0.32882443	0.053130664	1.5201507	0.4911449	0.37651652	0.04183517	0.6064705	1.0882722	1.0082276	0.89945614	0.90224516	4.897504	3.1504672	1.2114071	1.2874076
NC_032789.1	4.1546683	0.7840342					0.33167022						0.07127584					0.71275836									0.14255168		0.427655	0.3920171	0.20860061				0.054169636	0.07127584									0.3782371					
NC_032792.1												1.4275556						0.08888889		0.08888889		0.08888889																												
NC_032794.1	0.0956532	0.017669925	0.014607139	0.2603369	0.02167511	0.04994699	0.17669925					0.088349625					0.17669925							0.12368948	0.20850512	0.15196136	0.42407823		0.21156791		0.31664506				0.03533985			0.20685594												
NC_032795.1		0.017439833	0.6105104	0.019997675		0.034879666																	0.05301709	0.50412744	0.60062784	0.4380886	0.08719917	1.0361586	0.6296942	0.13951866	0.38530403	0.034879666	0.052319497	0.098825715	0.017439833	0.017439833		0.008138589	0.007208464	0.034879666	0.017439833	0.08719917	0.20927799	0.034879666	0.17439833	0.13114753	0.0347634	0.0347634	0.017439833	0.017439833
NC_032807.1																																												0.03280225						
NC_032809.1												0.03410001																																						
NC_032811.1																				0.47303092											0.038366057																			
NC_032823.1																											0.043883305		0.27580288		0.23731306																			
NC_032833.1	0.031378407																														0.018677624			0.018677624															0.11206575	
NC_032835.1	4.585781	0.8594565	0.12352457	0.32939884	7.740873								0.24704914																																		0.041174855			
NC_032838.1	0.34631148	0.01617774	0.06794651		0.01617774		0.009275237											0.12942192												0.06471096																				
NC_032842.1																																																		0.0045542526
NC_032845.1																								0.01633631		0.1796994				0.06534524																				
NC_032850.1	0.30165288			0.04752066								0.03443526						0.022268135							0.25826445								0.01721763																	
NC_032853.1																																						0.06012024												
NC_032855.1	1.7421992	0.13816926	0.45757052	0.22440991		0.81162924	1.9546344		0.030857801		0.011053541	0.031088082	0.08635578				0.15544042	0.72216463					0.13793898	0.034542315	0.13816926		0.034542315	0.7599309		0.034542315	0.34542313			0.017271157							0.029476108	0.017271157	0.034542315		0.010823258		0.051813472	0.034542315		
NC_032860.1	0.018146625		0.04597145		0.48076457							0.031817082												0.16743286		0.0193564	0.108879745	0.01838858		0.018146625	0.108637795	0.21630777		0.03629325	0.04645536	0.018146625						0.0725865				0.48995888		0.108879745		
NC_032863.1	1.8660969	0.16392724	0.91442037	0.06574622	0.21411352	0.03287311	0.049309663					0.06574622	0.016436554					0.09489371		0.11845277		0.13149244	0.016436554					0.040762655	0.049309663																					
NC_032867.1	0.0751503		0.022044089	0.03757515																																														
NC_032868.1	37.750805	2.351403	6.040597	2.232597	2.5892537	1.5281194	2.8298507				2.3049552	1.0671045	0.6131343	0.019104477			1.0595821	1.9658507		0.75152236		0.4721194	0.035820894	0.4472836	0.55044776	0.616597	0.3004179	0.17886567	1.0530149	0.12155224	0.8434627	0.035820894	0.010746269	0.33683583	0.053731345	0.10746269		0.5321791	0.1442388			0.2682985	0.017910447	0.25074628			0.35773134	0.2360597		0.27271643
NC_032871.1				0.03116316																																														
NC_032873.1	2.1206765	0.21142796	0.25111136	0.028190393			0.032527376				0.09758213	0.017347934			0.032527376		0.013878347	0.14528894				0.081318446	0.0396834	0.53605115	0.8619755	1.0019517	1.0614767	0.70259136	1.5490621	0.43825218	1.5861434	0.30749214	0.25067765	0.40659222	0.5436409	0.4228559	0.10126857	0.37851024	0.17478044	0.1463732	0.048791066	0.032527376	0.6579204	1.346525	0.2253063	0.29816762	0.5695544	3.4988616	1.3985687	0.83530307
NC_032874.1	58.964077	1.7676591	8.172141	3.868505	2.6251786	3.8462045	3.3246183	1.0185653		0.15313633	0.44380975	1.5954081	1.4527079	0.03185763		0.015818961	1.087224	5.2348676		0.63429636	0.23816325	0.5670658	0.25771722	1.5708008	1.0352631	2.787872	0.8340108	0.63912994	1.725585	0.8065473	2.1074371	0.3597715	0.09051961	0.31363288	0.46468198	0.69823134	0.4357904	0.4321652	0.3190157	0.065802485	0.032956168	0.032956168	0.45215863	0.803032	0.47588706	0.3581237	0.73657036	1.521806	1.2930902	1.8471932
NC_032875.1	7.4814334			0.03895092																																														
NC_032877.1	0.3143784		3.9574468	0.014311612		0.008396145											0.044270586	0.014311612		0.014311612			0.0076328595	0.073275454	0.090449385	0.06010877	0.028623223		0.21209808	0.013739147	0.035492796	0.03969087	0.14006297	0.07747352	0.14273447	0.23738194	0.02442515	0.085010976	0.059536304		0.0076328595	0.050376873	0.11182139	0.1288045	1.0478008		0.044461407	0.09884553	0.057246447	0.29596412
NC_032879.1	1.3074911			0.01783591																							0.025445897														0.03567182									0.03567182
NC_032880.1	1.2875028	1.1927118	0.7413369	1.9510396	3.5705342	0.4337134	2.1104405	0.061703555			0.0558909	0.24144869	0.40219092					1.2257992		0.3348983		1.5251509	2.06148	6.1314554	4.1788507	4.3107533	5.2302704	3.1947238	8.859826	11.20456	15.490722	6.110217	3.3802817	3.7353008	5.524033	5.444668	0.5088308	4.8947015	2.5703108	0.64833444	1.1737089	0.9546166	1.3433937	1.6568298	2.3404875	2.0545495	0.8133244	3.9915047	0.71540356	0.8902303
NC_032884.1	8.066806		0.034674063				1.913546											0.20781322																																
NC_032886.1	1.7066202																						0.2087108	0.034727063		0.01300813				0.15029036	0.034843206		0.018815331		0.17409988			0.021602787			0.22648084			0.081533104						
NC_032888.1	56.01975	1.2206053	7.159852	1.9158005	0.27361977	0.51628554	2.1186187	0.4035574	0.027027028			0.4137214	0.32594132				1.0791175	1.9747055		0.115384616		1.3674059	0.04296604	1.9883345	1.50693	1.3491569	2.2422037	1.1859552	2.6925387	1.0718411	1.6083391	0.6991222	0.28320628	0.94860244	0.9223839	0.9110649	0.26668978	2.343613	0.2044352		0.086625084	0.2083622	0.7733888	0.8967429	0.7193347	0.5370755	3.7319243	0.4204204	0.22337723	0.14067914
NC_032890.1	3.6711233	0.17643549	0.7981378	0.10695953		0.2642951	0.08296526	0.011459949				0.10695953						0.3044049		0.011459949			0.057061	0.0126536945	0.23278023	0.10134893	0.3044049	0.42974812	0.6012893		0.3335323	0.10743703	0.035812344	0.0631491	0.14324938	0.10743703	0.017906172	0.40014324	0.19637102	0.07162469		0.1253432	0.31884924	0.7189925	0.053718515	0.07043094	0.07568342	0.3139549	0.19696788	0.2978393
NC_032891.1	0.01826484																																																	
NC_032892.1	4.1661634	0.06709158	0.3006821	0.5869395	0.55350554	0.064855196	3.839763	0.06552611				0.13418315	0.03354579				0.13351224	0.20127474				0.016772894		0.029073019	0.03354579	0.016772894	0.03354579	0.56245106	0.24667338	0.3354579	0.9994409		0.06709158	0.054567818	0.050318684	0.08386447	0.008274628						0.03354579	0.016772894	0.7044616	0.18450184		0.3737001	0.06686794	0.28469193
NC_032894.1	0.4576402																																												2.1482868					
NC_032895.1																								0.91939926		0.075093865			0.9011264	0.15018773	0.15018773	0.18773466	0.020025032		0.33742177	0.037546933								0.17521903		0.066082604		0.075093865		0.075093865
NC_032898.1																		0.03622751							0.018113755	0.03622751		0.07245502	0.14478928	0.09056877	0.045405146			0.03622751	0.07245502	0.054341264		0.03622751	0.32544377		0.03622751		0.07245502				0.04782031		0.30769232	
NC_032900.1	1.6990803																																																	
NC_032901.1							3.1914895																																											
NC_032904.1				0.74492097																0.023927765																														
NC_032905.1	1.3349613																							0.015262515		0.24420024										0.025030525			0.18315019	0.2899878		0.4575702	0.2440985	0.54029304	4.532967	1.0373423	3.276455	1.6823362	0.36630037	0.034391534
NC_032906.1	0.026096737						0.01687289											0.03374578							0.05061867	0.009448819		0.10269966			0.12688413	0.026996626		0.009448819																
NC_032917.1		0.042289257					0.46489993																								0.042289257											0.35903582	0.042289257	0.042289257	0.097547226	0.084578514	0.045672398	0.3574852	0.20468001	0.29320553
NC_032921.1	0.3071298	0.102833636					0.010054844						0.01416819			0.06855576		0.015996344						0.23206124	0.39351004	0.03427788	0.048674587	0.5441042	0.12865631	0.11231718	0.06855576		0.03427788		0.04227605	0.03416362			0.05130256			0.09369287	0.0856947	0.6909278	1.0674132	0.13962522	0.0856947	1.172989	0.6625914	0.8848263
NC_032935.1																									0.057528958					0.13030888	0.0144787645																			
NC_032936.1	0.23866856		0.19971672	0.053116146	7.754249																				0.10623229	0.45254958				0.10623229	0.075779036			0.15934844																
NC_032939.1	55.05635	0.9763733	2.3366804	3.4413466	0.36739516	0.33809805	3.0344949	0.121677496		0.008505612		0.35912582	0.051978737	0.026934436		0.061665684		0.4564678		0.11364442	0.16077968	0.147785		0.62492615	0.25729474	0.26308328	0.3813349	0.2176019	1.8923804	0.12711164	0.63154167		0.4243355	0.2596574	0.035440046	0.34400472	0.011577082	0.5467218	0.0151210865	0.021736562		0.05316007	0.23036031		0.08860012	0.124040164		0.14176019	0.19492026	0.14176019
NC_032940.1	0.03653889																																																	
NC_032946.1	0.47916666	0.23347701		0.01795977									0.03591954					0.03591954				0.01460728				0.7541906													0.07183908	0.07183908										0.06273946
NC_032947.1	1.4211267	0.3674776		1.4055058		0.05761844	0.13777208	0.5814341				0.03841229	0.06939821					0.30179256		0.13431498				0.07682458	0.26888603		0.15364917		0.21049936	0.063508324					0.17272727	0.17285532		0.11523688					0.03841229	0.15364917			0.9169014	0.23047376		
NC_032953.1																																							1.2847645	0.033240996		0.06648199			0.71257615			0.06648199	0.09950139	
NC_032962.1																																													0.99941105			1.0877503	0.17667845	0.4116608
NC_032963.1	0.368801		0.25015694			0.42906466	0.02354049						0.09400502				0.81277466							0.05021971		0.09039548	0.16478343			0.09416196																				
NC_032965.1	0.011978221																																																	
NC_032968.1			0.016963528						0.0055131465			0.016115353					0.008481764																																	
NC_032970.1							0.06475286																	0.06475286	0.06475286					0.19425859	0.34966543																			
NC_032978.1	0.015137804																																																	
NC_032981.1							0.098337345											0.14767009																														0.09844673		0.5066725
NC_032988.1	0.0815822				0.32014832													0.16810878																		0.057272352												0.061804697		
NC_032991.1						0.77110887													0.7166836								0.2670397			0.07629705																				
NC_032992.1	0.011418048																																																	
NC_033000.1	0.10928179	0.008828442																		0.010260081								0.03579098																						
NC_033003.1	14.015781	0.26678953	0.63541067	2.0460777	2.8911417	1.4163115	2.0656607	1.1682986				0.084552474	0.051837347			0.044464923	0.1309757	0.7648888		0.35272434	0.07925354	0.10713051	0.10597857	0.29650962	0.06911646	0.10805207	0.051837347	0.051837347	0.55442923	0.06911646	0.30537957	0.06911646			0.16657068		0.06911646	0.05621472	0.051837347		0.10067964	0.1817763	0.17279115		1.7790577	3.0761433	1.0535653	0.2285451	0.10885843	0.20262642
NC_033011.1																														0.06148468	0.04277195					0.24676126														
NC_033016.1																						0.42016807																												
NC_033028.1	3.8896277											0.5984042						0.049867023							0.099734046							0.053856384				0.07247341													0.15026596	
NC_033042.1	2.9765987		0.12244898	0.040816326	0.1077551		0.64				0.08163265						0.2585034	0.08163265				0.08163265			0.1632653	0.1632653	0.040816326	0.08163265	1.3814965	0.017414967		0.040816326				0.85387754														
NC_033045.1																		0.016968327																																
NC_033050.1	6.471642	0.08056602	0.73091406				0.048841722						0.2738788					0.102704555				0.03423485	0.03423485								0.20540911						0.019171517								10.398151		0.017117426			
NC_033052.1	0.8338862			0.07655014			0.45904568																						0.45853534	0.0752743			0.10130135																	
NC_033062.1	9.835601	0.1367326	2.4364924	0.5489882	0.44403794	0.16508517	1.032697					0.027552303	0.05144621	0.034297474			0.2469418	0.6622842		0.22750658	0.34297472	0.120041154		0.6857208	0.24122557	0.049045388	0.20578484	0.20578484	0.07111009	0.034297474	0.21630274	0.10289242	0.08574368	0.009603293	0.054418657							0.03418315	0.03418315	0.10266377	0.034297474			0.10289242		
NC_033063.1																										0.062344704													0.033657104											
NC_033069.1	1.5679305	0.08054989	0.032219954	0.089141876	0.07947589	0.08226828						0.07646869						0.016109977						0.29298678	0.058855116	0.08044249	0.04822253	0.62893355	1.0941896	0.4190742	1.0565997	0.22919127	0.1449898	0.119213834	0.0749651	1.0452154	0.08054989	0.1448824	0.12855762		0.06443991	0.007947589	0.123509824	0.2855762	0.62367094	0.41177103	0.19160134	1.1114811	0.032219954	0.31060037
NC_033076.1	2.985111		0.5730915	0.15971847		0.18787223	1.3800758					0.146183		0.37628588			0.14076881			0.041147806									0.081212774		0.09745533																	0.19707634		
NC_033077.1	0.7521172	0.1029984	9.191806			0.04074159																0.171664					0.0686656																							
NC_033080.1	1.7727123		1.041325			0.0069968295						0.03279764	0.011588499					0.01639882													0.03345359																			
NC_033087.1	0.029986054	0.010692701	0.008600651				0.012319852										0.012784751	0.010925151	0.010460251																															
NC_033096.1	8.266204	0.7265625	0.9997106	1.254051			0.7280093				0.16087963	0.5815972	0.4175347				0.19936343	0.6461227		0.11111111	2.0451388	0.08912037	0.1736111	0.46122685	0.26041666	0.08680555		0.043402776	0.23958333	0.05150463	0.2170139				0.7378472	0.08622685		0.1736111				0.04398148			0.1261574					
NC_033109.1	5.2829	0.22631977	0.03132104	0.15155342			0.530437			0.62086385		0.15155342	0.26370296	0.024753725				0.56832534			1.0838596			0.057085123			0.037888356	0.15155342			0.10911846					0.15155342						0.22733013					0.18969436	0.3778732		
NC_033111.1	0.016587187																0.05142028																																	
NC_033113.1	0.031357683																												1.0596141							0.23259822				0.41350794										
NC_033116.1	0.03972771																	0.016739203																																
NC_033118.1	0.13874264																																																	
NC_033123.1								0.11870219	0.06489053								0.017409654																																	
NC_033124.1	0.6884667	0.4871099	0.12645862	0.24640433	0.6868385	0.08222524						0.12211669						0.3256445			0.16282225	0.04070556				0.17584804		0.13242877			0.04070556							0.008683854								0.04070556				
NC_033126.1	7.682075	0.903255	4.810918	0.7694394	1.8024412	0.38867542	0.94134265					0.18354431	0.18015371	0.9112794			0.067811936	0.32199368		0.058318265		0.29679024	0.033905968	0.516953	0.24050634	0.18874322	0.2920434	0.2920434	0.38381556	0.08476492	0.06238698	0.016952984	0.016952984	0.067811936	0.033905968	0.035262205	0.3596293	0.033905968		0.05074593			0.11776673	0.238698		0.033905968	0.12816456	0.11867089		0.0431736
NC_033127.1																													0.033553295																			0.06710659		
NC_033133.1	0.0318498						0.03084402																				0.02514458																							
NC_033135.1	0.026533997																	0.025870647							0.09950249			0.09950249	0.3482587	0.09950249	0.29751244		0.09950249					0.09950249			0.19900498		0.19900498				0.056384742	0.5300166	0.09950249	
NC_033141.1																	0.109948516								0.19930243		0.024912804			0.09965122					0.09965122															
NC_033143.1	2.3027246	0.056004036	0.4162462		0.08930373		0.10998991	0.2038345				0.46972755						0.07568113					0.037840564					0.035822403			0.18920283											0.15136226				0.07568113	0.49798185			0.061553985
NC_033147.1																								0.019602718				0.22608468	0.2156299									0.019602718			0.039205436		0.019602718				0.058808155	0.2156299	0.019602718	
NC_033148.1	15.112997			0.04659007														0.01581111						0.22673132			0.027827553			0.021292295	0.07378518									0.03162222			0.06324444							
NC_033150.1		0.050273225																0.09107468																																
NC_033153.1																									0.015544041																									
NC_033155.1	18.926067	1.3523369	0.55479455	0.7832393	0.8096293	0.51893634	1.3350121			7.5515714	0.026994359	0.7085012	0.0906527				1.0834005	2.588034	0.95185333	0.026188558		0.6089847		0.18734892	0.9667607		0.1813054	0.3626108	0.93473005	0.24174052	0.042304594	0.01772764	0.1813054		0.15108784		0.1629734	0.028605962	0.056809027				0.22320709	0.030217566	0.0914585		0.0455278	0.12087026		
NC_033160.1	0.016329197																																																	
NC_033161.1	13.297163	1.9111111	10.822695	2.1141844	0.6468085	1.8635933	0.035460994	0.10638298					0.07092199					0.08888889				0.14184397		0.11914894	0.0572104		0.090307325	0.31914893	0.035460994	0.14184397	0.18345153					0.21465722														
NC_033178.1	0.08705746																							0.17237377											0.019733023															
NC_033185.1	12.46472	0.15567257	0.50435615	0.68425083		0.014360938	0.18736237					0.114887506	0.21541408				0.043082815	0.12924844		0.0077549065		0.20335089			0.028721876			0.014360938			0.043082815												0.057443753							
NC_033186.1	0.11686807	0.02582354																0.049660653							0.29796392																									
NC_033187.1	2.300253	0.25302222	0.22097273	0.86364913	0.32611752	0.2592072	0.35648018					0.24290133					0.042170368	0.8310374	0.03542311		0.08602755	0.027551306																					0.042170368							
NC_033190.1																																																		0.033134814
NC_033191.1		0.082621865	0.16524373		4.757918		0.9501515											0.082621865			0.041310932									0.082621865									0.082621865											
NC_033193.1																				0.021119324																0.026399156														
NC_033200.1	7.023698	0.22182125	1.2368579	0.37002286	0.37892458	0.34776855	0.29820764			1.5211115		0.9853242	0.05413208				0.008661133	0.7398051		0.4691447		0.12173704	0.3819319	0.71923494	0.31011668	0.072176106	0.15878744	0.26753277	0.34067124	0.38325515	0.7152653	0.18019968	0.036088053	0.03488512		0.43293637		0.089859255	0.036088053	0.018044027		0.011067004	0.14435221	0.12630819	0.072176106	0.18044028	0.072176106	0.28605798	0.072176106	0.05413208
NC_033213.1	0.27889475	0.12762068		0.038490485	0.20030104	0.03010429					0.009246318	0.09676379	0.011181593							0.13955489	0.03763036	0.011611654	0.0068809805				0.07848618									0.032254595														
NC_033218.1	0.107778236			0.031030202			0.016549442																																									0.8067853	0.062060405	0.0614398
NC_033219.1	0.07801124																																																	
NC_033220.1		0.08253359																																																
NC_033221.1	0.007911772	0.03931911	0.038360104	0.0359626	2.1819708		0.017741548						0.2877008			0.017741548		0.7552146		0.019180052		0.0359626	0.0719252	0.0179813	0.0359626	0.011508032			0.053464398	0.0179813					0.0179813		0.041237112													
NC_033224.1																								0.15568241	0.031136481				0.031032693						0.04670472															
NC_033226.1	24.911736	2.1165638	9.156317	1.5426165	2.9413812	1.3066816	1.5485682			0.012577204	0.17428412	3.0259404	1.5573274	0.43200448	0.0059517124	0.2571589	1.2343627	7.085233		0.76002246	0.9203818	1.6016845	0.2914093	1.4498596	1.27726	2.0023582	0.50028074	0.8672656	0.8259405	0.28635597	0.92857945	0.5140932	0.17203818	0.13250983	0.5556429	0.15160023	0.13453116	0.42403144	0.24862437		0.15148793	0.06737788	0.1428411	0.25491297	0.5559798	0.47164515	0.2382931	2.1629422	0.06737788	0.83694553
NC_033228.1	82.7207	2.3479252	19.238829	2.2396262	9.23005	0.27211583	1.504218					1.8987688	1.0257638				0.08549932	0.9127907		0.10373917	0.0035339717	2.0157318	1.0142499	0.008207934	0.6762426		0.119699046	0.35909712	0.80950755	0.44436845	0.376083	0.10259918	0.08549932	0.017099863	1.5216599	0.091883264			0.034199726			0.18809849			0.034199726	0.0248518			0.05129959	
NC_033231.1	0.089655176																									0.1061008																								
NC_033237.1	0.39092383				0.04667747																																													
NC_033241.1	3.0135567	0.036973134	1.4027606	0.1109194	0.029578507	0.12940596	0.76731575			0.16736504		0.7097609	0.15799852					0.4436776		0.03426177		0.016761154		0.12940596	0.018486567	0.3327582			0.16391422		0.04633966		0.036973134															0.036973134	0.1109194	
NC_033246.1							0.033696506																																											
NC_033248.1	0.04040404		0.05132405					0.016926017														0.017472018																									0.03712804			
NC_033254.1												0.10140274																																						
NC_033258.1	0.78754383		0.42841735	0.66729575									0.04044217				0.031275276					0.04044217									0.020221084																			
NC_033263.1																								0.21403371	0.64523715											0.05880047				0.76440614					0.026460212			0.012152097		0.23520188
NC_033266.1	5.919247	0.13366006	4.154155	0.6322121	0.09255959	0.05012252	0.7897082					0.76030296	0.11138338					0.05012252						0.040320784																										
NC_033270.1	0.22118525		0.49183387		1.0013999	0.27904806	0.08959403						0.097060196									0.10079328	0.0695287																											
NC_033280.1						0.10326594	0.1866252						0.1866252	0.15863141		0.11570762	0.06407465	0.41990668		0.16360809		0.21088646							0.0933126		0.2799378																			
NC_033281.1						1.6042781	4.3071046						0.45836517				0.22918259					1.2253629																												
NC_033426.1	0.32572195			0.23483323			0.0241773							1.5661517												0.013879561	0.24871278		0.06514439																			0.033579584		
NC_033428.1																														0.04997501																				
NC_033429.1		1.566339		0.03071253	0.036036037		0.06142506										0.5708436	0.09213759							0.15397215	0.46068797	0.21498771	0.09418509	0.24365275	0.06142506		0.12285012			0.06142506		0.06142506	0.27641279	0.045249794	0.18427518				0.03071253			1.5135136		0.42669943	0.44348896
NC_033430.1	0.050933786	0.050933786																						0.061120544					0.027843803																					
NC_033432.1																																													0.38946587					
NC_033433.1																		0.10115912						0.04355462											0.052687038															0.029504742
NC_033435.1	0.3315734		0.4223865																	1.1749384																														
NC_033438.1																								0.031652246	0.062460434	0.89512557				0.12660898	0.054019835								0.07343321	0.063093476										
NC_033439.1									0.385214												1.0160506						0.072957195		0.80228597	0.1848249	0.7876946	0.036478598		0.2188716	0.4742218	0.072957195									0.072957195					0.03696498
NC_033441.1																																0.05376344	0.1046595		0.18996416						0.32258064			0.16129032			0.04014337	0.17634408	0.039426524	
NC_033460.1																									0.015072348																					0.015072348				
NC_033482.1	8.227388	0.6019108	1.5111465	0.3955414	0.24394904	7.022293	0.04713376					0.40700638					0.044585988							0.09490446	0.1910828	0.17961784			0.3821656		0.041401275		0.0955414				0.2866242	0.17515923						0.3821656		0.1433121	0.8665605	0.1423567		0.030573249
NC_033483.1	18.801992	1.2540473	2.8848069	0.24408469	5.326899	0.07970112	1.3349937					0.2689913					0.46201745	4.016189	0.249066			1.0877957		0.37235367		2.3175592	0.48381072		0.6537983	0.1867995	0.8393524	0.1867995		0.4607721	0.373599				0.2901619			0.09339975	0.5603985		0.09339975	0.11083437	0.2403487	0.6537983		0.3455791
NC_033720.1	19.102787	0.9111514	0.25317317	0.18529011	0.6176337	0.05099728	0.18699002					0.3229828	0.05099728				1.2153219	0.3907525		0.8591342	0.017225748	0.537398		0.033998188		0.20342249					0.03388486								0.13599275										0.10199456	
NC_033722.1																0.020523846		0.08561376							0.029319782																									
NC_033733.1																									0.016142655			0.028155796																						
NC_033736.1		0.06793478										0.054347824																																				0.07155797		0.13496377
NC_033742.1			0.028233152																																															0.07832423
NC_033743.1									0.39184234																																									
NC_033747.1																																														0.13374944				0.6687472
NC_033774.1	0.009648828					0.017278133	0.017951308	0.013912263		0.008751262																																								
NC_033778.1			0.00020636502																																															
NC_033780.2													0.00028339773									0.00029722202																												
NC_034217.1			0.05958918																																													0.006304657		
NC_034266.1			0.00033294654																					0.0014688817		0.00052879745																								
NC_034973.1																0.04150344		0.031551085																																
NC_035137.1					0.082764894																	1.4324692	0.38744885			0.47748977		0.06821282			0.7976353						0.06821282	0.66393816						0.20463847	0.15097772		0.60391086	0.037289675	0.13642564	0.42564803
NC_035138.1			0.094979644																																											0.6105834		0.40705562		
NC_035139.1	0.032272525						0.027790228					0.20170327								0.20170327																														
NC_035197.1			0.26636156												0.10617849						0.032036614																													
NC_035201.1				0.008598228																																														
NC_035452.1	0.11092715		0.054635763				0.048013244					0.0227649			0.012831125											0.019039735	0.016970199						0.023178808										0.05339404	0.04387417	0.21688741			0.053807948		
NC_035457.1	0.008907563																						0.025210084	0.037815128	0.037815128		0.1764706			0.025210084	0.037731092												0.025210084	0.05042017						
NC_035477.1	2.1261344		0.16787659	0.47005445		2.0417423	1.5961888		0.030852994			0.71597093					2.8924682			0.13611615		0.12522686																				0.27586207			0.06805807					
NC_035485.1															0.013931215																																			
NC_035486.1							0.01748095																																											
NC_035797.1										0.00057353085							0.0008602963																																	
NC_035798.1	0.009676305		0.3774911										0.012210575				0.0035710172	0.120953806		0.05252851																									0.31102407					
NC_036600.1									0.01305813																																									
NC_037062.1																																															0.13400182			
NC_037659.1															0.0035115099																																			
NC_037665.1															1.9583758e-05		3.7535538e-05					2.9375637e-05							4.787141e-05		2.5023692e-05												5.1679363e-05	5.766329e-05						
NC_037666.1																				1.5974512e-05				1.0483274e-05																										
NC_037667.1							3.1772197e-05					1.7330289e-05		1.0109335e-05			2.166286e-05			1.9737272e-05								1.5886098e-05																						
NC_038305.1																																								0.017584994										
NC_038357.1															0.011338582																																			
NC_038369.1																																						0.00045652836												
NC_038393.1			0.08752117																																			0.03500847					0.05533597				0.16939582			
NC_038401.1																																						0.03427308												
NC_038408.1		0.07155026																																																
NC_038425.1												0.0077641383	0.0080789																0.010282237																					
NC_038479.1	0.05272727																																																	
NC_038480.1		0.04103967																																																
NC_038487.1																																																		0.9995555
NC_038489.1																																																		0.13452914
NC_038490.1							0.06914153																																											
NC_038491.1																	0.028832952																																	
NC_038492.1									0.9373832																																									
NC_038494.1	0.03576218																																																	
NC_038495.1	1.8571428	0.12807882	1.8410211	0.064487234								0.037617553										0.064487234				6.1213613		0.04567846							0.0367219				0.59829825			0.8732647	1.343484				0.34303626	0.671742	0.1343484	3.8486342
NC_038496.1		0.07112376																																																
NC_038497.1	0.2870118	0.12806539	0.5449591			0.297911	2.0540419				0.06811989	0.20345141					0.06811989						0.05540418	0.5449591		0.50499547	0.13623978	0.40871936	0.83197093		0.13623978		1.1580381		0.1435059				0.06811989						0.10808356	0.13623978	0.13623978	0.20254314	0.20980926	0.58446866
NC_038498.1	0.66406924		0.1922078		0.06839827									0.11082251										0.062337663																										0.03809524
NC_038500.1			0.05055055																																															
NC_038501.1						0.072072074																																								1.9144144				
NC_038532.1															0.008316832									0.017425742																			0.014257425							
NC_038537.1			12.626828	0.03134141																																														
NC_038538.1											0.12037213																																0.056958422							
NC_038553.1															0.00017103784																																			
NC_038690.1	9.028256	0.3065134	0.17720306		1.0057471	0.057471264	0.40229884			0.8855364		0.16091955	0.26005748	0.046934865			0.21264368	1.362069		0.07471264		0.07183908		0.36302683				0.07662835	0.050287355		0.11781609				0.102490425					0.21551724							0.31609195			
NC_038693.1	10.050251	0.12479062				0.3400335	0.5695142											0.37688443																																
NC_038701.1	0.62650603	0.12048193	27.298796	0.12048193																	0.049799196							0.12048193	2.4273093					0.12048193									0.96385545							
NC_038828.1	0.01982851						0.035369776										0.021972133											0.016613076																						
NC_038835.1																																														0.01916758				
NC_038838.1																0.019541206																																		
NC_038842.1															0.019686801	0.02147651										0.010290828																								
NC_038882.1																0.009896864																																		
NC_038927.1	0.17777778																																																	
NC_038932.1							0.04274062								0.007177814	0.015008156			0.01141925		0.008156607					0.028711256																								
NC_038933.1																																																		0.027929155
NC_039034.1													0.010475819									0.002746539						0.001345433	0.0013547118									0.00095572136						0.0027372602						
NC_039089.1																												0.0043657226																						
NC_040312.1																												0.054015126																						
NC_040319.1																						0.015196078		0.030392157																										
NC_040330.1	0.20612061	0.03330333			0.02790279		0.06480648																																											
NC_040339.1	0.04047059			0.04235294	0.14776471	0.22258824	0.9082353	4.1948237		0.13929412	0.038588237						0.047058824																																	
NC_040342.1							0.011485736																																											
NC_040354.1	0.06421233		0.15068494	0.18964042																0.29023972			0.09075342	1.4768835		0.08047945	0.057363015											0.017979452					0.06421233	0.029965753			0.32106164			1.2842466
NC_040355.1			0.042613637											0.060606062																																				
NC_040361.1																												0.0019670697																						
NC_040370.1																						0.27210885																												
NC_040372.1			0.055435255																																															
NC_040379.1	142.01712	5.468599	14.062802	6.3992095	9.539306	53.996048	96.359245	6.674133	1.3754941	1.1831357	7.961353	21.645147	7.3842773	2.7997365	0.80588496	1.1480018	52.28151			12.18621	0.43610013	29.310057	1.8397014	25.935442	2.5186648	43.191917	2.8572683	13.424682	35.77778		12.376812	1.3605621	7.5283265	6.469038	2.3860343	4.2854633	7.864734	52.432148	10.863856	0.33289415	0.486166	5.514273	13.203777	19.795784	15.137462	30.270092	9.270532	8.383399	1.805885	95.93061
NC_040391.1							0.018270945																																											
NC_040395.1							0.04743611																																											
NC_040397.1																													0.15075377																					
NC_040398.1			0.0785673																												0.08665511																			
NC_040525.1			0.16886064																										0.13617794																					
NC_040526.1							0.15581031																										0.91714436																	
NC_040536.1							0.0003874256																																											
NC_040594.1	0.016729869																	0.018514387																							0.05398171									
NC_040615.1				0.0014093122																				0.0008275961																										
NC_040625.1																													0.0016723184																					
NC_040662.1																												0.007763082																						
NC_040681.1							0.0003601896						0.0003728278															0.0004107425	0.0013017377																					
NC_040781.1																													0.120230004				0.1735494																	
NC_040782.1																																					0.31547618	0.20634921								0.04464286				
NC_040839.1	0.9485662					1.7888029	0.5025034													0.07737824	0.030040964			0.42694584				0.26308602	0.16249432				0.09285389						0.13654985						0.50159305		0.06827492			0.052799273
NC_041831.1	0.0011792032															0.00082186883											0.0015722709		0.0012149366								0.0013221368													
NC_041845.1			0.012917115																																															
NC_041854.1																																												0.0008670454						
NC_041866.1																															0.0014923804																	0.00065160275		
NC_041868.1																	0.0059590708																								0.001620449									
NC_041881.1										0.01150908																																								
NC_041914.1										0.0013042848																																								
NC_041915.1										0.0049949572																																								
NC_041925.1	0.014516012		0.006419141		0.017105551	0.001313006	0.031038005	0.1962397	0.0027354292	0.0054708584	0.0070756436	0.0027354292	0.0023707054	0.0011306441	0.042636223			0.0005835582	0.19279306			0.0027719017		0.0011306441						0.0054708584		0.0054708584		0.01159822	0.0011306441		0.0054708584	0.0012035889						0.0024436503	0.0047049383	0.008023926	0.18856226	0.0077686193		0.0037566563
NC_041954.1									0.02246157		0.019428065																																							
NC_041956.1									6.003875															0.00428251																										
NC_041957.1									0.11792213																																									
NC_041987.1									0.0012109565																																									
NC_041992.1										0.0069429786																																								
NC_041994.1																0.00044582508																														0.00023729399				
NC_042008.1																																				0.027550464														
NC_042013.1		0.0001345895			6.3216285e-05			0.00026102207		0.00012643257				0.00026102207		0.0004567886				0.00012643257		0.00027733593			0.00012643257					0.0001753742					0.00012643257			0.0004323178		0.00012643257			0.00020392348	0.0002569436		0.00012643257				
NC_042019.1																																														0.0004063489				
NC_042029.1			0.0018598164																																															
NC_042044.1									0.00045191214		0.00037659347								0.00024478574					0.0003891466																						0.0003891466				
NC_042056.1									0.00027311777					0.00024828888																																				
NC_042057.1	1.5809202	0.03555038	1.879208	0.41756552	2.9756553	0.2333838	0.44356436	2.7653115	7.862528	1.8393011	0.41626093	0.14867793	0.0255795	0.18320327	2.4973326	0.47419918	0.5310192	0.05744904	1.591124	0.26516017	0.20158416	0.42912057	0.15708794	0.01849738	0.0034711706	0.16617356	0.040629003	0.14912055	0.057076298	0.0069889342	0.074502036	0.029470006	0.14117648	0.08808387	0.0734537	0.015329062	0.03555038	0.13828771	0.09334886	0.0069889342	0.04249272	0.03652883	0.056377403	0.14672102	0.064810716	0.020594059	0.09258008	0.031403612	0.0069889342	0.080955155
NC_042091.1									0.0005524616																																									
NC_042095.1	0.00024882972																																																	
NC_042105.1																																																		0.0007711435
NC_042116.1							0.0027879835											8.7477216e-05																																
NC_042128.1	0.018236449	0.005210414		0.0009899787	0.0024836306										0.00062524964		0.002605207	0.004915157							0.0039078104				0.054770134			0.008927176	0.0039946507	0.008927176		0.031896416	0.0065824897		0.007919829	0.003412821		0.013199715	0.0078069367	0.0091182245	0.0091876965	0.002605207	0.14590895	0.02052903	0.042577766	0.031054066
NC_042135.1																																	0.002667922																	
NC_042322.1						0.0004400198																																												
NC_042335.1					0.0008938003																																													
NC_042344.1																										0.002778421																								
NC_042345.1																																															0.0021582346			
NC_043054.1															0.00018188168											0.0009385094			0.0010039868						0.0010185373															
NC_043100.1							0.010580645																																											
NC_043235.1	0.00010331083																									0.0021523088			6.887388e-05																					
NC_043307.1						0.0011474469																																												
NC_043314.1						0.0010574425			0.0011497026	0.010560231	0.0031226492					0.0013271259	0.0012277688	0.00090840703		0.0040026684		0.0052304375		0.00030516798		0.0031226492		0.0010503456	0.002129079									0.00023419868												
NC_043325.1						0.002064617	0.0041850344						0.02820713						0.008370069	0.0024831204					0.0021483176	0.0054126442		0.008370069	0.009318677			0.008370069		0.008342168		0.0041850344		0.016740138	0.004966241					0.006361252			0.00245522			
NC_043329.1				0.016330974			0.0206859			0.025818493				0.56497395					0.045415662	0.011353916	0.033439614	0.016019909	0.027062757	0.019597169		0.077611014		0.0040438604	0.012287114				0.009176453	0.03600591			0.0063768565	0.018352905								0.010420717				0.013220313
NC_043430.1	4.8812447				1.1056511		0.1932842						0.24570024					0.85995084		0.06388206				0.22276822	0.24570024				0.12285012	0.49140048			0.36855036				0.18673219		0.18345618				0.069615066							
NC_043515.1	31.362654	0.69765884	26.413712	0.93968785	0.7567447	0.38673356	0.16945374			0.0069119288		1.5433668	0.20512821	0.36744705	0.085507244		0.044370122	0.53534		0.27335563		0.6354515	0.041694537	0.84559643	0.17302118	0.23255296	0.050167225	0.117056854	0.6181717	0.1567447	0.58952063	0.03210702	0.5326644	0.41047937	0.19197324	0.65217394	0.24860647	0.07380156	0.03846154	0.050167225	0.016722407		0.050724637	0.016722407	1.1371237	0.033444814	0.030546265	0.183835	0.18662207	0.07625418
NC_043518.1	3.6621606	0.24954404	1.2763652	1.2962129	0.032185387	0.54350394	0.21628581					0.16146336					0.58362836	0.22873083		0.064370774	0.036047634	0.029395988	0.2094196	0.11264886			0.69198585		0.032185387			0.032185387				0.012015878	0.032185387													
NC_043519.1	5.5718083	0.0346901	15.428654		0.20814061		0.3839038					1.0559667	0.12708141	0.09181314			0.32955596	0.15610546	0.08672526	0.38020352	0.9357077	1.5716928	0.62419057	0.28515264	0.0346901	0.071230344	0.13852914	0.06891767	0.4701665		0.05296022		0.0346901	0.052035153			0.0346901													
NC_043530.1																			0.00024245364														0.00021551434																	
NC_043566.1		0.050290134																																									0.036750484		0.030947777					
NC_043572.1				0.031434186										0.05206287	0.026522594	0.02259332					0.02357564		0.13555992			0.02357564																								
NC_043574.1	0.03937008																																																	
NC_044937.1																																		0.0011972124																
NC_047709.1	0.00393692															0.0017000336																																		
NC_047710.1	0.002324832																																																	
NC_047713.1																													0.0005464236																					
NC_047715.1																	0.0017862255																																	
NC_047717.1	0.00035315764																																																	
NC_047718.1																								0.00058068265																										
NC_047733.1	0.0004088403																0.000385478		0.0013783758					0.00036211568																										
NC_047734.1																																													0.0012154976					
NC_047743.1							0.0019335519								0.004244382						0.0016977529																													
NC_047748.1		0.0016413997																																																
NC_047752.1															0.0020274527																																			
NC_047756.1																																						0.002328854												
NC_047759.1	0.004194019						0.0068380744																																											
NC_047762.1	0.0061522																																																	
NC_047765.1																											0.010089545																							
NC_047771.1														0.012510732																																				
NC_047777.1	0.018614579									0.3849743																																								
NC_047778.1	0.0035850003																																																	
NC_047804.1									0.014152514																																									
NC_047808.1	0.1480916									0.0036641222																																								
NC_047813.1	0.008465437	0.013479996	0.017146554	0.003343039	0.0017793594	0.006686078	0.006686078	0.010244797		0.003343039	0.020273913	0.0051223985		0.030303031	0.02717567	0.008896797	0.003343039	0.010029117	0.013372156	0.011700637	0.010029117	0.003343039	0.006686078	0.003343039	0.0050145583		0.010029117	0.023616953	0.016715195	0.0083575975	0.015259355	0.020058233	0.021837592	0.026959991	0.003343039	0.003343039	0.010029117	0.006686078		0.016715195	0.0050145583			0.006686078	0.026959991	0.010029117	0.018494554	0.013587835	0.003343039	0.003343039
NC_047818.1				0.0010137149																																														
NC_047829.1	0.05361147																																																	
NC_047838.1	0.00017566975	0.00046845264												0.0013468013		0.00043917436				0.00033182063					0.00043917436														0.00038061777											
NC_047856.1					0.007214268										0.0014250407	0.0016031708									0.0040079267								0.002315691																	
NC_047861.1	0.0009999468									0.008478273					0.0015956598																																			
NC_047864.1	0.0018320291						0.0045015574	0.0042398386	0.004710932					0.006176555	0.015022638	0.0066476483	0.0016749981		0.002355466							0.0026171845					0.0021460913		0.0022507787			0.0016749981														
NC_047867.1	0.002460604		0.0041882624	0.0018847181		0.0056541543			0.0074341656					0.0061253337	0.025496047	0.011517721	0.001675305		0.0054970942		0.0034553164											0.006491807	0.0066488665					0.0028270772				0.0020417778								
NC_047877.1																																																	0.0048363693	
NC_047879.1																																																	0.004986702	
NC_047886.1																																		0.0033879727																
NC_047895.1					0.0015531451				0.023873344						0.03141361	0.0017034495	0.0062125805		0.002204464	0.0019038554		0.0015531451	0.005811769					0.003507102	0.006613392			0.0017034495	0.003757609						0.0019038554											
NC_047901.1																					0.000406915																													
NC_047906.1														0.001632082			0.0020051294			0.0014921894																									0.0031242713					
NC_047923.1	0.007598399	0.0075224154			0.0038245276	0.007598399	0.007649055		0.0025327997				0.006838559	0.012056127	0.012132111	0.0060280636	0.0050149434		0.0023301758	0.0016716479		0.0037991996	0.0034446076	0.0019249278				0.0033432958				0.0015703358	0.0033432958				0.0019755838	0.006838559						0.0018236159					0.0022795198	0.0010891039
NC_047939.1	0.015325874	0.006310654	0.01580315	0.0329851	0.0028636581	0.007954606	0.029962348	0.005886408	0.071299784	0.0037121493	0.04894734	0.017606193	0.007212176	0.008644005	0.070212655	0.027708543	0.021026675		0.034708597	0.013151615	0.052739035	0.0076364214	0.018905446	0.015431935	0.0041894256	0.017818317	0.0030227501	0.011189478					0.01575012	0.0054091318	0.006708384	0.011666755	0.0017500132	0.002174259						0.005515193						0.006469746
NC_047940.1	0.021834517	0.010551609	0.052522983	0.12638424	0.032934602	0.028781863	0.15386021	0.22531864	0.2082898	0.0024028416	0.055187006	0.02507313	0.05607501	0.028625157	0.15657647	0.1696615	0.2337547	0.0022983702	0.029722106	0.09815086	0.050067905	0.05450794	0.09151693	0.043956332	0.008984538	0.04831801	0.0147827	0.0450794	0.0447921		0.0039176764	0.011961972	0.035807565	0.010917258	0.017760133	0.022618053	0.015670706	0.058895737				0.0018804847	0.002350606	0.007835353	0.004022148	0.01175303				0.037139572
NC_047942.1									0.030790903		0.0023646608	0.0034715235		0.014313745			0.0035721473			0.0039243307	0.005484001	0.06600926																												
NC_047944.1						0.011875485																																												
NC_047949.1																																					0.0013148776													
NC_047950.1																																							0.007542833											
NC_047958.1	0.003076923																																																	
NC_047970.1							0.0021213617																																											
NC_047977.1												0.00063422567	0.00065468455																																	0.00065468455				
NC_048004.1	0.0317354	0.0017001107	0.009685479				0.0064398134	0.0016485923	0.12874475		0.005976147	0.008449036	0.0039154068	0.0019577034	0.013291775	0.022307513	0.018031478	0.0050488138	0.006697406			0.0076762578	0.0054609617			0.0018546663		0.0021637774	0.0021637774		0.0054609617	0.006079184	0.009479405	0.00082429615	0.005667036	0.0043275547		0.0025244069						0.0043275547	0.0016485923	0.0017516293				
NC_048015.1							0.000532593												0.00024363297										0.00028329415																					
NC_048016.1																												0.0002857726																						
NC_048023.1	0.045286436																																																	
NC_048026.1	0.0013633266															0.0033423488																																		
NC_048031.1	0.010376897					0.0030347528									0.004992658		0.003132648																			0.005482134														
NC_048033.1															0.0053010737																																			
NC_048034.1	0.005739796						0.0013818027										0.0022675737																									0.0032596372								
NC_048047.1					0.00043441565	0.00020479594	0.00021100188			0.00019238408			0.0004592394	0.00019859002		0.00041579784				0.00074471254													9.929501e-05		0.00021720782									9.929501e-05			0.00025444344			0.0002606494
NC_048048.2																						0.00019528235																												
NC_048049.1	0.0033962515						0.0005853702			0.00028164036						0.00022641676																		0.00035343104																
NC_048050.1									0.0020022967					0.0020611878																																				
NC_048055.1			0.058049537																																															
NC_048058.1																																																		0.004257657
NC_048067.1	0.027887493																																																	
NC_048078.1	0.017954465			0.00219019	0.00809861		0.006672439		0.013243009		0.005399073	0.0056537464		0.010365201	0.042632304	0.027453776	0.036010798		0.0045331838	0.0064687007		0.028829012	0.0048387917	0.0052972035					0.007945806		0.007742067	0.0026740693	0.007665665						0.006163093							0.00219019				
NC_048079.1	0.006270385	0.012186796	0.01466461	0.002932922	0.0016181639				0.022249753	0.0053096004	0.0074334405	0.00723117	0.0023766782	0.0024778135	0.07243812	0.011883391	0.020227049		0.012085661	0.0066749263	0.002275543	0.014184218	0.010619201	0.006422088	0.002528381	0.002275543	0.0016181639	0.001871002	0.013804961			0.0024778135	0.012490203	0.0021238402	0.0017698668			0.0022249753				0.002680084		0.004399383		0.0016181639				
NC_048082.1			0.006771539	0.0053130533			0.010469841	0.017762266	0.01890822	0.0031253255	0.008803001	0.01010522	0.006563184	0.017137202	0.01932493	0.017293468	0.037373684		0.008959266	0.0029169705		0.009480154	0.019533284	0.0022919055		0.0089071775		0.010313574	0.001979373		0.006927805		0.0077872695		0.004479633	0.0024481716										0.0018231065				
NC_048086.1	0.0010918494			0.0016856623	0.0068575805											0.00091945217	0.00067043386																																	
NC_048087.1																															0.00066767033																			
NC_048099.1									0.0008090404																																									
NC_048102.1	0.0010600372					0.0005300186																																												
NC_048111.1	0.04303852																																																	
NC_048136.1	0.022617044																																																	
NC_048163.1		0.0009864428	0.023168758	0.006323351		0.0029846216	0.008043302	0.0017199514	0.04674221	0.0034904897	0.011255564	0.019071227	0.004451639	0.0074109673	0.03611898	0.019627681	0.011584379		0.019931203	0.0027316876	0.0017705383	0.0073603806	0.0092573855	0.009156212		0.003895184			0.0016693646		0.002883448		0.01196378		0.007335087	0.0027316876		0.011432619	0.0016187779						0.002074059	0.0016693646				
NC_048164.1	0.003698225		0.009861933	0.0033284023			0.003944773	0.007642998	0.14383014		0.0027736686			0.0034516766	0.02345291	0.001540927	0.004746055		0.0057322485			0.009861933		0.0033284023	0.003020217				0.0024654833				0.002280572			0.0019723866								0.0020956607	0.0048076925					
NC_048171.1	0.0042048255		0.019857343				0.003302219																				0.002773864				0.0014529764					0.0042268406														
NC_048180.1													0.0062409504	0.0074891406																				0.0023965251																
NC_048183.1	0.023168515	0.0039211935	0.025918134	0.0026778884	0.010042081	0.0014824024	0.0021518746		0.0035864576	0.014967483		0.005164499			0.014632747	0.013150345	0.0021518746			0.004829763	0.01439365	0.008033665			0.0021518746	0.0023431522		0.0020562357	0.0015780414		0.002199694														0.0021040551					
NC_048184.1	0.029720316		0.0041794195	0.0017308707	0.0132770445	0.0017308707	0.0014775726		0.0007387863			0.0119472295			0.011778364	0.0024485488	0.0013509234		0.0014353562			0.010680739							0.003166227		0.0028707124			0.0013720316		0.004221636	0.0006543536												0.0035039578	
NC_048187.1																								0.0016677947																										
NC_048188.1																																				0.0010009765														
NC_048189.1																							0.0009957432												0.0011699983															
NC_048190.1																																	0.0005200454																	
NC_048191.1																																											0.00043553466							
NC_048193.1			0.0032792208																																															
NC_048198.1																													0.0013159012																					
NC_048639.1												0.0019216096																																						
NC_048656.1		0.0012547221		0.00043406605							0.00077318016																												0.0006104054				0.00042050148							
NC_048659.1	0.0014254791																																																	
NC_048660.1									0.012126313					0.0004690496		0.0004276629													0.0010346683				0.0063804546	0.004014513		0.0020693366														
NC_048668.1																																					0.00013404583						0.000492709							
NC_048673.1	0.00033053683																																																	
NC_048674.1	0.0003304003														0.00035648455		0.00027823183																														0.00034778978			
NC_048682.1									0.0032313613												0.0010428173						0.0006174576		0.006174576			0.00048024478														0.0011114236				
NC_048694.1					0.00038649832																																									0.00049190695				
NC_048700.1								0.0050896457	0.001954424	0.003175939						0.0019001344	0.0014115284			0.00089577766				0.0020630031							0.0008414881																			
NC_048704.1	0.0034358266																																																	
NC_048706.1				0.0017341166																																														
NC_048722.1			0.0004661409																	0.0005262881	0.004593743					0.0004962145														0.0005563617										
NC_048741.1									0.0004547741																																									
NC_048773.1										0.0023514552						0.005072147																																		
NC_048774.1										0.012052471				0.0018246375		0.003037775																																		
NC_048775.1									0.0003490473	0.0064060446				0.0006980946		0.0046710745			0.0004003778																															
NC_048776.1										0.0037147405						0.0015001837																																		
NC_048802.1			0.00025099615																																															
NC_048804.1			0.0018629541																						0.00042510362																				0.00024380942					
NC_048807.1		0.0017716415		0.0017241263		0.0016290956					0.0011267911				0.08070812							0.0005837593					0.00059733505																			0.0004751529				
NC_048828.1				0.0004165491					0.00042998616																																									
NC_048831.1	0.0029977912																																																	
NC_048835.1															0.017717153																																			
NC_048836.1															0.01807998																																			
NC_048838.1										0.001922028				0.0041557364																																				
NC_048839.1															0.007814549																																			
NC_048840.1															0.0057047154																																			
NC_048849.1	0.0009261165													0.0005716768	0.0004001738																																			
NC_048873.1									0.000674548																				0.015646731																					
NC_048874.1																															0.0070702606																			
NC_049342.1	0.52512825	0.030347891	0.6141045	0.11146277	0.098649785	0.038413435	0.038336866	0.29561755	1.2204242	0.510937	0.011536793	0.047729652	0.0017866715	0.005819444	0.4035325	0.042829067	0.15449603	0.022027107	0.12279537	0.1699635	0.011230506	0.08877204	0.0018377192	0.0055131577	0.0037775338		0.0019398147	0.0026289595			0.0010720028		0.025268639	0.0022461012			0.011026315	0.0076571633	0.0076571633	0.0016335282	0.0029607697	0.012736415	0.007299829	0.024247684	0.004747441		0.039791726		0.0034712474	0.0038285817
NC_049343.1				0.018159257	0.009079629		0.04191762					0.022668805								0.059017584		0.009019097			0.009079629																									
NC_049344.1																				0.015166432									0.0039645582																					
NC_049388.1																	0.00933126																																	
NC_049448.1	0.0038343172		0.010292115	0.0055496697			0.007113667	0.0041874778	0.019423844		0.023232935		0.0020180617			0.04240452			0.01342011	0.011250693		0.0016144493		0.0029766408	0.01407598	0.0022703193	0.007567731							0.0033298018						0.0074163764				0.0029766408						
NC_049451.1		0.00984154			0.0025189654	0.01982953			0.007322574	0.015465276	0.002577546	0.0019331595	0.001874579	0.025365397			0.017574178									0.002167482			0.007498316	0.006736768			0.0026947071								0.00497935							0.001874579		
NC_049453.1		0.0059867986			0.003325999	0.00782889					0.0059867986			0.02737553		0.0048099062			0.0015862457				0.0015862457						0.0019955994				0.002353784		0.003070153		0.0012792305		0.0025072915					0.0035818452	0.0017909226		0.00260963	0.0016885841		
NC_049454.1	0.004432755		0.01442123	0.0065013743		0.0019504123	0.0068559945	0.0062058573	0.014125713	0.0024823428	0.015012264	0.0025414464				0.0050828927	0.003841721	0.002068619	0.0030733768		0.0036053075	0.0033688939		0.0017731021								0.00097520615								0.0044918586				0.0030733768	0.0021277224			0.0044032033		
NC_049462.1			0.0005705555						0.0006085926												0.00040572838	0.00048180245																												
NC_049463.1	0.0012591981																																																	
NC_049464.1			0.00018502271	0.00039391933								0.00018502271	0.00018502271																					0.00018502271			0.00022083355												0.00018502271	0.00020889661
NC_049467.1				0.00052350096							0.0010752992																																							
NC_049472.1			0.00038558414						0.0005970335																																									
NC_049494.1										0.00019238863																																								
NC_049850.1									0.00013650066		0.00063700305										0.00031091817					0.00015545909														0.00025783456					0.0003033348	0.00047016892	0.00054600264			0.0002502512
NC_049851.1					0.00012944837			0.0004797204	0.001111733	0.00027412595			0.00030458436						0.0009670554			0.00029696975																												
NC_049919.1																																																0.00438568		
NC_049920.1																																																0.0042829486		
NC_049922.1	0.11233326		0.040590875	0.019451784	0.12589538	0.00093916146	0.029034415	0.021425616	0.0056349686	0.04587565	0.008532043	0.032186177	0.0035974658	0.016363693	0.0025150424	0.049218427	0.0023876985	0.00062080164	0.47919518	0.009550794		0.059978988				0.004775397							0.0062398524	0.0077998154		0.004775397						0.004775397							0.0023876985	
NC_049923.1																																																		0.0053358
NC_049925.1	0.073903866		0.05472556	0.0026632024	0.08132511	0.0009581033	0.05071452	0.054173432	0.027996102	0.017521923	0.019551802	0.012179279		0.011432284	0.024358558	0.02702176		0.0061383564	0.8106041	0.0048717116	0.008801559	0.024082495											0.0048717116	0.0032153297					0.001266645				0.009743423	0.0048717116	0.0013965573		0.001266645		0.009710945	
NC_049941.1	0.0051435037	0.0077152555	0.059150293				0.005126359	0.002708912					0.0075780954	0.0050063436					0.09273737	0.010424168	0.02866646	0.0022974317				0.0023317216				0.005074924			0.0051435037						0.004251963					0.007698111				0.0020916916		
NC_049942.1						0.001223819			0.0056295674		0.0021329417					0.0043183328			0.004895276																					0.001223819										
NC_049944.1																									0.0050160843																									
NC_049945.1			0.0011063286																																															
NC_049946.1					0.0061015296	0.005857468																																0.012203059												
NC_049947.1			0.0046249707						0.0032974328	0.020662485					0.0029976661				0.0039397897			0.10461855																							0.003211785					0.006402158
NC_049948.1			0.0039101467		0.0013565815						0.0023540678				0.0036308502																																			
NC_049949.1			0.006426047			0.006426047			0.011438363	0.008696583	0.0020991752				0.006297526	0.0015422512			0.0017564528			0.032044552				0.0029559815																								0.006426047
NC_049950.1	0.012962323				0.0028517111	0.001512271		0.09615883		0.007993433				0.0069564465					0.0054441756	0.035646386		0.09786554							0.0032405807							0.0064811613	0.0040183202										0.0028949187			
NC_049951.1	0.025018467		0.066763565	0.021349091	0.1987181	0.064690605	0.053801615		0.032500178	0.024255998	0.02201625				0.007148133	0.22654817	0.04031547		0.03991041	0.003478758		0.19576354	0.007052825	0.0044794967		0.01343849						0.007148133		0.0035740666	0.021444399		0.007148133	0.007148133	0.014296266			0.014296266	0.028592533	0.007148133	0.024351306		0.0035740666			0.0022874025
NC_049952.1			0.003158132		0.01827205	0.0061522056	0.009228309		0.004429588										0.0034247278			0.009884544			0.0043475586																									0.0036092938
NC_049953.1	0.006352702		0.006352702		0.23365238				0.003896324	0.0036422159	0.0056750807				0.022446213	0.0014399458	0.0030069456	0.006352702	0.008046756	0.03176351		0.028502457																												0.0017364052
NC_049954.1	0.0063637523		0.0025879259		0.070001274	0.006109202	0.03181876			0.0013576004									0.003987951			0.05922532																						0.0063637523	0.0031818761	0.0033940012				0.0063637523
NC_049955.1	0.004960492				0.12840211		0.0014925373	0.0039508343	0.049385425	0.04881475					0.03834504						0.012642669	0.034679543		0.0037752416													0.025856014		0.0046093063					0.003072871		0.0032923617				0.0065847235
NC_049965.1									0.037791155																																									
NC_049974.1									0.02249667																																									
NC_049977.1	0.08765181		0.002921727																																															
NC_050152.1	0.18140861	0.022093251	0.24101909	0.22628368	0.10057053	0.057259493	0.008557938	0.4491147	0.6183553	1.1168109	0.05296085	0.0059020263	0.007377533	0.11893567	0.8580071	0.12538855	0.013358253	0.0029510132	1.5181782	0.02063742	0.046163682	0.0033444816	0.016978163	0.004465867		0.0014755066	0.0014755066	0.015246902			0.01770608		0.017686406	0.0059020263	0.015089514		0.000983671	0.0071611255	0.00885304	0.0059020263	0.00442652		0.0060397405	0.0381566		0.0011017115	0.0125122955	0.010308873	0.007554594	0.072230965
NC_050154.1					0.039480466																0.0016454766																													0.0025450038
NC_051650.1																											0.0011307566																							
NC_051713.1					0.0013817275																																													
NC_053011.1																																																		0.014350405
NC_053505.1																					0.0026026948																													
NC_053506.1			0.00088213163																		0.0033209661															0.00044106581														
NC_053512.1																																					0.0008810197													
NC_054466.1																																						0.0015148288												
NC_054662.1								0.000628816																	0.000628816		0.00068966916										0.001257632											0.001257632		
NC_054891.1									0.012730233																																									
NC_054922.1		0.00027274876													0.00024244335				0.00020001575																															
NC_054955.1								0.00086353923																																										
NC_054956.1																								0.0078664515										0.0019212993																
NC_054962.1																										0.0026276605					0.0029429798		0.0010860997																	
NC_054963.1																										0.002517821																								
NC_054964.1															0.0013414255																																			
NC_054971.1	0.0015156026																																																	
NC_055018.1																		0.027740534																																
NC_055036.1					0.003964976																																													
NC_055123.1																																							0.017108168											
NC_055235.1								0.0007869623	0.00073997944				0.00019380414						0.0027837323					0.00018205843																										
NC_055410.1										0.0043956046																																								
NC_055467.1																0.0006717985																																		
NC_055561.1														0.00028596568																																				
NC_055577.1	0.0148503	0.0148503			0.030658683	0.0148503	0.0148503	0.008143713				0.0148503	0.0148503	0.02275449	0.0297006			0.0148503				0.0148503	0.046467066	0.015808383				0.090059884	0.074251495	0.00742515	0.0445509	0.0148503	0.04550898		0.0445509	0.0148503				0.0148503		0.0148503	0.0148503	0.0148503	0.015808383	0.0148503	0.0297006			0.0148503
NC_055719.1	0.0004362025		0.0004935976	0.00039028647															0.00071743835						0.00019514324																				0.00021236175					
NC_055733.1	0.00053817907							0.00028944082						0.0023969319	0.00040702618				0.0003075309										0.0003075309																					
NC_055740.1							0.0003987545																																											
NC_055743.1														0.0003641039																																				
NC_055744.1	0.0007572415		0.00044776022					0.00048726847											0.00097453693																					0.0002831425										0.00021071068
NC_055761.1	0.0020788435														0.002563907																																			
NC_055785.1														0.0014416226																																				
NC_055816.1														0.00071278255																																				
NC_055842.1									0.0009933402									0.00048161944	0.0009782895																															
NC_055847.1					0.00025695932																																													
NC_055851.1																										0.00053535297																								
NC_055862.1	0.0033864977	0.0016932489		0.0016932489	0.0016932489	0.0016932489		0.0033864977	0.0033864977	0.0033864977	0.0033864977		0.0033864977	0.0050797467	0.0016932489	0.0050797467		0.0033864977	0.0050797467		0.0016932489		0.0016932489	0.0067729955		0.0016932489	0.005926371	0.0050797467	0.010159493	0.0050797467	0.010159493		0.0033864977		0.0016932489		0.0016932489	0.0050797467	0.0016932489	0.0042331223	0.0025398734			0.0016932489	0.0033864977	0.0016932489	0.008466245	0.0067729955	0.0016932489	
NC_055863.1										0.001735107																																								
NC_055876.1					0.00076956785																																													
NC_055880.1				0.0004197825										0.0016400805	0.0007028916									0.0012105355																										
NC_055886.1			0.00079125306	0.00079125306																																														
NC_055887.1									0.001077412																																									
NC_055891.1										0.0006387353							0.0008982215																																	
NC_055893.1																																														0.0015616054				
NC_055895.1														0.0006163803																																				
NC_055903.1															0.00062837626																																			
NC_055911.1											0.0022265222													0.0018554351																										
NC_055913.1											0.0002410538																																							
NC_055915.1	0.021800386	0.0012218689	0.007443426	0.0073686177	0.0017579951			0.0033102673	0.037023876	0.0021195686		0.0011719967		0.014849449	0.0042765415	0.0007044449		0.0012966773	0.0094819525	0.0004737859	0.009220123		0.0007854872	0.0011657628		0.0033102673				0.0005610623														0.0011595287						
NC_055921.1			0.009869675																				0.00093190063																											
NC_055941.1	0.015699659					0.011262799			0.027303753	0.013651877																			0.010921502																					
NC_060131.1																	0.0008178017																																	
NC_061432.1		0.011874838							0.75407386						0.0025569906									0.0015168588																0.0035537835										
NC_061433.1														0.0048238756																																				
NC_061449.1						0.00039785387																																												
NC_062581.1											0.00051759154																																							
NC_062582.1			0.00021348377						0.00020701456	0.00023936058	0.00025229898			0.0005304748			0.00042696754			0.0005110672	0.00020701456		0.00023289138						0.00010350728																					
NC_062735.1	0.00019779614																																																	
NC_062736.1	0.0006863128											0.00042234635																																						
NC_062742.1																																		0.00043739894																
NC_062747.1																							0.00041860642																											
NC_062771.1																			0.000448975																															
NC_062778.1	0.001253898				0.00039252458				0.0014392568																									0.0006978215																
NC_067194.1	0.0007211662																																																	
NC_069154.1					0.0016084039																																													
NC_069156.1										0.0018566375																																								
NC_069741.1									0.00069658906																						0.00095200504																			
NC_070765.1											0.00043405817																																							
NC_070776.1	0.00035472558													0.00042338212	0.00093830633																																			
NC_070777.1	0.00040517934		0.0005093683											0.0010997725	0.00040517934																																			
NC_070778.1															0.00044860845																																			
NC_070830.1															0.001987373							0.003599084							0.0022054992				0.0015995929																	
NC_070833.1										0.0024088896																		0.0031082446																						
NC_070839.1	0.0069671716			0.00038237908			0.0067141266		0.00017994309		0.00038237908			0.00044985773			0.00084348326								0.00077600457							0.00084348326	0.00065229373													0.00044985773				
NC_070851.1	0.00097278756																																																	
NC_070852.1																																	0.0008552103																	
NC_070853.1														0.00079620903		0.001104419																																		
NC_070855.1										0.000875668				0.00079840317																																				
NC_070876.1	0.0057660346														0.060848624																																			
NC_070882.1									0.000112753405				0.00031173						0.002314761				0.0002122417						0.00010280457						0.0002719347															
NC_070951.1																	0.00059497985																																	
NC_070954.1											0.0018245738			0.0013795559		0.005607227																						0.0015130612												
NC_070955.1											0.00051872426		0.0010374485			0.002376092																						0.002074897										0.0017067702		
NC_070956.1		0.00013445507	0.00018439553	0.00029964274		0.0012369867			0.00064538437	0.00054550346				0.0002458607		0.0046406207		0.000261227	0.001071799				0.0002765933						0.00023817756		0.00026891014									0.0003803158	0.00036879105				0.00011908878	0.0004072068	0.0007222158			0.00013445507
NC_070957.1						0.00026679676					0.00025155125					0.00063268945		0.00029728783	0.00026679676						0.00025155125		0.00041925206														0.00028966507	0.0002363057			0.000129587	0.00024392847		0.00025155125		
NC_070958.1					0.0002694059					0.00025401125	0.00036562228					0.00038486556		0.00033098436				0.0002694059					0.0004233521		0.00026170857																		0.000692758			
NC_070960.1	0.00048046125																		0.00066196884	0.00017616912																														
NC_070961.1	0.001766656		0.0014860694	0.0005715652	0.00076901494						0.0022862607			0.000332547	0.0003221549		0.000665094	0.00035333118		0.0003637233					0.00041568375																									
NC_070962.1	0.0009002434	0.00017480455	0.00013547353	0.00031464818	0.00028842752				0.0007909906	0.0007866205				0.00027094706	0.0065726507	0.00028842752					0.00029716772			0.0011799306		0.00057685503			0.0005681148		0.00066425727																			
NC_070963.1	0.037485156	0.0024912597	0.008536717	0.0076149506	0.00425175	0.00028234278	0.00757343	0.0018476844	0.010463291		0.017110802	0.0025659977	0.00030725537	0.0018103155	0.017945375	0.0044427468	0.0019556389	0.00092176616		0.00399432	0.0012373257	0.0037368897	0.007075178	0.00063527125		0.0048621087		0.0006228149	0.004575614				0.00035708057	0.004500876				0.010820372	0.00046918727						0.00034877638	0.0014781475	0.0008802451		0.00092176616	0.0023500884
NC_070964.1	0.002352628	0.00051047583			0.00036621094		0.00051047583							0.00037730823		0.00034401633	0.0008433949		0.0012761896				0.0007768111						0.00044389206																		0.00046608664			
NC_070967.1												0.00061889266			9.670198e-05						0.00030944633																0.00031911655				0.00014988807				0.0004544993					
NC_070969.1															0.0025235368																																			
NC_070974.1				0.0010232455																			0.01001001				0.01001001																							0.00333667
NC_070993.1					0.003957314																																													
NC_070998.1																			0.01043953																															
NC_070999.1											0.0005275114	0.00028077222														0.0001574026							0.00027226395																	
NC_071007.1				0.00014069735																																														
NC_071015.1																																											0.00027587294							
NC_071036.1																	0.0015143548																																	
NC_071039.1	0.00021619134	0.00023013917		0.0004533044		0.00055791315								0.00028593047	0.00022316525	0.00011158262	0.00047422617	0.00030685222			0.00012553045								0.000728774			0.00023711308	0.00033474786		0.00023013917					0.00025803482	0.00028593047			0.00016737393						
NC_071050.1							0.0027130006																																											
NC_071128.1		0.002318534																																																
NC_071130.1																																													0.0017112796					
NC_071132.1	0.0029581715																																																	
NC_071133.1	0.0066437107																																																	
NC_071135.1																							0.0008062976																											
NC_071140.1	0.0024156098																																																	
NC_072498.1																																		0.0025934058																
NC_072499.1				0.001118626																																														
NC_072500.1																										0.0051796474																								
NC_072503.1	0.005930063																																																	
NC_072504.1											0.06262111																																							
NC_073094.1	0.012307898																																																	
NC_073095.1																0.00054805784																																		
NC_073170.1										0.04982561																																								
NC_073188.1										0.020632736											0.0024300779																													
NC_073189.1																					0.0022281639																													
NC_073190.1										0.021096058																																								
NC_073192.1										0.092028886																																								
NC_073193.1										0.15926507														0.006924568																										
NC_073204.1							0.00083624024			0.060926076						0.00050174416					0.011659578																													0.00086013286
NC_073316.1																	0.006707958																																	
NC_073323.1				0.0053877407																																														
NC_073470.1																	0.0033017104																																	
NC_073604.1						0.00074741605																																												
NC_073756.1				0.010734519																																														
NC_073768.1	1.1172525		0.33807352	0.18245238			0.050442714						0.080493696					0.040246848													0.16098739															0.080493696				2.647706
NC_073771.1																																					0.00801655													
NC_073773.1					0.014904518																																													
NC_073774.1																								0.039834026													0.14329185		0.041493777									0.041493777		0.056984786
NC_073786.1	0.09581442																																																	
NC_073793.1	0.2167116																													0.08086254																				
NC_073794.1			0.010306749																																															
NC_073795.1	3.122584						0.025952512											0.12424075																																
NC_073798.1			0.038236044																										0.36502677																					
NC_073801.1	0.93398327						0.065738164																			0.04233983										0.04178273														
NC_073802.1	0.7868347																							0.042016808					0.26162466																					
NC_073804.1	3.6925695	0.01928531	0.042541124																																															
NC_073807.1	0.03375315																																																	
NC_073813.1	2.8028429																					0.039484076							0.028428534																					
NC_073814.1	0.04077195																											0.28540364	0.03642294	0.08100027				0.04512096					0.40065235				0.04077195							
NC_073823.1																		0.009911055																																
NC_073827.1						0.04027927																								0.030075189						1.6111708														
NC_073829.1	0.18254818	0.040149894	2.59288		0.023019273								0.25					0.26552463										0.22992505		0.12794432	0.16595289				0.026231263		0.40042827	0.07815846					0.12044968	0.1493576			0.63008565			
NC_073832.1	0.077760495	0.16226023	6.164852	0.23250389						0.10679109			0.077760495					0.24650078																				0.60342145												
NC_073837.1																													0.019323671																					
NC_073842.1	0.0072349086																																																	
NC_073846.1					0.27926224				1.2913219																																									
NC_073850.1																																															0.025866814			
NC_073855.1	1.6585757		0.9922646		1.3699653		0.1856495																																											
NC_073859.1	0.028538484			0.0089362925												0.021331796								0.08648025				0.043240126																						
NC_073860.1																0.033299442																																		
NC_073864.1	0.3474362		0.031731434																																												0.06714187			
NC_073865.1			0.03563792																																															
NC_073874.1	0.115448706																												0.035705786																					
NC_073883.1																													0.047450233																					
NC_073889.1																				0.20058839																														
NC_073891.1			0.023134124																																															
NC_073892.1	0.7671683						0.010396717									0.026812585										0.04268126				0.031190151																				
NC_073893.1																																						0.01678962												
NC_073896.1	0.01589336		0.046654705																																															
NC_073897.1																								0.018488308																										
NC_073902.1																									0.06849315																									
NC_073904.1	0.2574468	0.039893616																																																
NC_073911.1																		0.01655629																																
NC_073915.1	0.15826958	0.09970984	0.021102611	0.07913479																																														
NC_073918.1	0.025095472																			0.52645934																														
NC_073920.1	0.040426727																																																	
NC_073926.1																								0.09679937																						0.28675514	0.039032005			
NC_073930.1																									0.026487282			0.028169014	0.026277065	0.031112045																				
NC_073934.1										0.019640718																																								
NC_073938.1						0.019480519																																												
NC_073939.1		0.030335285																																																
NC_073946.1		0.18644068																																																
NC_073949.1	5.3450418																							0.08105917							6.149149			0.08105917																
NC_073950.1			0.009661836																																															
NC_073951.1									0.019384265																																									
NC_073953.1																																			0.036223136															
NC_073957.1		0.10343986	0.18248354				0.3600878	0.24688949					0.03659429				0.18297146	0.024884118				0.086118564			0.03659429		0.11368626				0.0429373			0.011954135	0.37716517									0.03659429				0.07318858		
NC_073960.1							0.23235375																																											
NC_073961.1																								0.6956019																										
NC_073962.1	0.34958655	0.16880524																		0.17336755			0.1502709			0.5560308																								
NC_073966.1																																				0.02100948														
NC_073967.1	1.7507716																																																	
NC_073970.1	0.015922798																																																	
NC_073972.1					0.44698286																																													
NC_073974.1	0.04790721																																																	
NC_073977.1			0.038939968																																															
NC_073979.1			0.015864892																																															
NC_073983.1	0.32169953	0.18209408															0.27314112			0.06676783								0.09104704		0.012139605																				
NC_073985.1																0.8656042																																		
NC_073996.1							0.0308381																																											
NC_074000.1				0.0080097085																																														
NC_074005.1																																																		0.14153005
NC_074006.1	0.053110402																																																	
NC_074007.1	0.011055832																																																	
NC_074010.1	0.029992107	0.012891345	0.08103131																																															
NC_074013.1	24.164434		1.2611607	0.02232143		0.28546628	0.390625					0.11185516					2.2807539	0.2326389		0.053075396					0.015873017			0.007688492	0.03720238	0.07440476	0.03720238						0.02232143		0.03720238		0.03720238					0.44642857	0.046626985	0.11160714	0.015873017	0.02232143
NC_074014.1			0.20477083																																															
NC_074017.1	0.07294174				0.09918151																																													
NC_074019.1								0.31144306																																										
NC_074025.1	0.008302089																																																	
NC_074030.1																												0.026096033																						
NC_074039.1																		0.03154574																																
NC_074042.1																																									0.0153246755									
NC_074044.1			0.07902413																																															
NC_074046.1	0.21670191																																																	
NC_074048.1		0.2264151																		0.021132076																														
NC_074049.1	0.6747259	0.027551306	0.084340736																																															
NC_074050.1		0.0685871																																																
NC_074051.1																	0.17818181																																	
NC_074054.1																							0.035448827																											
NC_074055.1	0.019478811											0.035798896														0.017372994																								
NC_074061.1	0.03816447				0.018627897								0.03362108																																					
NC_074063.1			0.52730256	0.016404968			0.042184204																																											
NC_074064.1	4.5207458						0.025210084																																											
NC_074067.1	0.03476907					0.017125065																																												
NC_074068.1	0.4706228																																																	
NC_074069.1						0.08306538																																												
NC_074074.1	0.017363215																																																	
NC_074076.1		0.0144014405																																																
NC_074091.1				0.9242894												0.20568475																																		
NC_074093.1												0.020489756																																						
NC_074095.1	0.70438355	0.16438356	0.06712329	0.11287671			0.081643835		0.027945206			0.23561645				0.04109589					0.038904108			0.12219178			0.061369862		0.16164383	0.081643835														0.5567123					0.0830137	
NC_074096.1																	0.04330709					0.023129921																												
NC_074097.1	7.5307884	0.5218724	0.26246867	0.15603232	1.5185288	0.14321537	0.37614936	0.09417665				0.1309557						0.05126776	0.50153244	0.16717748					0.25689608	0.04179437		0.45973808	0.50292563	0.19225411	0.10086375																	0.08358874		
NC_074098.1	2.5917008		0.89497954				0.051741805										0.06608607	0.18032786											0.019979509																					
NC_074106.1																										0.042912576							0.018717188																	
NC_074119.1	0.19384854																																																	
NC_074127.1	0.8847118																0.07574492																																	
NC_074129.1																		0.024929179																																
NC_074130.1	0.23280862																																																	
NC_074132.1																																																		0.019146184
NC_074134.1		0.046743818																																																
NC_074137.1			0.9618859																																															
NC_074140.1	0.039910063		0.12647554																																															
NC_074141.1	0.43527508																0.08441208																																	
NC_074143.1	0.37042883																																																	
NC_074146.1	0.85089105	0.033837132	0.6451613	0.019851116	0.13647643		0.08572073	0.05955335				0.033837132	0.2382134					0.1037672		0.06677194	0.015339499	0.055041734								0.056395218	0.46041057			0.10151139																0.058199864
NC_074149.1	0.23902696		0.039661556	0.23744051			1.8053939																		0.039661556																									
NC_074151.1	0.028978622																																																	
NC_074155.1	0.06054169																																																	
NC_074159.1		0.06962172															0.25713623													0.18867487													0.17405431							
NC_074160.1	0.026651217																	0.32792583																																
NC_074165.1	0.29539832	0.07422068					1.7313211																																											
NC_074179.1	0.023427332																																																	
NC_074180.1						2.1380353																																												
NC_074189.1			0.02080813																																															
NC_074191.1	0.18277718		0.37330464			0.027556513														0.039612487						0.09171152																								
NC_074192.1					0.25885937																																													
NC_074193.1	0.57240593																			0.102166474		0.05336374				0.112200685	0.015051311		0.11927024	0.1445838	0.034207527			0.096237175	0.034207527	0.11448119	0.5309008	0.30558723							0.10809578					
NC_074195.1																		0.14504915		0.011508032																													0.0359626	
NC_074202.1	0.052698147			0.062183812																											0.05649241										0.28456998								0.08853288	0.25210792
NC_074205.1	0.31678426		0.13986894	0.030241935																	0.0078125													0.030241935														0.019657258		
NC_074207.1	0.36426434	0.007137923																																																
NC_074215.1	0.39242503		0.50762755																																															
NC_074218.1	0.02387268		0.039257295																																															
NC_074219.1	0.020806242																																																	
NC_074220.1		0.017359285	0.22251447																																															
NC_074221.1			0.07382212																		0.047367096										0.022675738																			
NC_074222.1	0.021242699						0.036112588																			0.061072756																								0.063728094
NC_074224.1	0.040663455																																																	
NC_074234.1		0.07434944																																																
NC_074239.1													0.024900662				0.03231788							0.021192053																										
NC_074242.1																										0.1707434																								
NC_074251.1																								0.015771316																										
NC_074256.1																									0.3898305																									
NC_074259.1							0.020248039																												0.017210832															
NC_074266.1						0.042579994																																												
NC_074267.1										0.01743028																																								
NC_074273.1																								0.018753167																										
NC_074278.1	3.0516837																	0.07830854																																
NC_074286.1			0.18613862	0.18564357																						2.6019802													0.5039604			0.074257426								
NC_074300.1										0.03247632																																								
NC_074305.1							0.03168317																																											
NC_074307.1	0.008666346																																																	
NC_074310.1					1.5243405																																													
NC_074323.1																								0.016234616																							0.016758313			
NC_074327.1																																															0.036812786			
NC_074330.1							0.025229357																																											
NC_074341.1			0.03786854																								0.8698945				0.16229375					0.025967														
NC_074352.1		0.07857517																																																
NC_074362.1		0.07708598																																																
NC_074363.1																		0.04946378																																
NC_074364.1			0.039269406			0.07260274																																												
NC_074365.1	0.043639537	0.03272965	0.23128955															4.193323																																
NC_074369.1	0.18928961						0.052896176																																											
NC_074370.1	0.064141296																																																	
NC_074372.1										0.0066638007																																								
NC_074375.1	0.014685635																																																	
NC_074380.1			0.015814183					0.17099085																																										
NC_074381.1	0.020377733		0.0333002														0.18439364																																	
NC_074384.1	0.015636822																																																	
NC_074392.1	0.16009654			0.32180208																																0.24135157														
NC_074401.1																																												0.03541614						
NC_074403.1																				0.01701894																														
NC_074405.1	0.0988787	0.43221202	2.4436798	0.25866464	1.1503568	0.3361366	0.12767585	0.377421	0.23496433	0.20183486	0.21024466	0.2522936	0.114933744	0.26605505	0.07568807	0.8674822	1.0535169	0.2724261	0.38506627	0.6330275	0.4915902	0.95438325	0.5231906	0.14424057	0.27344546	0.391947	0.7665647	1.0214068	1.0310907	0.37028542	1.3924567	0.9724771	2.1771152	3.0109582	0.96100914	0.07313965	0.08053007	0.17609581	0.20540266	0.027522936	0.0558104	0.010448522	0.11340469	0.07849134	0.10728848	0.3022426	0.2912844	0.04943935	0.12308869	0.16819572
NC_074407.1		0.033066668																										0.0304																						
NC_074410.1						0.020337302																																												
NC_074417.1	0.7332501		0.41240117																			0.04993758						0.062421974	0.0064502703																					
NC_074418.1	0.2503129					0.10095953	0.06257822															0.010012516																												
NC_074422.1																								0.038663354																										
NC_074429.1							0.023471616																																											
NC_074449.1								10.078245																																										
NC_074457.1			0.08475452				0.42997417						0.046511628																																					
NC_074458.1																														0.07921838																				
NC_074459.1	0.03315508																																																	
NC_074460.1	0.71879697			0.037593983								0.036090225										0.040601503																												
NC_074486.1			0.010353066				0.021237059																																											
NC_074488.1																									0.2076987																									
NC_074496.1																													0.026529508		0.040606387				0.28397402		0.6497022	0.5324851		0.05035192										3.1670277
NC_074504.1	0.015191075																											0.039876573																				0.7120817		
NC_074508.1				1.3364317			11.46837										0.038729668		2.6075394																													0.038729668		
NC_074530.1			0.33384225										0.076081425									0.26615775				0.07633588												0.06666667						0.26717559				0.07557252		
NC_074532.1	0.016462957																																																	
NC_074552.1	0.43341458	0.095945045	0.20163971																																															
NC_074554.1	0.04563432																																						0.04563432											
NC_074557.1	0.03707415																																																	
NC_074573.1																		0.03312226																																
NC_074577.1		0.029279718	0.084715985																																															
NC_074578.1											0.034500785																																							
NC_074579.1	2.476669		0.035893753																																															
NC_074583.1	1.9186232	19.969456	33.734444	20.785048	38.813995	44.73011	48.69136	10.68703	2.3665376	0.40300888	17.40734	13.316617	19.273079	1.1208115	0.28538865	2.8880785	5.9270573	8.148393	1.5580124	10.627308	1.4791429	14.396171	1.1285616	3.0754502	65.29565	8.928425	45.935036	20.752678	13.364714	9.256439	13.066333	11.457716	9.71142	10.808753	19.577387	4.3412356	1.5723729	8.638477	7.1575108	53.9266	6.534762	10.20971	11.082517	22.621153	1.9473444	3.258263	0.41577387	1.7855027	3.169136	1.3455664
NC_074584.1																																																0.016177958		
NC_074595.1			0.021371769																																															
NC_074596.1													0.015002344																																					
NC_074604.1																																																		0.016486347
NC_074608.1			0.009282318																																															
NC_074610.1	0.013775291																																																	
NC_074612.1										0.048442908																																								
NC_074614.1	0.02311286																																																	
NC_074620.1	0.01924002																																																	
NC_074625.1										0.045433894																																								
NC_074629.1			0.018256504																																															
NC_074630.1																													0.021074275																					
NC_074638.1							0.00045022863								0.0007456912																																			
NC_074658.1		0.0013577963							0.005091736													0.0013577963																												
NC_074659.1																				0.00065383216																														
NC_074660.1									0.005024636	0.0012853721					0.0012074708	0.0025317934					0.0012074708																													
NC_074662.1									0.002470046										0.026304148			0.003391705																												
NC_074663.1									0.0013620157										0.0049272925																					0.0032848616										
NC_074664.1		0.0029702568																																																
NC_074748.1														0.01650872																										0.003780623										
NC_074750.1					0.0075557237																												0.0023170884																	
NC_074775.1			4.860145																																															
NC_075034.1							2.6474572e-05								6.784109e-05																																			
NC_075036.1																	2.3090206e-05			2.3090206e-05	6.2054925e-05							8.9474546e-05																		5.916865e-05				
NC_075038.1															2.4313862e-05																																	5.1406452e-05		
NC_075136.1															4.9398906e-05																																			
NC_075283.1			0.09014423																																															
NC_075305.1	4.0652275	0.06890216	0.13596693										0.3445108		1.6619201																			0.13780431						0.06890216			1.309141						0.3445108	0.41341296
NC_075306.1	0.15639375		0.1476541									0.039558418																																	0.109935604					
NC_075308.1	0.12990528																																																	
NC_075309.1																																												0.064963184				0.032048505		
NC_075311.1							0.030160226																																											
NC_075314.1							0.03041825																																											
NC_075317.1						0.033103447																																												
NC_075320.1			0.03362108																																															
NC_075323.1		0.05285118																								0.08159481							0.1483542					0.031525265												
NC_075324.1	1.2860402	0.3330292	2.7915146	0.34169707	61.209854	0.27372262	0.7527372					0.57025546	0.31751823	3.9698906			0.068430655			0.34169707		0.13686131																					0.54744524		0.041058395	0.40967155	0.17335767	0.3339416	0.984489	7.442062
NC_075325.1																								0.070159025		1.898971		0.036482695	0.49017775		0.070159025			0.13891487	0.04303087			0.2806361					0.040224507	0.14031805	0.13189897	0.14031805	0.20626754			0.84190834
NC_075326.1		0.13404825											0.06702413																																					
NC_075329.1	1.4803684	0.18710616	4.356762		0.09500727		0.031022782							0.20358701												0.046534173		0.03393117																			0.71497816		0.07270965	0.5254484
NC_075330.1	12.275549	0.5262655	6.145654	0.54489017			0.7459408						0.05635148				0.7163324					0.5730659		0.8595989	0.23782235	5.470869		0.6423114	3.495702		1.0859599		0.75453675	1.2449857	0.018624641	0.071633235	1.6771729	15.966571	2.2325692	0.04489016	0.14040114	0.45033428	5.285578	1.1021967		0.44746897	5.9436483	2.7301815	0.3061127	8.13276
NC_075331.1	11.965961	1.7106715	2.8408463	0.05519779		0.13063477							0.6200552							0.06899724		0.2125115	1.5832567	0.41858324	0.26310948			1.5869365	0.08923643		0.20699172						0.13799448							0.42594296				0.17295308		
NC_075332.1						0.032392412																																												
NC_075333.1			0.13537906				0.02797834																																					0.13537906						
NC_075334.1														0.01607143																																				
NC_075335.1	0.059379216		0.32478634		0.05757985										0.035987403																																			
NC_075336.1	0.11456401																0.69573283									0.111317255																	0.022727273							
NC_075338.1																										0.029490616			0.08489723																					
NC_075339.1	28.19509	0.3857143	0.46919644			0.26785713	5.745536					0.4017857	0.1	1.4339286								0.8035714		0.7732143	0.05357143	4.6058035		0.06964286	0.8691964		0.26785713						0.13392857	3.5482142	1.4254464			0.54642856	0.76339287	0.78571427		0.12321428	0.9607143	0.68035716	0.32589287	6.489286
NC_075368.1														7.650259e-05																																				
NC_075546.1								7.547084e-05											0.00065636757	0.00016008965																									0.00017838561					
NC_075701.1									0.00024199708				0.00026468432													0.0002495595																								
NC_075702.1										0.00018675374																																								
NC_075989.1	0.024856597				0.017208412		0.015296367									0.122370936			0.008467631			0.022944551		0.0076481835	0.0076481835	0.0076481835				0.039333515			0.006828735	0.011199126							0.0076481835				0.0076481835	0.016935263				
NC_075994.1																									0.003750586																									
NC_076231.1	0.02925532																																																	
NC_076236.1	0.1763323																																																	
NC_076243.1																																								0.0021844902										
NC_076270.1			0.0941487			0.43026838	0.69687635																																											
NC_076271.1	0.014123007	0.13667426				0.13849658							0.05831435									0.24874716			0.05831435														0.030068338											
NC_076272.1																																										0.06868132	0.13736264							
NC_076274.1	2.2803533		0.26490065	0.030022075		0.6445916						0.030022075	0.13245033							0.06490066	0.06357616	2.5165563																												
NC_076275.1	0.08166969																																																	
NC_076276.1	0.062154695																																												0.20718232					
NC_076277.1																23.464888																																		
NC_076279.1																								0.044300877		0.071988925	0.06922012		0.08860175								0.029533917													
NC_076280.1																																						0.06666667												
NC_076282.1																0.15534884																																		
NC_076284.1	0.08082545	0.06620808	0.06448839				0.07996561																																											
NC_076286.1	2.7875319	0.18956743	1.1000848				0.2544529				0.03986429						0.2544529									0.05258694			0.03307888				0.4427481										0.16454622			0.21670908	0.23918575	0.10517388		1.1709075
NC_076297.1						0.065760635						0.41122314												1.894783	0.23761508	2.945638	0.065760635	0.71459883	3.0898728	0.065760635	0.7676458		0.9886015	0.5260851	0.43226656		4.1644015	0.10521701	2.0885577			0.065760635	2.0933802	0.5256466	2.0048225	1.8711091	3.9649277	3.838229	0.85795707	12.746164
NC_076298.1																													0.16196205																					0.069412306
NC_076300.1	12.223399	0.26490065	3.4167771		0.22781457							0.13245033	0.055629138				0.040618103					0.2419426		0.3214128				0.09977925																0.22604856	0.045916114		0.24459161			0.13245033
NC_076303.1	0.7956304	0.10559855	0.293127	0.07737824	0.099681385	0.04824761	0.35138825	0.13654985	0.04460628			0.06827492	0.0282203		0.05553027		0.17660446			0.06008193	0.032771964	0.045516614		0.046426944		0.038233954		0.06827492			0.2284934					0.014565316	0.030040964	0.041875284					0.037323624			0.08010924		0.033682294		0.040964954
NC_076304.1	0.85847455		4.731356		2.3394067							0.12711865										0.31779662		0.12669492	0.06355932	0.38135594		0.086440675	0.7279661					0.12711865				1.2067797	0.38135594				0.8262712	0.63559324			0.44491526	0.19067797	0.38135594	1.5355933
NC_076306.1												0.40161362												0.2689377																										0.029583147
NC_076308.1	3.501403	1.4359214	0.18615529									0.046772685								0.9803555																														
NC_076309.1	0.12862319																																																	
NC_076311.1																								0.033712983																										
NC_076312.1	28.097462	1.0448776	1.1124207	0.07615594	1.6409792	0.13599275	0.13327289				0.046237536	0.039891206			1.4945602					1.3581142				0.10652765					0.13599275											0.067996375				0.1087942	0.067996375			0.06527652		3.8862195
NC_076314.1	0.029795159		0.02886406				0.032588456																																											
NC_076315.1	8.261662						2.9284763	0.10484229			0.8662816	0.14793426			0.1332741		10.325633			0.4469125		0.61750335		1.6232785	0.12616615	2.3278544		0.2372279	2.107952		1.5886272		0.4717903	0.37672147	1.2647712		0.7996446	1.6632608	0.51443803			0.46645936	0.9977788	0.46645936	0.52021325	0.99955577	0.17147934	0.19991115	0.16348289	5.358063
NC_076319.1		0.0403855	0.20513998											0.31206974																																				
NC_076320.1	0.13061224		0.7537415	0.14240363																					0.20408164	0.01632653																								
NC_076321.1																																													0.06912442					
NC_076323.1	0.22387366																																																	
NC_076324.1	0.029411765																																																	0.06684492
NC_076325.1	49.076305	1.7465028	13.537516	0.7477745	4.994913	2.1746502	4.9012294		0.024586689			19.234846	0.27384484				49.89911				0.063586265	1.1445528		0.18482408		1.055532	0.1907588	1.7066554	0.39338702		0.78719795		0.063586265		0.25434506	0.19033489	0.27299702	0.5434506	1.2768122	0.063586265		0.16701992	1.2810513	0.1907588	0.4866469	1.2187368	0.8647732	0.6494277	0.39889783	4.576092
NC_076326.1	0.037962962																								0.041666668																									
NC_076327.1							0.06836828																																											
NC_076329.1							0.036680423																																											
NC_076331.1						0.028375287														0.06864989																														
NC_076333.1																																	0.13786764																	
NC_076336.1																																							0.08263695											
NC_076341.1	0.028946178																																																	
NC_076342.1	0.026386404					0.084078714																																												
NC_076343.1			0.0306549																																															
NC_076344.1							0.20594966																																											
NC_076345.1													0.022630835			2.3818953																																		
NC_076347.1	0.40098128	0.034790367	0.22301516	0.031222124	0.1338091	0.066458516	0.072256915					0.09366637																																						
NC_076348.1			0.011816839																																															
NC_076351.1				0.0522696																																														
NC_076352.1	0.19523373																																																	
NC_076358.1	0.09095085		0.03031695																	0.037666515																														
NC_076359.1							0.040946316																																											
NC_076360.1						0.4010719																																						0.09825815						0.032157212
NC_076361.1	0.41591233				0.031443544		0.05907575		0.03239638																			0.029537875																						
NC_076362.1																																										0.040762074								
NC_076364.1																						0.13599275					0.13599275	0.2719855	0.067996375										0.3671804			0.067996375						0.0444243		
NC_076366.1	0.19714418		0.032243207	0.019806542	0.057116535		0.050667893			0.042376786																																								
NC_076376.1																																													1.0909091					
NC_076377.1																																										0.19605263	0.32982457						0.065789476	
NC_076378.1	0.1330377						0.040798225					0.1330377								0.2660754																														
NC_076380.1	0.26251313																																																	
NC_076407.1																													0.03739214																					
NC_076408.1	0.2005457			0.0418372	0.18008186	0.41609824	0.76944065		3.557526				0.27239653			0.22191906								1.1195998		1.2410187					1.1145976					0.1264211			0.043656208			0.13642564	0.5457026		0.37062302	20.31196	1.0914052	0.5866303	0.087312415	7.766712
NC_076434.1	0.13805798					0.13805798																																												
NC_076436.1		0.110552765			0.34627685																												0.13796254																	
NC_076437.1	0.625																																																	
NC_076438.1	0.07879066	0.06871278												0.13742556						0.4122767			0.16582684	0.06871278	0.2748511													0.96152085												
NC_076469.1	0.27384755					0.41077134																																												
NC_076474.1			0.15970962												1.1696914																																			
NC_076475.1			0.062643945																																				0.13818517											
NC_076476.1	0.14136623																																										0.955408							
NC_076477.1	0.037306644						0.19244768					0.48680618					0.10737034					1.7734303		0.23748863					0.13648772		1.5332121		0.13648772				0.3121019	4.7070065	0.10464058	0.035486806		1.5646042	4.066879	0.79845315	2.3817105	4.6956325	0.3011829	1.8057325	0.38489535	15.260237
NC_076479.1	0.036354825																					0.019389238																												
NC_076588.1								0.17421603																																										
NC_076634.1			0.0015412844																																															
NC_076658.1																																0.0031201248																		
NC_076690.1														0.005202215							0.00990099																													
NC_076708.1	0.015551367																									0.015080113																				0.016965127				
NC_076725.1															0.0030219536																																			
NC_076728.1																											0.00019167275																							
NC_076818.1																																		0.11459129																
NC_076823.1																0.0040459624					0.0064735394		0.0038841236						0.0037222852												0.0055025085									
NC_076827.1							0.12608817																																											
NC_076828.1							0.09129641																																											
NC_076947.1	1.8215097		0.5205168	0.06914703	0.6052159		0.05371456	0.083263546	3.7968657	0.109582484	0.16150257	0.06818998		0.03588946	0.8339514	0.2871157	0.10575428	0.057183873	0.11747817	0.389281	0.1217849	0.072257444		0.03588946		0.03588946	0.03588946	0.010527575		0.03588946		0.017705467	0.21533677			0.17932767		0.021533675			0.03588946	0.107668385				0.03588946				
NC_076967.1									0.00023134501																																									
NC_076969.1				0.0002255578																																		8.130572e-05												
NC_077016.1			0.006519967																																															
NC_077036.1																										0.013138446		0.014780752																						
NC_077065.1																									0.015472462	0.027629398					0.040523116													0.027629398						0.03168171
NC_077092.1									0.0006366951				0.0005319574					0.00012127526																			0.00024255052			9.922522e-05										
NC_077096.1																										0.0036446468																								
NC_077097.1	0.012686267			0.010068466																																														
NC_077106.1										0.0006036569	0.0015695081																																							
NC_077184.1														0.009163803																																				
NC_077210.1																				0.0046811																														
NC_077211.1	0.06606631	0.023986902	0.033674445	0.020466639	0.016755356	0.012279984	0.03689453		0.0075317235	0.05307682		0.002019375		0.014790558	0.0090598995		0.08666939		0.057415746	0.010642652			0.0021285305		0.004475372				0.045026608										0.024559967											
NC_077213.1	0.005517061		0.015688324	0.005020264		0.0017780102				0.021283828				0.0071120407			0.020159498			0.024682965		0.007844162	0.03137665											0.010511178																
NC_077221.1															2.4627388e-05	2.6034668e-05	2.5331028e-05		8.725132e-05	2.7441945e-05				3.1663785e-05													4.503294e-05	5.0662056e-05												4.9254777e-05
NC_078087.1	0.20372671																																																	
NC_078985.1	0.22957867	2.0197763	0.6715391	1.516767	0.83920896	0.61478937	0.60877043	0.49183148	0.31986243	0.80137575	1.049871	1.1255374	0.905417	1.0429922	0.1728289	0.46689597	0.4411006	0.7815993	0.37747204	0.6620808	0.89767843	0.5116079	0.76268274	0.5838349	0.6921754	0.494411	0.8675838	0.57007736	0.34651762	0.6104901	0.23645744	0.4617369	0.93379194	0.6044712	0.3361995	0.816853	0.98194325	0.50214964	0.43422183	0.5210662	0.7798796	0.61306965	0.5176268	0.4411006	0.29234737	0.45485812	0.44969904	0.72398967	0.73688734	0.3267412
NC_092456.1																																												0.0073635895						
NC_105114.1									0.00056052336																																									
