Contig	VIR_GYG_1_count	VIR_GB_2_count	VIR_HGMT_3_count	VIR_R_WU_i_4_count	VIR_R_WU_o_5_count	VIR_RXT_6_count	VIR_C_WZ_7_count	VIR_QTX_8_count	VIR_QTX_m_9_count	VIR_GWX_i_10_count	VIR_G_WX_m_11_count	VIR_G_SX_i_12_count	VIR_G_SXKQ_A_13_count	VIR_G_SXKQ_mb_14_count	VIR_G_SXKQ_mc_15_count	VIR_G_SXKQ_o_16_count	VIR_C_YC_i_17_count	VIR_C_YC_o_18_count	VIR_R_QJ_i_19_count	VIR_C_JZ_i_20_count	VIR_C_JZ_o_21_count	VIR_C_TGZ_22_count	VIR_R_DTH_i_23_count	VIR_R_DTH_M_24_count	VIR_R_DTH_o_25_count	VIR_C_WH_i_26_count	VIR_C_WH_m_27_count	VIR_C_WH_o_28_count	VIR_C_HS_i_29_count	VIR_N_CG_30_count	VIR_C_JJ_i_31_count	VIR_C_PYH_M_32_count	VIR_C_JJ_o_33_count	VIR_C_AQ_i_34_count	VIR_C_AQ_o_35_count	VIR_C_TL_i_36_count	VIR_C_TL_o_37_count	VIR_C_WH_i_38_count	VIR_C_WH_o_39_count	VIR_C_MAS_40_count	VIR_C_NJ_i_41_count	VIR_C_NJ_o_42_count	VIR_C_YZ_43_count	VIR_C_ZJ_44_count	VIR_C_C_CZ_45_count	VIR_C_JY_46_count	VIR_C_SNT_47_count	VIR_C_NT_48_count	VIR_C_CS_49_count	VIR_C_TCG_50_count
NC_000898.1	4.0																		2.0																															
NC_000935.1					2.0																																													
NC_000936.1	2.0	2.0	7.0																							2.0																								
NC_000939.2	1453.0	33.0	78.0	99.0	71.0	37.0	67.0			2.0	8.0	62.0	23.0	2.0			31.0	37.0		19.0	51.0	18.0	4.0	41.0	30.0	84.0	25.0	49.0	30.0	29.0	85.0	13.0	18.0	11.0	28.0	35.0	52.0	42.0	14.0	4.0	7.0	1.0	20.0	15.0	2.0	10.0	15.0	19.0	5.0	21.0
NC_001330.1			4.0			1.0																																												
NC_001339.1	58.0	2.0	7.0		1.0		4.0				3.0	2.0					2.0	6.0				2.0		2.0	2.0											1.0														
NC_001367.1	53478.0	2155.0	7753.0	3782.0	2020.0	2029.0	4392.0	3024.0	44.0	2063.0	359.0	2118.0	1410.0	212.0	2.0	262.0	1774.0	4830.0	2152.0	1088.0	769.0	1482.0	126.0	454.0	603.0	672.0	472.0	695.0	1138.0	596.0	796.0	227.0	113.0	201.0	350.0	508.0	92.0	800.0	165.0	77.0	120.0	115.0	449.0	282.0	1093.0	108.0	430.0	288.0	153.0	318.0
NC_001401.2	2.0																	1.0																						1.0										
NC_001411.2	16.0								2.0									4.0																																
NC_001416.1	14.0		27.0	10.0	54.0	13.0	28.0		31.0	67.0	4.0	2.0			20.0	85.0	26.0		28.0	16.0	10.0	69.0				4.0		8.0				4.0					12.0	4.0	4.0	2.0			4.0	8.0				2.0		11.0
NC_001420.2											2.0																																							
NC_001422.1							27.0		2.0	7.0																																								
NC_001440.1	4.0		9.0																												1.0																			
NC_001469.1	380.0	14.0	28.0	15.0	354.0	5.0	96.0			19.0		25.0	5.0	7.0			41.0	32.0		4.0		8.0		18.0	9.0		5.0	2.0	3.0	2.0	3.0		8.0	2.0				9.0	2.0	1.0		1.0	1.0	3.0	3.0		17.0			
NC_001479.1																				2.0																														
NC_001493.2															1.0																													9.0						
NC_001499.1							1.0																																											
NC_001501.1										4.0	2.0																																		6.0					
NC_001504.1	79.0	7.0	10.0	13.0	10.0							2.0	2.0		2.0			12.0				2.0	8.0	10.0	38.0	50.0	45.0	78.0	111.0	93.0	65.0	10.0	7.0	43.0	60.0	44.0	30.0	107.0	64.0	7.0	10.0	21.0	87.0	22.0	267.0	28.0	17.0	70.0	33.0	94.0
NC_001539.1			4.0																																															
NC_001550.1																2.0																																		
NC_001554.1	346.0	4.0	32.0	2.0	15.0	3.0	12.0					25.0					39.0	27.0		5.0		7.0		1.0	1.0	1.0	4.0	3.0	11.0		2.0			4.0		1.0	2.0	4.0	2.0				1.0			3.0		6.0	2.0	2.0
NC_001556.1	604.0	68.0	121.0	103.0	20.0	80.0	227.0		16.0			98.0	59.0			10.0	11.0	326.0	29.0	10.0	47.0	39.0	4.0	40.0	107.0	90.0	104.0	102.0	145.0	119.0	163.0	47.0	2.0	13.0	74.0	16.0	24.0	56.0	24.0	12.0	20.0	23.0	25.0	17.0	34.0	142.0	6.0	41.0	28.0	28.0
NC_001557.1	227.0	1.0	6.0	3.0	2.0	3.0	6.0	22.0			11.0	8.0	8.0				2.0	3.0		8.0		18.0	3.0		12.0	63.0	2.0	11.0	25.0	12.0	27.0	2.0	3.0	2.0	7.0	5.0		4.0	11.0		12.0			8.0	25.0	10.0	4.0	4.0		3.0
NC_001604.1	1328.0	250.0	1671.0	549.0	1271.0	265.0	1579.0	640.0	1837.0	188.0	979.0	961.0	525.0	1718.0	4549.0	1825.0	3665.0	61.0	962.0	1116.0	279.0	1472.0	1319.0	673.0	153.0	1156.0	211.0	931.0	733.0		282.0	202.0	1492.0	326.0	439.0	256.0	260.0	1318.0	349.0	20.0	21.0	76.0	91.0	123.0	171.0	414.0	18.0	145.0	21.0	331.0
NC_001625.2																												8.0	20.0	15.0	15.0					2.0	1.0	34.0					6.0	9.0						2.0
NC_001642.1	3.0																																																	
NC_001664.4							3.0										22.0					1.0									1.0																			
NC_001672.1														1.0										1.0																										
NC_001697.1		2.0					2.0			2.0				2.0		28.0					18.0	4.0			2.0				4.0						1.0				1.0									2.0		
NC_001702.1																																	2.0																	
NC_001716.2																								1.0														2.0												
NC_001721.1	527.0	39.0	72.0	57.0	59.0	42.0	49.0			15.0		50.0	8.0				29.0	122.0	2.0	22.0		63.0	54.0	16.0	17.0	29.0	15.0	16.0	13.0	6.0	33.0		8.0	5.0			9.0	3.0	2.0	4.0		8.0	7.0	10.0	2.0		29.0	13.0	6.0	20.0
NC_001728.1	8.0																																																	
NC_001731.1																																																		1.0
NC_001741.1						2.0																																												
NC_001777.1	174.0	14.0	27.0	7.0	4.0	10.0	4.0					1.0	6.0			4.0	2.0	7.0			2.0	12.0		4.0				1.0	4.0				11.0						1.0											
NC_001782.1										2.0			1.0														1.0																							
NC_001801.1	3323.0	104.0	690.0	192.0	269.0	284.0	379.0	58.0		171.0	12.0	259.0	100.0	5.0		35.0	136.0	437.0		74.0	7.0	130.0	77.0	94.0	121.0	330.0	80.0	251.0	488.0	176.0	178.0	75.0	28.0	81.0	104.0	137.0	18.0	183.0	51.0	41.0	20.0	86.0	190.0	158.0	227.0	100.0	349.0	318.0	164.0	265.0
NC_001802.1																	2.0			2.0		894.0																												4.0
NC_001834.1	3.0		4.0		4.0																			2.0														2.0												
NC_001873.1	2.0	1.0		2.0	2.0			2.0																																										
NC_001874.1	13198.0	453.0	1512.0	354.0	758.0	304.0	249.0	26.0	93.0	4.0	46.0	152.0	68.0	10.0		15.0	95.0	706.0	2.0	34.0	31.0	13.0	2.0	83.0	28.0	10.0	16.0	36.0	58.0	28.0	64.0	14.0	6.0	2.0	14.0	10.0	9.0	15.0	8.0		4.0	12.0	36.0	22.0	186.0	76.0	68.0	199.0	24.0	72.0
NC_001875.2							1.0		2.0				4.0		1.0		2.0	2.0							1.0	1.0		1.0	4.0					1.0						2.0			3.0							2.0
NC_001899.1	2.0		2.0		2.0																																													
NC_001918.1			423.0																																															
NC_002016.1			18.0																																															
NC_002020.1																																																		3.0
NC_002034.1			207.0																																															
NC_002035.1			17.0																	2.0																												4.0		
NC_002167.1																			2.0																															
NC_002229.3	1.0					1.0	2.0																			1.0			1.0																					
NC_002331.1																2.0																																		
NC_002484.2		2.0																																																
NC_002512.2																1.0			1.0			2.0											1.0																	
NC_002568.2	12.0		2.0											4.0				1.0									2.0		8.0		2.0	2.0		1.0		4.0	1.0					2.0				10.0	8.0			
NC_002577.1																																						2.0												
NC_002643.1																																																		2.0
NC_002687.1												1.0																		2.0																				
NC_002692.1	680.0	27.0	159.0	30.0	18.0	71.0	76.0				4.0	34.0	22.0				44.0	127.0		58.0	796.0	21.0	11.0	6.0	25.0	5.0	8.0	4.0	30.0	23.0	10.0	2.0	4.0		11.0	1.0		37.0	8.0	33.0	18.0	16.0	19.0	7.0	66.0	4.0	81.0	24.0	18.0	53.0
NC_002730.1	2.0																																																	
NC_002792.2			5.0																																															
NC_002794.1																	2.0																																	
NC_002815.2	15.0			8.0									2.0					6.0																				10.0				2.0	7.0				6.0	1.0		
NC_003059.1																										3.0																								
NC_003224.1																																										2.0								
NC_003298.1				2.0				12.0	6.0			2.0	2.0		4.0	10.0	2.0		3.0		2.0			2.0	4.0								2.0						2.0											
NC_003315.1										1.0						24.0	2.0				4.0				2.0	2.0					2.0		1.0							2.0						2.0		2.0		
NC_003346.1							2.0																																											
NC_003355.1	30.0	2.0	2.0					6.0				4.0					2.0																																	
NC_003391.1													2.0																																					
NC_003444.1														2.0																																				
NC_003448.1																																																		2.0
NC_003487.1	420.0	10.0	7.0	2.0	1.0	3.0						1.0					10.0	4.0				1.0	2.0	3.0		8.0					2.0				3.0				4.0											
NC_003497.1											6.0																																							
NC_003500.3	69.0		16.0	9.0	4.0	1.0	10.0			4.0		7.0					2.0	11.0		4.0	5.0	2.0				2.0			11.0	7.0	5.0			1.0			3.0		12.0	2.0			10.0					8.0		8.0
NC_003532.1	37.0	10.0		4.0	14.0	3.0	12.0					4.0	4.0					2.0		1.0			2.0	4.0																						1.0				
NC_003537.1								1.0												1.0																														
NC_003610.1	2.0			2.0														1.0																																
NC_003630.1	3059.0	130.0	648.0	117.0	29.0	74.0	447.0	97.0		2.0		188.0	110.0	3.0		35.0	116.0	406.0		81.0	37.0	105.0	56.0	55.0	157.0	216.0	175.0	197.0	480.0	287.0	411.0	156.0	30.0	126.0	187.0	130.0	37.0	249.0	67.0	57.0	46.0	74.0	238.0	227.0	435.0	314.0	134.0	323.0	195.0	373.0
NC_003631.1	246.0		228.0		2.0		6.0						10.0				2.0			72.0										2.0																				
NC_003633.1	4.0																2.0																																	
NC_003634.1															2.0																																			
NC_003779.1	117.0	4.0	41.0	14.0		5.0						26.0					2.0	10.0				4.0			1.0													6.0							5.0			2.0		
NC_003781.1	276.0	5.0	28.0	11.0	2.0							8.0	2.0																																					
NC_003782.1	40.0	6.0	47.0	2.0	9.0		15.0						4.0					48.0				5.0		2.0	2.0	1.0			5.0	4.0					2.0									2.0	8.0	21.0	14.0	17.0	12.0	18.0
NC_003826.1	36.0		5.0	2.0			12.0													2.0		6.0	2.0			2.0																								
NC_003836.1									1.0										1.0																															
NC_003878.1	2.0	4.0		41.0		2.0												1.0				2.0				1.0	2.0		5.0		7.0			20.0									43.0		7.0	2.0	4.0	4.0		
NC_003924.1	527.0	29.0	59.0	18.0	46.0	7.0	41.0	5.0	16.0		16.0	6.0	19.0	4.0				26.0		4.0	9.0	8.0			13.0	2.0				2.0	4.0		1.0		3.0	2.0	3.0								6.0					
NC_004009.2	2.0																																																	
NC_004060.2	1877.0	34.0	276.0	54.0	12.0	16.0	69.0	489.0	246.0	25.0	4.0	23.0	21.0	10.0		50.0	9.0	62.0		20.0	2.0	6.0	15.0	4.0	3.0		4.0	5.0	13.0	2.0	3.0	6.0	1.0	1.0		39.0				6.0		2.0		6.0	76.0	4.0	185.0			1.0
NC_004065.1																				2.0																														
NC_004102.1							1.0									1.0						1.0																												
NC_004106.1		2.0		4.0	4.0		2.0											4.0													2.0					18.0						4.0								
NC_004107.1										12.0																																			8.0					
NC_004142.1	2.0								36.0	2.0							1.0																																	
NC_004146.1	14.0											2.0																																						
NC_004284.1	2.0		8.0		2.0																																													
NC_004287.1	2.0																							1.0																										
NC_004288.1							2.0																				2.0		3.0								2.0													
NC_004301.1			2.0																																															
NC_004333.2																2.0																																		
NC_004365.1	142.0	5.0	12.0	8.0	6.0	12.0	2.0					1.0					8.0	10.0						5.0	2.0	2.0				2.0						2.0		1.0		2.0				3.0				3.0	3.0	
NC_004422.1	1786.0	139.0	1378.0	146.0	8.0	152.0	187.0	5741.0			6.0	218.0	48.0	6.0		25.0	51.0	159.0		32.0	81.0	76.0	41.0	7.0	70.0	5.0	6.0	20.0	21.0	16.0	30.0	3.0	1.0	2.0	1.0	5.0	2.0	1.0	5.0		1.0		5.0		5.0		42.0	1.0	4.0	6.0
NC_004441.1			1.0																																															
NC_004452.3	91.0		2.0																																															
NC_004560.1																										1.0																								
NC_004725.1	84.0	1.0	9.0	12.0	20.0	2.0	6.0			23.0		11.0					35.0	6.0		6.0		4.0	2.0	2.0	2.0		10.0		40.0	4.0	3.0			4.0		2.0	9.0	2.0				18.0	1.0				24.0	21.0		
NC_004777.1	6.0		12.0	4.0	4.0		12.0		55.0	2.0	47.0	4.0	2.0	12.0	65.0	14.0	40.0	2.0	29.0	6.0	20.0	12.0	9.0	10.0	6.0	4.0			2.0		8.0		16.0	2.0	8.0		2.0	6.0								2.0				1.0
NC_004812.1																1.0																																		
NC_004813.1								2.0																																										
NC_004906.1			6.0	2.0														1.0																																
NC_004907.1			2.0																																															
NC_004910.1																																	2.0																	
NC_004995.1													3.0				8.0			6.0		14.0		1.0										2.0																
NC_005091.2																																														2.0				
NC_005092.1															2.0																							2.0												
NC_005261.3											2.0																																							
NC_005262.3																	1.0																																	
NC_005285.1	62.0	2.0	5.0		10.0		6.0			17.0							2.0	2.0						2.0																		2.0		1.0						
NC_005287.1	15.0		12.0	6.0	4.0							2.0																																						
NC_005341.1	6.0		4.0		12.0	1.0																																	1.0											
NC_005342.2										2.0																																								
NC_005344.1	79.0																																																	2.0
NC_005817.1	237.0	8.0					35.0						12.0																																					
NC_005818.1	31.0		17.0	9.0	1.0		16.0							11.0																																				
NC_005819.1	4.0	5.0	25.0																		2.0																													
NC_005841.1	2.0																																																	
NC_005856.1	10.0		4.0	9.0	2.0		8.0	31.0			6.0				37.0		4.0		148.0	2.0			6.0				2.0					2.0	2.0								4.0			7.0						
NC_005886.2										4.0																																								
NC_005887.1																																				2.0														
NC_005898.1							1.0				2.0	3.0			6.0	2.0	4.0	13.0		2.0	2.0															3.0														
NC_005899.1												20.0	7.0	2.0				5.0		13.0	6.0	31.0									2.0																			
NC_005946.1																																												1.0						
NC_006430.1										35.0	82.0				36.0													12.0	4.0			9.0	10.0	19.0			8.0								26.0	41.0				
NC_006557.1														2.0																																				
NC_006559.1																					9.0																													
NC_006560.1													2.0																																					
NC_006641.1							1.0																										2.0																	
NC_006659.1																			2.0			1.0																												
NC_006820.1	11.0				4.0				2.0	6.0	1.0	2.0				4.0	2.0					2.0				4.0					1.0																			1.0
NC_006882.2	2.0																																																	
NC_006883.2																	2.0																																	
NC_006884.2					4.0																																													
NC_006939.1	21.0		2.0		6.0							2.0										2.0		2.0		2.0					3.0							1.0												
NC_006960.1			1.0																												1.0																			
NC_007057.1											2.0																																							
NC_007059.1											2.0																																							
NC_007145.2						2.0			4.0	4.0				2.0		2.0					4.0	1.0	2.0	2.0											2.0						1.0	4.0				2.0				
NC_007367.1							2.0																																											
NC_007377.1			1.0																																															
NC_007456.1										4.0																		1.0																						
NC_007636.1	6.0																																																	
NC_007729.1	5861.0	349.0	2140.0	355.0	1103.0	119.0	1339.0	125.0	101.0		35.0	595.0	154.0	143.0		20.0	795.0	761.0		108.0	82.0	330.0	25.0	18.0	39.0	30.0	8.0	45.0	25.0	17.0	44.0				10.0	2.0	15.0	12.0	2.0			2.0	8.0				2.0			
NC_007767.1																				1.0																														
NC_007805.1		2.0											2.0																																					
NC_007815.2																												4.0				2.0	4.0																	
NC_007816.2	2.0			2.0																																														2.0
NC_007856.1																																											2.0							
NC_007993.1														1.0																								1.0												
NC_008030.1																																	2.0																	
NC_008040.1																																																		78.0
NC_008168.1	214.0	1.0	13.0	61.0	38.0	34.0	135.0	160.0	25.0	29.0	42.0	36.0	28.0	101.0	58.0	68.0	86.0	64.0	20.0	125.0	37.0	172.0	60.0	54.0	24.0	64.0	51.0	92.0	101.0	19.0	85.0	28.0	14.0	194.0	30.0	60.0	22.0	38.0	10.0	8.0	7.0	12.0	13.0	82.0	27.0	64.0	14.0	19.0	6.0	167.0
NC_008193.1																					2.0																													
NC_008200.1											2.0																																							
NC_008294.1			2.0		2.0																	1.0																												
NC_008296.2	2.0																	2.0									2.0																				2.0			2.0
NC_008310.2						1.0																				1.0																								
NC_008562.1	39.0	4.0		3.0	8.0					15.0					4.0		1.0			4.0		12.0	4.0	5.0		17.0	4.0	44.0	95.0		8.0	4.0	65.0	21.0	8.0	6.0	15.0	18.0	4.0		2.0			3.0	14.0	4.0	11.0		2.0	21.0
NC_008574.2																														2.0																				
NC_008614.1	3.0					2.0																																												
NC_008722.1					1.0										22.0																																			
NC_008723.1					2.0																																													
NC_008724.1																				1.0																														
NC_008725.1		1.0			1.0					1.0						1.0			1.0																															
NC_008912.1	1.0				2.0		1.0					1.0	3.0		1.0				3.0				1.0			4.0			2.0			1.0							1.0					10.0						2.0
NC_008913.1	1.0						2.0						1.0		1.0				1.0								1.0															1.0								1.0
NC_008925.1													1.0										1.0																											
NC_008962.1															2.0		1.0																																	1.0
NC_009025.1																									4.0																									
NC_009041.1	364.0	25.0	71.0	12.0	36.0	6.0	20.0	151.0	2.0	10.0	8.0	4.0	2.0	2.0			12.0	2.0	2.0	16.0	18.0						4.0	2.0						1.0		2.0														2.0
NC_009127.1			1.0										6.0		2.0				1.0		3.0				1.0	1.0							2.0						2.0	1.0				1.0						
NC_009234.1									6.0		3.0					2.0					2.0	3.0	2.0																			4.0		2.0						2.0
NC_009382.1																		2.0			4.0																													
NC_009424.5																			1.0						1.0																			1.0						
NC_009503.1						7.0					6.0									4.0				6.0								8.0					18.0					6.0		3.0		2.0			2.0	
NC_009514.1														2.0																																				
NC_009533.1	340.0	8.0	62.0	23.0	52.0	2.0	77.0	2.0		58.0	21.0	43.0	19.0	32.0		36.0	14.0	23.0		56.0	45.0	23.0	25.0	27.0	4.0				2.0														2.0							
NC_009541.1									4.0																																									
NC_009642.1	4.0	2.0	2.0																																															4.0
NC_009758.1																																							1.0											
NC_009823.1					1.0							1.0			1.0					3.0																														
NC_009827.1															1.0	1.0																																		
NC_009889.1										12.0	4.0				2.0																														4.0	4.0				
NC_009899.1													1.0		1.0																																			
NC_010105.1							2.0																																											
NC_010116.1														2.0																																				
NC_010393.1											2.0																																							
NC_010811.2														4.0								2.0											6.0																	
NC_010944.1	2.0																																																	
NC_011038.1																				1.0														2.0																
NC_011042.1	27.0																																																	
NC_011043.1														2.0																																				
NC_011045.1	53.0	10.0	4.0	15.0	9.0	2.0	31.0	8.0	115.0	12.0	23.0	10.0	18.0	75.0	192.0	62.0	127.0	16.0	20.0	14.0	6.0	20.0	16.0	2.0	8.0	12.0		8.0	7.0		6.0	8.0	71.0		4.0	12.0	13.0	16.0	12.0			6.0		1.0		1.0		2.0	2.0	2.0
NC_011048.1									8.0																																									
NC_011056.1									1.0																																									
NC_011142.1	1.0			2.0		1.0			4.0								2.0			1.0												2.0						1.0												
NC_011201.1																				1.0																														
NC_011273.1	2.0																																																	
NC_011285.1											2.0																																							
NC_011317.1	4.0		4.0																							2.0																								
NC_011345.1														1.0																																				
NC_011356.1							11.0						2.0																																					
NC_011357.1	1.0	2.0																																																
NC_011399.1																														2.0								2.0												
NC_011421.1	1.0													3.0	1.0	2.0	4.0										1.0	1.0													1.0									
NC_011535.1	306.0	11.0	33.0	5.0	12.0	9.0	19.0	1.0	2.0	93.0		22.0	6.0				23.0	32.0		4.0	2.0	3.0		1.0	1.0	2.0	1.0	8.0	10.0	2.0	2.0					2.0	5.0		5.0				9.0	1.0				5.0		
NC_011588.1										2.0												1.0		1.0																										
NC_011643.1	2.0	1.0	2.0															2.0						76.0	46.0	77.0	43.0	146.0	566.0	330.0	311.0	38.0	48.0	44.0	103.0	102.0	50.0	141.0	12.0	12.0	1.0	6.0	120.0	75.0	237.0	53.0	424.0	251.0	31.0	72.0
NC_011659.1																																											2.0							
NC_012635.1	2.0																																																	
NC_012685.1						12.0																																												
NC_012696.1			2.0																																															
NC_012756.1																						1.0																												
NC_012783.2													2.0				2.0		2.0																1.0									3.0						
NC_013025.1			2.0																																															
NC_013026.1	58.0		8.0				2.0					2.0										1.0				10.0			2.0		1.0	2.0							11.0						24.0					
NC_013027.1																													1.0																					2.0
NC_013085.1	39.0		3.0	5.0	14.0				2.0	8.0	6.0	2.0			10.0								2.0																				2.0							
NC_013110.1												1.0																																						
NC_013116.1	108.0	2.0	11.0	4.0	39.0	80.0	2.0			10.0			7.0		14.0		9.0		2.0	2.0		2.0		24.0		1.0	4.0		4.0				2.0		1.0															4.0
NC_013220.1			1.0																																															
NC_013221.1			1.0					1.0								1.0																																		
NC_013288.1																							1.0																											
NC_013458.1																																																		11.0
NC_013459.1																																																		2.0
NC_013460.1																																															1.0			2.0
NC_013651.1																													2.0																					
NC_013668.3																								1.0																										
NC_014636.1																																	2.0																	
NC_014660.1					1.0																										2.0																			
NC_014765.1																							2.0						4.0																					
NC_014929.1			10.0																																															
NC_015070.1							2.0																																											
NC_015251.1						2.0			2.0																																									
NC_015271.1	2.0								4.0			4.0					4.0					2.0				2.0							2.0																	
NC_015279.1	3.0			4.0															1.0			2.0																												
NC_015281.1									1.0																																									
NC_015282.1									2.0					2.0																									1.0											
NC_015283.1							2.0																																											
NC_015284.1															2.0																																			
NC_015285.1							2.0																																											
NC_015286.1				2.0																					2.0																									
NC_015287.1																			2.0				1.0																											
NC_015288.1									1.0																				2.0																					
NC_015289.1																2.0																		1.0																
NC_015297.1																												1.0																						
NC_015453.1														7.0																																				
NC_015454.1									44.0											2.0																														
NC_015465.1								2.0							4.0		2.0																1.0																	
NC_015938.1						1.0																		1.0			2.0															4.0	3.0	4.0					2.0	
NC_016031.1	1.0					1.0																																												
NC_016033.1	470.0	2.0	87.0	4.0	1.0									2.0				1.0				11.0	46.0	49.0	52.0	194.0	32.0	220.0	1732.0	780.0	1061.0	123.0	128.0	166.0	130.0	189.0	219.0	387.0	63.0	19.0	28.0	46.0	175.0	145.0	212.0	341.0	1546.0	205.0	50.0	269.0
NC_016072.1										2.0																																								
NC_016154.1																												2.0																						
NC_016158.1					2.0	4.0													2.0			2.0		4.0	2.0															2.0										
NC_016160.1								1.0																																										
NC_016164.1																	2.0																																	
NC_016405.1						6.0																																												
NC_016447.1																														1.0																	1.0			
NC_016564.1	24.0		111.0	7.0		1.0	2.0		8.0			6.0					9.0					3.0		2.0	2.0	29.0		2.0	27.0	2.0			45.0	17.0	9.0		4.0	19.0	4.0			1.0	2.0			3.0	4.0		2.0	20.0
NC_016656.1			2.0																																															
NC_016762.1									4.0										17.0			2.0																												
NC_016765.1		2.0													4.0							10.0						2.0									1.0			4.0			2.0							
NC_016766.1	2.0								5.0			3.0	8.0				2.0			2.0																	3.0													
NC_017084.1	5.0								2.0	262.0			4.0		8.0		2.0	2.0		2.0	24.0			3.0	2.0	1.0																			4.0	5.0		3.0	6.0	53.0
NC_017914.1	200.0	1.0	222.0	21.0	13.0	20.0	22.0					3.0	5.0	3.0			7.0	29.0		1.0				7.0	7.0	18.0				2.0	2.0		3.0			9.0							1.0	4.0						
NC_017972.1														1.0																																				
NC_017974.1														2.0	1.0				2.0																												2.0			
NC_017991.1							33.0																																											
NC_018087.3	2.0																																																	
NC_018274.1																						1.0																												
NC_018278.1																																		2.0																
NC_018281.1					8.0					2.0					2.0																																			
NC_018284.1					6.0	2.0									77.0			2.0																																
NC_018399.1	6.0						5.0																																											
NC_018452.1																	2.0																																	
NC_018464.1					1.0																																													
NC_018476.1																			8.0																												2.0			
NC_018835.1					1.0																																													
NC_018838.1									32.0					4.0																																				
NC_018839.1									242.0																																									
NC_018840.1									120.0																																									
NC_018841.1																						2.0																												
NC_018842.1									89.0																																									
NC_018845.1									12.0																																									
NC_018847.1									4.0										2.0																															
NC_018849.1									2.0																																									
NC_018851.1									15.0																																									
NC_018852.1									4.0					1.0																																				
NC_018874.1																																					1.0										1.0			
NC_019416.1									8.0						7.0	2.0						2.0																												
NC_019443.1															2.0																		1.0																	
NC_019444.1		4.0																																																
NC_019445.1			2.0		3.0														3.0											2.0											1.0									
NC_019453.1	27.0		12.0		1.0												16.0	6.0											8.0							2.0		3.0								7.0	24.0	3.0		17.0
NC_019491.1	4.0					2.0						2.0	2.0	2.0			1.0		5.0			1.0		2.0	1.0			4.0	4.0						1.0	2.0	2.0		2.0					2.0			2.0	2.0		2.0
NC_019492.1			6.0																																															
NC_019495.1																	1.0																															1.0		
NC_019501.1	23.0																																																	
NC_019516.2	6.0																																																	
NC_019522.1	1.0																																																	
NC_019526.1										1.0							2.0																																	
NC_019541.1																																																1.0		
NC_019559.2				1.0									1.0											1.0																										
NC_019705.1																																											1.0							
NC_019710.1																																																		2.0
NC_019711.1	8.0	2.0	18.0	8.0	45.0	4.0	27.0		20.0	37.0	17.0	4.0				6.0	18.0		13.0	2.0	2.0	76.0			2.0	2.0		2.0						4.0			2.0				2.0		6.0	7.0				2.0		
NC_019716.1					1.0									2.0																	2.0			2.0																
NC_019719.1															2.0																																			
NC_019720.1																																												2.0						
NC_019723.1	13.0		27.0	10.0	45.0	12.0	16.0	6.0	16.0	30.0	2.0				2.0	16.0	22.0		26.0	2.0	2.0	64.0				4.0		4.0				4.0		2.0	4.0		5.0			1.0	2.0	1.0	2.0	14.0						2.0
NC_019767.1			2.0						10.0																																									
NC_019768.1				2.0																																														
NC_019769.1																																			2.0															
NC_019923.1																																		2.0																
NC_019929.1						3.0	2.0		1.0					2.0										1.0				2.0												1.0										
NC_019930.1																											3.0																							
NC_020073.2	37.0		6.0	4.0	23.0	6.0	5.0		8.0	2.0		1.0	1.0				15.0	14.0		1.0				2.0	4.0			2.0			6.0					1.0							2.0				2.0		2.0	1.0
NC_020101.1																										1.0																								
NC_020104.1																																		1.0																
NC_020201.1																				4.0																														
NC_020231.1	1.0			1.0		1.0													1.0	1.0			1.0						1.0	1.0																	2.0			
NC_020235.1					1.0					1.0																																								
NC_020416.1									2.0																																					1.0				
NC_020474.2															2.0				1.0																															
NC_020481.1															5.0																																			
NC_020486.1	8.0			1.0	2.0														4.0																															4.0
NC_020488.1			3.0														2.0																																	
NC_020489.1	1.0																																				1.0													
NC_020490.2									2.0		2.0				4.0																																			
NC_020837.1					1.0												2.0																																	
NC_020842.1									2.0					2.0	1.0																																			
NC_020845.1																																											2.0							
NC_020851.1	9.0			2.0			4.0							3.0			2.0																					1.0												
NC_020854.1																																	2.0																	
NC_020859.1														2.0								2.0							2.0																					
NC_020865.1	4.0																							2.0																										
NC_020866.1																			5.0				2.0																			1.0								
NC_020867.1	8.0		2.0	1.0																		10.0	2.0																											
NC_020875.1														2.0	15.0							2.0							1.0																					
NC_020878.1																2.0																																		
NC_020879.1									4.0																																									
NC_021071.1			2.0		4.0														2.0																									2.0						
NC_021095.1																																								1.0										
NC_021246.1																																											1.0							
NC_021312.1													1.0						1.0														1.0				1.0													
NC_021318.1														2.0																																				
NC_021342.2																																													2.0					
NC_021530.1	2.0																																																	
NC_021773.2					1.0																																													
NC_021798.1				2.0																																														
NC_021857.1				2.0																																														
NC_021858.1											2.0		1.0				1.0					5.0				1.0																								
NC_021901.1			1.0																																															
NC_021924.1																																														2.0				
NC_022058.1																					2.0																													
NC_022066.1						8.0						2.0																																						
NC_022096.1	5.0				7.0		2.0							2.0		2.0	1.0		32.0				2.0					4.0	2.0		1.0									2.0					4.0	1.0				
NC_022098.1							1.0					2.0	7.0		1.0				2.0					2.0		1.0		3.0			2.0								1.0		1.0			2.0			2.0			1.0
NC_022230.1	38.0	12.0	16.0	65.0		14.0	157.0				2.0	9.0	12.0			10.0	10.0	49.0		71.0		2.0	14.0			8.0		16.0	4.0	6.0	13.0			2.0	2.0	8.0							1.0		1.0		3.0	16.0	4.0	17.0
NC_022249.1								6.0																																										
NC_022334.1									54.0					2.0															2.0																					
NC_022335.1									32.0																																									
NC_022336.1									87.0					1.0																																				
NC_022337.1			1.0												2.0																			4.0																
NC_022338.1									172.0					1.0																																				
NC_022339.1									10.0	2.0																																								
NC_022340.1									3.0																																									
NC_022342.1									6.0																																									
NC_022518.1	9.0				16.0		21.0			45.0	27.0			21.0	1378.0	4.0			13.0	10.0	2.0	2.0				7.0	2.0						4.0																	
NC_022614.1																1.0																																		
NC_022749.1			52.0	2.0						2.0				12.0								4.0																												
NC_022751.1																																	2.0																	
NC_022892.1					2.0														2.0																															
NC_022895.1	28.0				2.0	4.0																			2.0				2.0		2.0		6.0																	
NC_022915.1																																																		2.0
NC_022987.1	2.0																																																	
NC_023006.1				1.0																																														
NC_023009.1																												1.0			2.0																			
NC_023339.1	287.0	5.0	35.0	1.0	18.0	14.0	21.0	10.0		134.0		9.0	4.0	18.0			14.0	19.0		2.0		1.0		13.0		4.0		2.0	10.0	4.0	2.0	2.0						3.0	2.0			8.0						7.0		4.0
NC_023427.1																									1.0																									
NC_023500.1								4.0																																										
NC_023556.1			2.0																							6.0							2.0																	
NC_023569.1																								1.0																										
NC_023574.1		1.0																																																
NC_023575.1																						2.0																												
NC_023576.1	4.0									2.0																																								
NC_023579.1																	1.0																																	
NC_023586.1																		4.0												10.0																				
NC_023587.1					12.0																																													
NC_023588.1			4.0	1.0		6.0			4.0							4.0																								2.0										
NC_023615.1															8.0																																			
NC_023636.1	1.0																																																	
NC_023639.1										239.0																																								
NC_023675.1																		1.0																																
NC_023676.1						2.0																																										2.0		
NC_023685.1																			1.0																															
NC_023717.1															3.0		2.0					2.0																									115.0			
NC_023729.1																																											2.0							
NC_023842.1	1.0						11.0																		2.0		2.0									1.0												2.0		
NC_023843.1	1.0	4.0				13.0																				2.0	2.0											12.0	4.0	8.0										
NC_023844.1	31.0	2.0																								2.0																								
NC_023850.1																								9.0	7.0	61.0	2.0	9.0	23.0		8.0		3.0	13.0	5.0	4.0		3.0	16.0	1.0			2.0	26.0		8.0				24.0
NC_023851.1	42.0	2.0	5.0		2.0	13.0						4.0					6.0							113.0	15.0	434.0	29.0	55.0	201.0		215.0	9.0	65.0	61.0	13.0	12.0	37.0	115.0	58.0				38.0	2.0	2.0	4.0		2.0		10.0
NC_023869.1																																						3.0												
NC_023871.1	7.0		3.0	1.0		31.0	44.0										5.0											1.0	1.0																					
NC_023872.1	4.0																																																	
NC_023879.1						7.0																																												
NC_024354.1										2.0				2.0					2.0																			2.0										2.0		
NC_024379.1	8.0																																																	
NC_024450.1							1.0	2.0																																										
NC_024458.1	94.0	6.0	2279.0	16.0		6.0	121.0					6.0	2.0				6.0	30.0		2.0										2.0					1.0								17.0						2.0	2.0
NC_024488.1	4.0																																																	
NC_024492.1																																																		56.0
NC_024493.1																																																		1.0
NC_024502.1															1.0		2.0																																	
NC_024689.1	2.0																																																	
NC_024690.1	79.0	21.0	90.0	12.0	2.0	47.0	2.0			3.0	34.0	2.0					6.0		19.0		4.0																													4.0
NC_024691.1	298.0	5.0	1.0		2.0		4.0					8.0		6.0			4.0		8.0		1.0	4.0				12.0																								
NC_024709.1																1.0	4.0			1.0																														1.0
NC_024792.1														1.0		2.0		3.0																												2.0				
NC_024909.1	181.0	2.0	139.0	50.0	25.0	94.0	35.0			4.0	15.0	1.0	16.0	34.0			71.0		5.0	4.0	10.0	5.0						2.0			1.0							12.0												4.0
NC_025381.1																		22.0																	1.0															
NC_025414.1															2.0																																			
NC_025436.1	2.0																																																	
NC_025455.1	2.0														2.0	10.0					2.0	4.0																												
NC_025456.1	58.0	7.0	21.0	6.0	143.0		18.0	13.0	4.0		8.0	27.0		2.0	66.0	5.0	15.0			6.0	2.0	28.0	5.0	5.0	2.0	9.0	1.0	10.0	12.0		6.0		2.0		4.0	7.0		6.0					7.0		8.0					4.0
NC_025461.1	27.0				8.0	2.0	4.0		5.0			2.0		4.0	17.0	4.0	6.0				1.0	12.0	3.0			2.0		2.0	6.0		2.0																			
NC_025462.1				1.0																																														
NC_025464.1	26.0	6.0	19.0	5.0	14.0				4.0	19.0		2.0			56.0	5.0				2.0	10.0	4.0				2.0		4.0	4.0		4.0			4.0																
NC_025470.1			4.0																																			4.0												
NC_025729.1																30.0																																		
NC_025730.1	6.0																																																	
NC_025731.1			4.0																																															
NC_025732.1	2.0		3.0			2.0																																												
NC_025734.1							10.0																																											
NC_025735.1																													4.0																					
NC_025741.1																																													2.0					
NC_025790.1															1.0																																			
NC_026144.1						2.0																																												
NC_026161.1	9.0		20.0																					2.0																										2.0
NC_026163.1																							8.0																											
NC_026164.1		7.0	1.0	4.0																									1.0																					
NC_026165.1	1.0						2.0										2.0																																	
NC_026167.1	2.0																						2.0			2.0			2.0										2.0							2.0				
NC_026168.1	8.0		2.0				4.0							3.0		4.0				1.0																														
NC_026169.1	257.0	14.0	31.0	5.0	17.0	1.0	2.0				2.0	2.0					4.0			5.0	11.0	5.0	6.0	3.0		15.0			2.0						2.0					2.0			5.0		7.0	6.0				10.0
NC_026254.1	5.0		2.0				2.0					2.0																																	8.0					
NC_026258.1																										2.0			17.0		2.0																			2.0
NC_026264.1																																																	5.0	
NC_026273.1			2.0													2.0																																		
NC_026274.1																				5.0																														
NC_026275.1			1.0							1.0																		1.0	5.0														3.0							
NC_026277.1																																		2.0									2.0	2.0						
NC_026278.1																																																2.0		
NC_026280.1													10.0																																					
NC_026426.1			4.0																																															
NC_026428.1																		2.0																																
NC_026431.1																			1.0																															
NC_026440.1										1.0					1.0			2.0				1.0																									2.0			
NC_026601.1														2.0																																				
NC_026607.2									2.0																																					4.0				
NC_026612.1			1.0																																															
NC_026613.1	28.0																																																	
NC_026645.1	2.0			1.0																																														
NC_026808.1			5.0														4.0																																	
NC_026809.1	8.0											1.0																																						
NC_026817.1	28.0		21.0																																2.0															
NC_026818.1	3.0					17.0	1.0			525.0						1.0	2.0							2.0		60.0		1.0											12.0				8.0	2.0						
NC_026924.1																													4.0																					
NC_026926.1	2.0														2.0																																			
NC_026927.1							2.0																																											
NC_026928.1	2.0									2.0																																								2.0
NC_027125.1			8.0																																															
NC_027130.1	1.0			2.0																																														
NC_027132.1	2.0																																																	
NC_027198.1																																				3.0						1.0								
NC_027294.1														2.0																																				
NC_027295.1									17.0																																									
NC_027333.1						4.0			75.0					2.0																																2.0				
NC_027336.1									2.0																																									
NC_027339.1									6.0						11.0																																			
NC_027344.1									5.0																																									
NC_027346.1									2.0																																									
NC_027347.1									77.0		1.0																																							
NC_027348.2																4.0																																		
NC_027354.1									24.0																																									
NC_027357.1									10.0																																									
NC_027361.1									12.0																																									
NC_027362.1									23.0		8.0																																							
NC_027364.1																										2.0																								
NC_027366.1																								2.0				1.0																						
NC_027367.1									107.0																				2.0																					
NC_027370.1									2.0																			2.0																						
NC_027371.1									2.0										8.0																															
NC_027373.1									1751.0																																						2.0			
NC_027374.1					2.0																																													
NC_027376.1									2.0																																									
NC_027380.1									39.0																																									
NC_027385.1									6.0																																									
NC_027386.1									370.0																																									
NC_027387.1	2.0		2.0		6.0		8.0		6.0		2.0	2.0	2.0	15.0	24.0	10.0	16.0		7.0	2.0	2.0	20.0				2.0		2.0					20.0	2.0				4.0					2.0	2.0	2.0					
NC_027389.1									2.0																			1.0																						
NC_027391.1									4.0																																									
NC_027392.1									8.0					4.0																																				
NC_027396.1							2.0																																							1.0				
NC_027400.1									8.0					6.0																																				
NC_027401.1									110.0									1.0																																
NC_027402.1																						2.0																												
NC_027403.1									4.0					6.0																																				
NC_027405.1									9.0					1.0																																				
NC_027620.1									2.0																																									
NC_027621.1									2.0					6.0														2.0																						
NC_027622.1									4.0																																									
NC_027623.2									11.0																																									
NC_027624.1									7.0																																									
NC_027625.1									8.0																																					4.0				
NC_027626.1																							2.0																											
NC_027627.1									7.0								1.0																																	
NC_027628.1	2.0								221.0																																									
NC_027629.1									8.0	2.0																																								
NC_027630.1									4.0					2.0								2.0											5.0					1.0												
NC_027633.1	2.0	2.0		1.0	2.0	1.0			2.0	8.0	4.0			2.0		2.0			4.0									2.0	6.0									5.0											2.0	2.0
NC_027636.1	2.0		5.0				2.0			4.0		2.0			2.0	2.0						3.0				4.0			2.0		2.0					4.0		2.0									2.0	14.0		4.0
NC_027639.1								4.0																																										
NC_027642.1	6.0		2.0																									2.0																						
NC_027645.1	2.0																																		2.0															
NC_027648.1																																															5.0			
NC_027713.1	10.0																																																	
NC_027867.1															5.0																													1.0						
NC_027925.1							1.0																																											
NC_027980.1	4.0																																																	
NC_027984.1	37.0	4.0	19.0	6.0	74.0		14.0	16.0		24.0	16.0	14.0				25.0	7.0	1.0	312.0		10.0	16.0	2.0	1.0		2.0													4.0				2.0							
NC_027986.1																										2.0																								
NC_027997.1			2.0																																															
NC_028045.1										141.0																																								
NC_028092.1																							1.0																											
NC_028094.1													2.0																																	1.0				
NC_028099.1				2.0																																														2.0
NC_028108.1								2.0																																										
NC_028379.1							1.0									1.0																																		
NC_028459.1	387.0	19.0	130.0			40.0	1.0					14.0	32.0											53.0	8.0	4.0		8.0			2.0		10.0					67.0				12.0	22.0	5.0	10.0	2.0	8.0	13.0	2.0	180.0
NC_028461.1																												2.0										1.0												
NC_028478.1	1000.0	70.0	104.0	85.0	221.0	198.0	126.0				12.0	26.0	38.0	10.0	30.0		16.0	224.0		32.0	80.0	56.0	25.0	22.0	33.0	41.0	21.0	84.0	182.0	22.0	24.0	9.0	27.0	8.0	37.0	44.0		18.0	20.0	4.0	22.0	52.0	59.0	80.0	64.0	24.0	33.0	118.0	71.0	224.0
NC_028491.1										1.0																																								
NC_028656.1	10.0																																																	4.0
NC_028657.1		2.0							1.0										8.0																					7.0										
NC_028663.1	2.0																2.0			1.0				2.0																										
NC_028667.1		6.0					1.0							6.0																																				
NC_028672.1																	2.0																												2.0					
NC_028688.1														2.0																																				
NC_028694.1													2.0																																					
NC_028695.2	2.0																																																	
NC_028696.2																				2.0																														
NC_028809.1																				6.0								2.0					2.0																	
NC_028816.1						3.0																																												
NC_028821.1																							1.0																											
NC_028822.1																																																2.0		
NC_028827.1																					2.0																													
NC_028830.1																			14.0																															
NC_028834.1	1.0																																																	
NC_028880.1																																																		2.0
NC_028903.1					2.0																																													
NC_028908.2			2.0																																															
NC_028931.1																																										5.0								12.0
NC_028955.1			2.0																																															
NC_028967.1							2.0		10.0			2.0																																						
NC_028980.1																	2.0																																	
NC_028987.2										2.0																																								
NC_028993.1	2145.0	153.0	946.0	160.0	457.0	236.0	752.0	30.0	116.0	87.0	33.0	42.0	42.0	41.0	13.0	33.0	144.0		47.0	42.0	22.0	128.0	25.0	57.0	16.0	38.0	3.0	10.0	19.0		21.0	8.0			2.0	3.0	1.0	5.0	13.0			2.0	11.0	10.0	19.0	19.0	12.0	2.0	2.0	8.0
NC_028994.1	3547.0	325.0	4593.0	243.0	1670.0	396.0	1000.0	177.0	166.0	533.0	97.0	240.0	94.0	109.0	784.0	123.0	747.0	3.0	80.0	311.0	87.0	679.0	152.0	605.0	128.0	530.0	82.0	143.0	316.0		162.0	24.0	73.0	60.0	72.0	39.0	67.0	260.0	106.0	7.0	16.0	2.0	62.0	72.0	178.0	112.0	187.0	93.0	22.0	401.0
NC_028999.1		2.0				2.0													14.0				2.0							2.0															4.0	2.0				
NC_029002.1	22.0				2.0					2.0									2.0	6.0		12.0	6.0	7.0	4.0	62.0		87.0	54.0		18.0	8.0	58.0	43.0	6.0	5.0	8.0	33.0	2.0		3.0	2.0		4.0	4.0		54.0	4.0		36.0
NC_029009.1																2.0							2.0							2.0																		2.0		2.0
NC_029025.1							2.0																																											
NC_029031.1					1.0															2.0																														
NC_029035.2																1.0																																		
NC_029052.1	14.0	3.0	8.0				2.0					11.0						1.0										2.0		2.0															2.0			6.0		
NC_029061.1					5.0																																													
NC_029098.1																												1.0																						
NC_029119.1	12.0			2.0			10.0		23.0						117.0				4.0					2.0														2.0								3.0				
NC_029302.1																1.0			3.0									1.0	1.0																					
NC_029563.1												1.0																																						
NC_029579.1										4.0																																								
NC_029582.1	9.0		6.0	2.0		2.0			12.0		2.0																																							
NC_029583.1																													2.0																					
NC_029587.1	2.0		54.0																												2.0											5.0								
NC_029592.1																													2.0					7.0			8.0											2.0		207.0
NC_029598.1	1.0																																																	
NC_029613.1	1.0																																																	
NC_029616.1							2.0																			2.0					2.0									2.0										
NC_029635.1							4.0																																											
NC_029636.1	9.0			6.0			2.0					2.0								3.0	6.0			2.0		2.0					2.0																			1.0
NC_029637.1											2.0													16.0		37.0		2.0	2.0					10.0					8.0								4.0			2.0
NC_029638.1							4.0																																											
NC_029639.1																																	1.0										2.0							14.0
NC_029640.1														1.0																																				
NC_029853.1																											2.0	6.0	1.0					2.0																
NC_029900.1	33.0																									4.0					1.0																			
NC_030135.1	2.0																																																	
NC_030138.1	2.0	16.0	4.0																																															
NC_030139.1	8.0				2.0									1.0																																				
NC_030140.1				2.0																						2.0			11.0							1.0		4.0												5.0
NC_030141.1	27.0	1.0																								5.0																								
NC_030144.1	7.0		20.0																																															
NC_030145.1	14.0	2.0	9.0				4.0										1.0									2.0																								
NC_030146.1	14.0		10.0				5.0														4.0					2.0																								
NC_030147.1	254.0		4.0																			4.0																1.0	2.0								2.0			
NC_030200.1																	1.0		1.0							1.0												1.0												
NC_030229.1	2.0						2.0																																											
NC_030230.1	4.0	2.0		3.0																											1.0		2.0	4.0																
NC_030447.1	114.0	2.0	18.0		2.0	5.0	16.0				3.0	2.0					2.0			2.0		2.0				4.0	1.0		7.0										2.0				2.0		2.0	6.0	1.0			20.0
NC_030448.1					4.0	2.0																						1.0													2.0									
NC_030449.1						2.0																															2.0													
NC_030452.1	48.0		24.0	10.0	11.0		5.0			6.0		11.0					40.0	10.0		7.0	2.0			2.0	2.0	2.0			5.0		6.0												2.0							
NC_030455.1			2.0																													2.0																		
NC_030456.1							2.0													3.0			2.0	279.0		29.0		17.0	10.0		79.0	79.0				4.0	24.0	185.0	14.0			8.0	2.0	2.0		48.0	31.0	3.0	6.0	57.0
NC_030457.1							3.0				68.0										2.0															1.0														2.0
NC_030465.1			16.0									2.0																																						
NC_030469.1	2.0														2.0				55.0														17.0																	
NC_030470.1							48.0	14.0				16.0								2.0	4.0			6.0	4.0			1.0					2.0																	
NC_030474.1																																		4.0																
NC_030475.1																																																		4.0
NC_030476.1																																															2.0			
NC_030477.1																												6.0								1.0														16.0
NC_030478.1							1.0					2.0	2.0									4.0							2.0																	5.0				
NC_030887.1																																														23.0				
NC_030909.1																						6.0																												
NC_030917.1							2.0																																											
NC_030918.1														2.0																																				
NC_030923.1																																											6.0							
NC_030931.1			2.0						1.0																																									
NC_030940.1		20.0																	2.0																															
NC_030948.1											2.0			6.0																																				
NC_031003.1									6.0																																									
NC_031005.2									61.0								2.0		4.0																															
NC_031020.1									4.0																																									
NC_031032.1						1.0	1.0					1.0								2.0									2.0																					
NC_031033.1															1.0																																			
NC_031048.1			16.0																																															
NC_031065.1							2.0		2.0										2.0											4.0																				
NC_031077.1																						2.0																												
NC_031084.1									10.0																								2.0																	
NC_031091.1		8.0		2.0	34.0								3.0									8.0																												
NC_031098.1																2.0																																		
NC_031108.1																													2.0																					
NC_031114.1	19.0		6.0	10.0			20.0		35.0	2.0	10.0	8.0	10.0	43.0	34.0	29.0	46.0	4.0	6.0	7.0	6.0	10.0	12.0	5.0	4.0	8.0		4.0			2.0	2.0	28.0			4.0	4.0	2.0							2.0	2.0				2.0
NC_031119.1									54.0																																									
NC_031123.1	5.0																																																	
NC_031129.1		6.0		4.0		9.0						2.0		6.0		2.0		1.0	2.0					2.0												2.0												4.0		
NC_031235.1	10.0	2.0												2.0								2.0							2.0																					2.0
NC_031241.1															22.0																																			
NC_031242.1					2.0				2.0		3.0				1.0				4.0																															
NC_031264.1																														2.0																				
NC_031338.1	2.0																																																	
NC_031450.1	136.0		8.0	27.0	8.0	64.0	30.0			2.0							8.0			2.0	4.0	4.0		2.0	2.0				1.0					6.0	1.0			4.0	6.0											3.0
NC_031687.1		2.0										4.0																																						
NC_031900.1															4.0																																			
NC_031906.1				4.0												2.0																																		
NC_031922.1	4.0																																																	
NC_031927.1	3.0																																																	
NC_031935.1	22.0		1.0	12.0	6.0					6.0		6.0				2.0																														2.0				
NC_031937.1	2.0									2.0																																								
NC_031944.1	1.0														34.0				10.0													2.0						2.0							2.0					
NC_032111.1	27.0	9.0	19.0	6.0	43.0	16.0	51.0	35.0	41.0	119.0	27.0			16.0	3932.0	24.0	21.0		436.0	11.0	18.0	13.0	18.0	2.0	4.0						4.0		14.0		2.0			4.0									10.0	1.0	2.0	7.0
NC_032113.1	269.0	10.0	65.0	64.0	61.0	8.0	11.0	21.0										2.0		2.0			4.0		7.0	5.0	7.0	4.0	4.0	2.0	18.0	3.0	16.0	4.0	4.0	3.0		1.0	8.0			5.0	13.0	6.0	13.0	15.0	28.0	2.0	1.0	
NC_032122.1						3.0																																				4.0		9.0				1.0		13.0
NC_032147.1	16.0																																																	
NC_032174.1	4522.0	264.0	990.0	276.0	255.0	263.0	853.0	125.0			46.0	128.0	88.0			43.0	74.0	369.0		56.0	73.0	55.0	24.0	359.0	357.0	434.0	475.0	271.0	358.0	271.0	794.0	116.0	52.0	269.0	232.0	167.0	34.0	510.0	94.0	39.0	14.0	102.0	155.0	188.0	491.0	111.0	138.0	315.0	79.0	220.0
NC_032186.1			47.0																																								2.0	3.0						
NC_032201.1	16.0		4.0				2.0	2.0										2.0											6.0								1.0				6.0			4.0					4.0	6.0
NC_032206.1							4.0																																											10.0
NC_032214.1				4.0																																														
NC_032217.1	4.0																			56.0						2.0					2.0	1.0																2.0		
NC_032222.1	36.0																																																	
NC_032230.1																										4.0																								
NC_032403.1																																			13.0															
NC_032405.1	254.0	20.0	119.0	14.0	5.0	2.0	7.0													1.0						44.0	1.0	47.0	99.0	7.0	29.0	7.0	10.0	9.0	18.0	15.0	1.0	28.0	8.0	4.0	6.0	12.0	14.0	3.0	2.0	10.0	145.0		2.0	7.0
NC_032422.1	16.0	2.0										4.0																			19.0								2.0											
NC_032425.1		2.0																28.0									4.0				11.0							4.0												
NC_032436.1	89.0	5.0	65.0	8.0	67.0	9.0	14.0					2.0	3.0	2.0	1.0			2.0									4.0		4.0	6.0					3.0				9.0	2.0	2.0	40.0	20.0	47.0	357.0	138.0	369.0	291.0	94.0	119.0
NC_032443.1	331.0	18.0	146.0	17.0	21.0	25.0	20.0	18.0			175.0	3.0					2.0	7.0		5.0	1.0		2.0	168.0	106.0	854.0	852.0	1806.0	2739.0	296.0	2133.0	9454.0	4653.0	4347.0	5908.0	4979.0	2101.0	5285.0	1164.0	493.0	334.0	408.0	960.0	962.0	820.0	468.0	141.0	72.0	13.0	1275.0
NC_032448.1																		5.0												7.0	2.0																			
NC_032474.1			180.0																																															
NC_032531.1	2.0																																																	
NC_032551.1	1149.0	48.0	335.0	155.0	213.0	237.0	305.0	4.0				11.0	12.0			23.0		4.0			16.0	6.0	2.0	632.0	322.0	347.0	244.0	275.0	420.0	107.0	214.0	131.0	67.0	84.0	136.0	102.0	20.0	141.0	44.0	2.0	9.0	25.0	44.0	61.0	127.0	9.0		58.0		48.0
NC_032576.1	2.0	2.0						2.0				2.0											2.0	4.0	3.0		1.0		1.0		2.0											4.0			1.0			4.0		6.0
NC_032582.1	162.0	18.0	53.0	21.0		11.0	24.0	91.0		2.0	8.0	8.0	4.0				5.0	19.0			25.0	37.0	64.0	44.0	49.0	92.0	41.0	99.0	214.0	52.0	263.0	23.0	39.0	20.0	43.0	52.0	13.0	32.0	7.0	1.0	7.0	2.0	35.0	11.0	107.0	20.0	100.0	85.0	21.0	38.0
NC_032585.1	1085.0	43.0	478.0	54.0	121.0	37.0	96.0	154.0	27.0	5.0	14.0	40.0	20.0	9.0	8.0	84.0	8.0	41.0		110.0	62.0	46.0	14.0	209.0	93.0	123.0	72.0	76.0	169.0	124.0	169.0	140.0	46.0	102.0	130.0	89.0	76.0	217.0	111.0	12.0	17.0	24.0	72.0	109.0	247.0	110.0	47.0	155.0	47.0	95.0
NC_032601.1	2.0					1.0									2.0			4.0											2.0					1.0	5.0	17.0	2.0	7.0	2.0	2.0	1.0	4.0	7.0	4.0	2.0	6.0		17.0	2.0	
NC_032603.1	90.0	8.0	4.0	29.0	4.0	8.0					1.0			1.0						1.0		4.0	6.0	279.0	175.0	250.0	111.0	210.0	799.0	263.0	748.0	101.0	72.0	90.0	109.0	235.0	28.0	235.0	85.0	21.0	10.0	53.0	304.0	298.0	347.0	188.0	623.0	150.0	58.0	140.0
NC_032604.1	39.0		13.0		2.0																				4.0	11.0	3.0	14.0	9.0	4.0	34.0	12.0	6.0	12.0		9.0	2.0	16.0		4.0	6.0		4.0		4.0	2.0	4.0	2.0	4.0	18.0
NC_032606.1	24.0		7.0	1.0		2.0					4.0	3.0	8.0	5.0		3.0	26.0	4.0		2.0			2.0	7.0															2.0								2.0			2.0
NC_032736.1	1603.0	39.0	394.0	106.0	146.0	36.0	53.0	14.0			28.0	21.0	47.0	5.0			8.0	103.0	6.0	6.0	24.0	30.0	22.0	86.0	54.0	73.0	57.0	52.0	54.0	48.0	81.0	12.0	9.0	18.0	27.0	16.0	4.0	32.0	24.0	24.0		7.0	28.0	58.0	10.0	18.0	30.0	104.0	10.0	41.0
NC_032737.1																				2.0																														
NC_032740.1	4.0		20.0									4.0													16.0																									
NC_032749.1	78.0	5.0			141.0		8.0	2.0																16.0	31.0	92.0	55.0	23.0	25.0	4.0	111.0		2.0		4.0	3.0	2.0	4.0	9.0	2.0		1.0	6.0	20.0			20.0			13.0
NC_032754.1		2.0										196.0	5.0	4.0			34.0	4.0		56.0		8.0	6.0		2.0							21.0																		
NC_032755.1	4.0											6.0						37.0						3.0	2.0	2.0		1.0					2.0			2.0									8.0					7.0
NC_032757.1	133.0	12.0	6.0	3.0	30.0	4.0	2.0					19.0		11.0			2.0	11.0			2.0	3.0		2.0	10.0		1.0		4.0	1.0	1.0	3.0				1.0		3.0					1.0		12.0		18.0	6.0	4.0	
NC_032761.1	137.0	3.0		2.0	11.0	2.0	4.0					6.0		2.0			4.0	11.0				13.0		47.0	6.0	10.0	6.0	1.0	23.0	5.0	16.0	6.0		3.0	5.0	2.0								18.0	4.0	36.0	2.0	14.0		22.0
NC_032773.1	444.0	7.0	24.0	54.0	6.0	106.0	44.0					29.0	3.0	10.0			48.0	5.0		1.0		2.0	4.0		17.0				4.0	2.0					7.0															
NC_032774.1	14.0		2.0				7.0							2.0			2.0			2.0					2.0																									
NC_032779.1						8.0															38.0			11.0	2.0	2.0	1.0				8.0				2.0	10.0			2.0									6.0		
NC_032780.1	2.0		1.0				2.0																																											
NC_032782.1	393.0	10.0	22.0											1986.0			262.0	1.0					2.0	2.0				1.0	2.0					3.0		2.0		1.0							1.0		1.0			18.0
NC_032785.1	30.0	2.0																																																
NC_032788.1	15.0	2.0		2.0									6.0		4.0			3.0				2.0		10.0	59.0	65.0	56.0	69.0	148.0	41.0	96.0	18.0		22.0	82.0	17.0	3.0	78.0	28.0	18.0	2.0	29.0	55.0	54.0	43.0	51.0	264.0	154.0	58.0	67.0
NC_032789.1	132.0	22.0					10.0						2.0					20.0									4.0		12.0	11.0	8.0				2.0	2.0									12.0					
NC_032792.1												35.0						2.0		2.0		2.0																												
NC_032794.1	10.0	1.0	2.0	22.0	2.0	6.0	10.0					5.0					10.0							7.0	13.0	9.0	24.0		12.0		19.0				2.0			12.0												
NC_032795.1		1.0	53.0	2.0		2.0																	8.0	42.0	38.0	29.0	5.0	62.0	40.0	8.0	28.0	2.0	3.0	7.0	1.0	1.0		2.0	2.0	2.0	1.0	5.0	12.0	2.0	10.0	8.0	2.0	2.0	1.0	1.0
NC_032807.1																																												2.0						
NC_032809.1												2.0																																						
NC_032811.1																				16.0											2.0																			
NC_032823.1																											5.0		15.0		13.0																			
NC_032833.1	4.0																														1.0			1.0															6.0	
NC_032835.1	130.0	32.0	3.0	8.0	188.0								6.0																																		1.0			
NC_032838.1	28.0	1.0	6.0		1.0		2.0											8.0												4.0																				
NC_032842.1																																																		1.0
NC_032845.1																								1.0		11.0				4.0																				
NC_032850.1	33.0			4.0								2.0						2.0							15.0								1.0																	
NC_032853.1																																						1.0												
NC_032855.1	183.0	8.0	28.0	13.0		47.0	179.0		4.0		2.0	3.0	5.0				9.0	42.0					8.0	2.0	8.0		2.0	44.0		2.0	20.0			1.0							2.0	1.0	2.0		2.0		3.0	2.0		
NC_032860.1	1.0		7.0		44.0							6.0												12.0		2.0	6.0	4.0		1.0	6.0	12.0		2.0	4.0	1.0						4.0				27.0		6.0		
NC_032863.1	147.0	12.0	61.0	4.0	30.0	2.0	3.0					4.0	1.0					10.0		8.0		12.0	1.0					6.0	3.0																					
NC_032867.1	2.0		2.0	1.0																																														
NC_032868.1	2418.0	137.0	464.0	137.0	186.0	102.0	172.0				140.0	63.0	38.0	2.0			76.0	117.0		55.0		34.0	2.0	25.0	35.0	38.0	22.0	10.0	61.0	8.0	71.0	2.0	2.0	20.0	3.0	6.0		49.0	9.0			15.0	1.0	14.0			28.0	14.0		16.0
NC_032871.1				4.0																																														
NC_032873.1	149.0	13.0	16.0	6.0			2.0				6.0	4.0			2.0		4.0	9.0				5.0	4.0	33.0	53.0	66.0	66.0	46.0	105.0	28.0	99.0	20.0	21.0	25.0	34.0	26.0	7.0	25.0	12.0	9.0	3.0	2.0	42.0	83.0	16.0	22.0	41.0	221.0	86.0	58.0
NC_032874.1	4396.0	141.0	679.0	256.0	250.0	286.0	254.0	95.0		11.0	37.0	106.0	110.0	2.0		2.0	75.0	327.0		46.0	19.0	54.0	18.0	116.0	78.0	198.0	54.0	42.0	111.0	51.0	139.0	24.0	6.0	21.0	34.0	48.0	28.0	30.0	32.0	4.0	2.0	2.0	35.0	57.0	33.0	26.0	75.0	103.0	84.0	131.0
NC_032875.1	241.0			1.0																																														
NC_032877.1	30.0		430.0	1.0		2.0											8.0	1.0		1.0			2.0	6.0	7.0	10.0	2.0		19.0	2.0	4.0	4.0	12.0	6.0	11.0	18.0	2.0	8.0	8.0		2.0	5.0	11.0	9.0	84.0		10.0	8.0	4.0	26.0
NC_032879.1	100.0			1.0																							2.0														2.0									2.0
NC_032880.1	47.0	49.0	31.0	85.0	175.0	18.0	78.0	8.0			4.0	10.0	12.0					53.0		10.0		68.0	63.0	234.0	135.0	165.0	183.0	121.0	310.0	382.0	547.0	200.0	150.0	139.0	184.0	186.0	17.0	205.0	91.0	25.0	35.0	30.0	45.0	62.0	82.0	94.0	31.0	123.0	25.0	28.0
NC_032884.1	357.0		1.0				100.0											6.0																																
NC_032886.1	98.0																						12.0	2.0		2.0				10.0	2.0		2.0		10.0			4.0			13.0			6.0						
NC_032888.1	3488.0	85.0	497.0	125.0	21.0	33.0	160.0	37.0	4.0			26.0	27.0				100.0	120.0		11.0		112.0	4.0	128.0	101.0	99.0	141.0	76.0	190.0	66.0	102.0	49.0	25.0	62.0	61.0	60.0	17.0	152.0	15.0		5.0	14.0	46.0	52.0	50.0	31.0	295.0	26.0	15.0	13.0
NC_032890.1	318.0	12.0	54.0	8.0		18.0	5.0	2.0				6.0						17.0		2.0			4.0	2.0	13.0	7.0	17.0	24.0	40.0		19.0	6.0	2.0	5.0	8.0	6.0	1.0	23.0	11.0	4.0		7.0	19.0	47.0	3.0	5.0	5.0	19.0	11.0	18.0
NC_032891.1	2.0																																																	
NC_032892.1	262.0	4.0	20.0	35.0	33.0	4.0	229.0	10.0				8.0	2.0				8.0	12.0				1.0		2.0	2.0	1.0	2.0	35.0	16.0	20.0	68.0		4.0	4.0	3.0	5.0	2.0						2.0	1.0	42.0	11.0		27.0	4.0	17.0
NC_032894.1	29.0																																												130.0					
NC_032895.1																								26.0		2.0			24.0	4.0	4.0	5.0	2.0		9.0	1.0								5.0		4.0		2.0		2.0
NC_032898.1																		2.0							1.0	2.0		4.0	8.0	5.0	4.0			2.0	4.0	3.0		2.0	18.0		2.0		4.0				5.0		17.0	
NC_032900.1	101.0																																																	
NC_032901.1							68.0																																											
NC_032904.1				44.0																4.0																														
NC_032905.1	118.0																							1.0		16.0										2.0			12.0	19.0		30.0	16.0	36.0	304.0	68.0	247.0	111.0	24.0	5.0
NC_032906.1	4.0						1.0											2.0							3.0	2.0		8.0			9.0	2.0		2.0																
NC_032917.1		2.0					22.0																								2.0											17.0	2.0	2.0	10.0	4.0	3.0	18.0	11.0	16.0
NC_032921.1	19.0	6.0					2.0						2.0			4.0		2.0						15.0	23.0	2.0	4.0	33.0	9.0	7.0	4.0		2.0		4.0	2.0			3.0			6.0	5.0	45.0	63.0	10.0	5.0	70.0	41.0	62.0
NC_032935.1																									4.0					9.0	1.0																			
NC_032936.1	8.0		5.0	1.0	146.0																				2.0	13.0				2.0	2.0			3.0																
NC_032939.1	3218.0	65.0	204.0	273.0	35.0	27.0	192.0	20.0		2.0		26.0	6.0	4.0		10.0		27.0		10.0	26.0	9.0		43.0	16.0	23.0	23.0	16.0	142.0	8.0	41.0		31.0	16.0	2.0	20.0	2.0	34.0	4.0	2.0		3.0	13.0		5.0	7.0		8.0	11.0	8.0
NC_032940.1	5.0																																																	
NC_032946.1	33.0	13.0		2.0									2.0					2.0				2.0				42.0													4.0	4.0										6.0
NC_032947.1	86.0	22.0		75.0		3.0	8.0	38.0				2.0	5.0					17.0		7.0				4.0	14.0		8.0		12.0	4.0					9.0	9.0		6.0					2.0	8.0			63.0	12.0		
NC_032953.1																																							84.0	2.0		4.0			43.0			4.0	6.0	
NC_032962.1																																													34.0			37.0	6.0	14.0
NC_032963.1	20.0		15.0			24.0	1.0						4.0				35.0							4.0		4.0	7.0			4.0																				
NC_032965.1	2.0																																																	
NC_032968.1			2.0						1.0			2.0					1.0																																	
NC_032970.1							2.0																	2.0	2.0					6.0	15.0																			
NC_032978.1	4.0																																																	
NC_032981.1							6.0											9.0																														6.0		36.0
NC_032988.1	6.0				15.0													8.0																		2.0												2.0		
NC_032991.1						23.0													20.0								7.0			2.0																				
NC_032992.1	2.0																																																	
NC_033000.1	18.0	2.0																		2.0								2.0																						
NC_033003.1	893.0	18.0	58.0	144.0	257.0	130.0	138.0	83.0				8.0	3.0			6.0	11.0	45.0		22.0	6.0	10.0	13.0	18.0	4.0	7.0	3.0	3.0	34.0	4.0	19.0	4.0			16.0		4.0	6.0	3.0		7.0	12.0	10.0		166.0	185.0	68.0	16.0	7.0	14.0
NC_033011.1																														2.0	2.0					8.0														
NC_033016.1																						10.0																												
NC_033028.1	78.0											12.0						1.0							2.0							2.0				2.0													4.0	
NC_033042.1	73.0		3.0	1.0	4.0		16.0				2.0						10.0	2.0				2.0			4.0	4.0	1.0	2.0	36.0	2.0		1.0				21.0														
NC_033045.1																		1.0																																
NC_033050.1	441.0	6.0	52.0				4.0						20.0					6.0				2.0	2.0								12.0						4.0								608.0		1.0			
NC_033052.1	23.0			2.0			12.0																						12.0	2.0			3.0																	
NC_033062.1	703.0	11.0	152.0	35.0	42.0	13.0	96.0					2.0	3.0	2.0			22.0	39.0		20.0	20.0	7.0		40.0	16.0	4.0	12.0	12.0	8.0	2.0	18.0	6.0	5.0	2.0	6.0							2.0	2.0	6.0	2.0			6.0		
NC_033063.1																										4.0													3.0											
NC_033069.1	173.0	5.0	2.0	12.0	9.0	9.0						6.0						1.0						23.0	8.0	5.0	3.0	43.0	97.0	30.0	75.0	18.0	9.0	10.0	6.0	67.0	5.0	14.0	8.0		4.0	2.0	9.0	18.0	51.0	28.0	22.0	69.0	2.0	22.0
NC_033076.1	98.0		26.0	5.0		6.0	43.0					4.0		16.0			6.0			2.0									2.0		4.0																	6.0		
NC_033077.1	26.0	3.0	313.0			2.0																5.0					2.0																							
NC_033080.1	113.0		80.0			2.0						2.0	2.0					1.0													3.0																			
NC_033087.1	6.0	2.0	2.0				2.0										2.0	2.0	2.0																															
NC_033096.1	216.0	20.0	36.0	33.0			20.0				6.0	16.0	12.0				8.0	19.0		3.0	66.0	4.0	4.0	12.0	6.0	2.0		1.0	8.0	2.0	5.0				17.0	2.0		4.0				2.0			4.0					
NC_033109.1	176.0	7.0	4.0	4.0			14.0			48.0		4.0	7.0	2.0				15.0			30.0			2.0			1.0	4.0			4.0					4.0						6.0					9.0	10.0		
NC_033111.1	2.0																4.0																																	
NC_033113.1	2.0																												41.0							9.0				16.0										
NC_033116.1	4.0																	1.0																																
NC_033118.1	4.0																																																	
NC_033123.1								12.0	6.0								2.0																																	
NC_033124.1	17.0	15.0	4.0	7.0	24.0	3.0						3.0						12.0			4.0	1.0				5.0		4.0			1.0							1.0								1.0				
NC_033126.1	581.0	67.0	379.0	63.0	158.0	28.0	67.0					11.0	13.0	141.0			4.0	19.0		6.0		31.0	2.0	37.0	15.0	13.0	21.0	20.0	28.0	5.0	4.0	1.0	1.0	4.0	2.0	3.0	27.0	2.0		3.0			9.0	16.0		2.0	9.0	7.0		5.0
NC_033127.1																													2.0																			4.0		
NC_033133.1	7.0						4.0																				2.0																							
NC_033135.1	2.0																	2.0							2.0			2.0	7.0	2.0	6.0		2.0					2.0			4.0		4.0				2.0	17.0	2.0	
NC_033141.1																	9.0								8.0		1.0			4.0					4.0															
NC_033143.1	72.0	3.0	11.0		6.0		6.0	10.0				20.0						2.0					1.0					2.0			5.0											4.0				2.0	21.0			2.0
NC_033147.1																								1.0				13.0	11.0									1.0			2.0		1.0				3.0	11.0	1.0	
NC_033148.1	1630.0			5.0														1.0						16.0			4.0			2.0	5.0									2.0			4.0							
NC_033150.1		4.0																5.0																																
NC_033153.1																									1.0																									
NC_033155.1	867.0	54.0	20.0	28.0	31.0	20.0	45.0			383.0	2.0	27.0	3.0				38.0	88.0	113.0	2.0		27.0		11.0	32.0		6.0	12.0	41.0	8.0	4.0	2.0	6.0		5.0		9.0	2.0	4.0				8.0	1.0	4.0		2.0	4.0		
NC_033160.1	1.0																																																	
NC_033161.1	467.0	67.0	343.0	62.0	24.0	58.0	1.0	3.0					2.0					4.0				4.0		4.0	2.0		4.0	9.0	1.0	4.0	9.0					7.0														
NC_033178.1	2.0																							9.0											2.0															
NC_033185.1	870.0	12.0	63.0	75.0		1.0	17.0					8.0	15.0				3.0	9.0		1.0		17.0			2.0			1.0			3.0												4.0							
NC_033186.1	6.0	4.0																2.0							12.0																									
NC_033187.1	86.0	6.0	9.0	23.0	11.0	8.0	11.0					7.0					2.0	21.0	2.0		4.0	2.0																					1.0							
NC_033190.1																																																		6.0
NC_033191.1		2.0	4.0		118.0		23.0											2.0			1.0									2.0									2.0											
NC_033193.1																				2.0																1.0														
NC_033200.1	404.0	21.0	79.0	24.0	21.0	28.0	18.0			118.0		56.0	3.0				2.0	41.0		26.0		9.0	24.0	49.0	18.0	4.0	10.0	16.0	20.0	24.0	41.0	10.0	2.0	2.0		24.0		5.0	2.0	1.0		2.0	8.0	7.0	4.0	10.0	4.0	20.0	4.0	3.0
NC_033213.1	32.0	10.0		6.0	19.0	4.0					2.0	10.0	2.0							16.0	5.0	2.0	2.0				6.0									2.0														
NC_033218.1	8.0			2.0			2.0																																									52.0	4.0	4.0
NC_033219.1	5.0																																																	
NC_033220.1		4.0																																																
NC_033221.1	2.0	4.0	8.0	2.0	141.0		1.0						16.0			1.0		42.0		2.0		2.0	4.0	1.0	2.0	2.0			3.0	1.0					1.0		4.0													
NC_033224.1																								10.0	2.0				2.0						3.0															
NC_033226.1	1800.0	136.0	598.0	100.0	198.0	92.0	96.0			2.0	15.0	196.0	111.0	42.0	1.0	19.0	105.0	434.0		53.0	72.0	123.0	23.0	93.0	78.0	152.0	34.0	53.0	55.0	17.0	61.0	34.0	11.0	11.0	33.0	9.0	8.0	36.0	18.0		9.0	4.0	9.0	17.0	42.0	29.0	21.0	131.0	4.0	54.0
NC_033228.1	5305.0	156.0	1220.0	137.0	627.0	24.0	88.0					127.0	60.0				5.0	55.0		12.0	1.0	140.0	60.0	2.0	41.0		7.0	21.0	52.0	26.0	22.0	6.0	5.0	1.0	92.0	8.0			2.0			11.0			2.0	4.0			3.0	
NC_033231.1	8.0																									4.0																								
NC_033237.1	16.0				4.0																																													
NC_033241.1	204.0	2.0	80.0	6.0	3.0	7.0	43.0			12.0		43.0	9.0					24.0		3.0		2.0		7.0	1.0	18.0			11.0		4.0		2.0															2.0	6.0	
NC_033246.1							2.0																																											
NC_033248.1	4.0		6.0					2.0														2.0																									4.0			
NC_033254.1												4.0																																						
NC_033258.1	45.0		45.0	33.0									2.0				4.0					2.0									1.0																			
NC_033263.1																								8.0	23.0											2.0				26.0					1.0			2.0		8.0
NC_033266.1	356.0	8.0	394.0	60.0	7.0	3.0	51.0					49.0	8.0					3.0						4.0																										
NC_033270.1	4.0		16.0		22.0	4.0	4.0						2.0									2.0	1.0																											
NC_033280.1						4.0	4.0						4.0	6.0		4.0	2.0	9.0		4.0		6.0							2.0		6.0																			
NC_033281.1						14.0	54.0						4.0				2.0					14.0																												
NC_033426.1	16.0			7.0			2.0							192.0												2.0	11.0		5.0																			1.0		
NC_033428.1																														2.0																				
NC_033429.1		51.0		1.0	2.0		2.0										32.0	3.0							7.0	15.0	7.0	4.0	11.0	2.0		4.0			2.0		2.0	9.0	2.0	6.0				1.0			91.0		15.0	16.0
NC_033430.1	1.0	1.0																						4.0					2.0																					
NC_033432.1																																													7.0					
NC_033433.1																		3.0						4.0											1.0															2.0
NC_033435.1	8.0		8.0																	27.0																														
NC_033438.1																								1.0	2.0	33.0				4.0	4.0								4.0	2.0										
NC_033439.1									15.0												49.0						2.0		22.0	7.0	36.0	1.0		6.0	13.0	2.0									2.0					4.0
NC_033441.1																																1.0	3.0		6.0						6.0			3.0			3.0	6.0	2.0	
NC_033460.1																									1.0																					1.0				
NC_033482.1	202.0	15.0	68.0	11.0	6.0	244.0	4.0					13.0					2.0							2.0	4.0	4.0			8.0		2.0		2.0				6.0	7.0						8.0		3.0	53.0	3.0		2.0
NC_033483.1	210.0	15.0	44.0	8.0	86.0	2.0	17.0					6.0					6.0	43.0	6.0			22.0		4.0		49.0	9.0		7.0	2.0	18.0	2.0		14.0	4.0				4.0			1.0	6.0		1.0	2.0	4.0	7.0		7.0
NC_033720.1	1258.0	55.0	24.0	13.0	59.0	3.0	11.0					19.0	3.0				90.0	23.0		86.0	2.0	33.0		2.0		12.0					2.0								8.0										6.0	
NC_033722.1																2.0		10.0							2.0																									
NC_033733.1																									2.0			2.0																						
NC_033736.1		1.0										2.0																																				2.0		2.0
NC_033742.1			2.0																																															4.0
NC_033743.1									10.0																																									
NC_033747.1																																														2.0				10.0
NC_033774.1	2.0					4.0	4.0	4.0		2.0																																								
NC_033778.1			1.0																																															
NC_033780.2													1.0									1.0																												
NC_034217.1			5.0																																													2.0		
NC_034266.1			2.0																					2.0		2.0																								
NC_034973.1																4.0		2.0																																
NC_035137.1					2.0																	21.0	16.0			7.0		1.0			13.0						1.0	12.0						3.0	4.0		13.0	2.0	2.0	8.0
NC_035138.1			6.0																																											9.0		6.0		
NC_035139.1	2.0						2.0					3.0								3.0																														
NC_035197.1			18.0												7.0						2.0																													
NC_035201.1				2.0																																														
NC_035452.1	5.0		6.0				4.0					2.0			2.0											2.0	2.0						2.0										4.0	3.0	16.0			4.0		
NC_035457.1	3.0																						2.0	3.0	3.0		14.0			2.0	3.0												2.0	4.0						
NC_035477.1	44.0		10.0	7.0		30.0	25.0		2.0			15.0					47.0			2.0		4.0																				6.0			1.0					
NC_035485.1															1.0																																			
NC_035486.1							1.0																																											
NC_035797.1										2.0							3.0																																	
NC_035798.1	2.0		45.0										2.0				1.0	7.0		5.0																									18.0					
NC_036600.1									1.0																																									
NC_037062.1																																															4.0			
NC_037659.1															1.0																																			
NC_037665.1															1.0		2.0					1.0							2.0		1.0												1.0	3.0						
NC_037666.1																				1.0				1.0																										
NC_037667.1							2.0					1.0		1.0			2.0			1.0								1.0																						
NC_038305.1																																								1.0										
NC_038357.1															1.0																																			
NC_038369.1																																						2.0												
NC_038393.1			4.0																																			2.0					2.0				2.0			
NC_038401.1																																						2.0												
NC_038408.1		3.0																																																
NC_038425.1												1.0	1.0																2.0																					
NC_038479.1	2.0																																																	
NC_038480.1		2.0																																																
NC_038487.1																																																		15.0
NC_038489.1																																																		2.0
NC_038490.1							1.0																																											
NC_038491.1																	1.0																																	
NC_038492.1									27.0																																									
NC_038494.1	2.0																																																	
NC_038495.1	39.0	2.0	89.0	4.0								2.0										3.0				143.0		2.0							2.0				11.0			13.0	20.0				6.0	10.0	2.0	83.0
NC_038496.1		1.0																																																
NC_038497.1	6.0	3.0	8.0			8.0	43.0				1.0	6.0					1.0						2.0	8.0		9.0	2.0	6.0	14.0		2.0		17.0		4.0				1.0						2.0	2.0	2.0	8.0	6.0	10.0
NC_038498.1	28.0		10.0		2.0									6.0										4.0																										2.0
NC_038500.1			3.0																																															
NC_038501.1						4.0																																								47.0				
NC_038532.1															1.0									2.0																			2.0							
NC_038537.1			405.0	1.0																																														
NC_038538.1											8.0																																2.0							
NC_038553.1															2.0																																			
NC_038690.1	246.0	10.0	5.0		14.0	2.0	7.0			30.0		4.0	6.0	2.0			5.0	25.0		2.0		1.0		6.0				2.0	1.0		4.0				2.0					3.0							6.0			
NC_038693.1	80.0	1.0				3.0	6.0											3.0																																
NC_038701.1	6.0	1.0	332.0	1.0																	2.0							1.0	28.0					1.0									8.0							
NC_038828.1	1.0						1.0										1.0											1.0																						
NC_038835.1																																														1.0				
NC_038838.1																2.0																																		
NC_038842.1															2.0	2.0										1.0																								
NC_038882.1																3.0																																		
NC_038927.1	3.0																																																	
NC_038932.1							3.0								1.0	2.0			1.0		1.0					2.0																								
NC_038933.1																																																		1.0
NC_039034.1													9.0									2.0						1.0	1.0									1.0						2.0						
NC_039089.1																												1.0																						
NC_040312.1																												1.0																						
NC_040319.1																						1.0		2.0																										
NC_040330.1	6.0	2.0			2.0		2.0																																											
NC_040339.1	2.0			2.0	4.0	5.0	23.0	61.0		4.0	2.0						2.0																																	
NC_040342.1							2.0																																											
NC_040354.1	1.0		8.0	3.0																7.0			5.0	23.0		2.0	2.0											1.0					1.0	2.0			5.0			20.0
NC_040355.1			2.0											4.0																																				
NC_040361.1																												1.0																						
NC_040370.1																						4.0																												
NC_040372.1			4.0																																															
NC_040379.1	2815.0	117.0	307.0	127.0	226.0	914.0	1646.0	144.0	35.0	26.0	127.0	358.0	140.0	54.0	43.0	19.0	882.0			197.0	14.0	497.0	42.0	434.0	44.0	723.0	64.0	250.0	641.0		259.0	34.0	130.0	115.0	52.0	92.0	139.0	824.0	187.0	7.0	9.0	96.0	233.0	339.0	304.0	511.0	168.0	170.0	44.0	1598.0
NC_040391.1							1.0																																											
NC_040395.1							2.0																																											
NC_040397.1																													2.0																					
NC_040398.1			2.0																												1.0																			
NC_040525.1			6.0																										2.0																					
NC_040526.1							2.0																										18.0																	
NC_040536.1							1.0																																											
NC_040594.1	1.0																	2.0																							6.0									
NC_040615.1				2.0																				1.0																										
NC_040625.1																													1.0																					
NC_040662.1																												1.0																						
NC_040681.1							1.0						1.0															1.0	2.0																					
NC_040781.1																													2.0				4.0																	
NC_040782.1																																					7.0	6.0								2.0				
NC_040839.1	18.0					41.0	9.0													2.0	2.0			17.0				6.0	3.0				4.0						2.0						12.0		1.0			2.0
NC_041831.1	1.0															1.0											1.0		1.0								1.0													
NC_041845.1			4.0																																															
NC_041854.1																																												1.0						
NC_041866.1																															1.0																	1.0		
NC_041868.1																	4.0																								2.0									
NC_041881.1										55.0																																								
NC_041914.1										1.0																																								
NC_041915.1										2.0																																								
NC_041925.1	8.0		6.0		8.0	2.0	16.0	77.0	1.0	2.0	4.0	2.0	2.0	2.0	54.0			1.0	132.0			2.0		1.0						2.0		2.0		5.0	2.0		2.0	2.0						2.0	2.0	6.0	104.0	4.0		2.0
NC_041954.1									15.0		8.0																																							
NC_041956.1									1688.0															2.0																										
NC_041957.1									58.0																																									
NC_041987.1									2.0																																									
NC_041992.1										2.0																																								
NC_041994.1																4.0																														2.0				
NC_042008.1																																				31.0														
NC_042013.1		2.0			1.0			4.0		2.0				4.0		6.0				2.0		2.0			2.0					2.0					2.0			6.0		2.0			2.0	2.0		2.0				
NC_042019.1																																														2.0				
NC_042029.1			2.0																																															
NC_042044.1									2.0		2.0								1.0					2.0																						2.0				
NC_042056.1									2.0					2.0																																				
NC_042057.1	481.0	11.0	599.0	133.0	964.0	91.0	145.0	1383.0	4104.0	817.0	195.0	48.0	9.0	83.0	1273.0	209.0	196.0	18.0	774.0	87.0	111.0	150.0	58.0	8.0	1.0	55.0	17.0	53.0	20.0	2.0	30.0	11.0	56.0	36.0	31.0	6.0	15.0	42.0	29.0	2.0	18.0	12.0	18.0	53.0	31.0	10.0	54.0	10.0	2.0	26.0
NC_042091.1									2.0																																									
NC_042095.1	1.0																																																	
NC_042105.1																																																		2.0
NC_042116.1							10.0											1.0																																
NC_042128.1	14.0	4.0		2.0	4.0										2.0		2.0	6.0							3.0				64.0			17.0	4.0	9.0		26.0	10.0		7.0	3.0		14.0	6.0	7.0	19.0	2.0	113.0	18.0	33.0	41.0
NC_042135.1																																	2.0																	
NC_042322.1						1.0																																												
NC_042335.1					1.0																																													
NC_042344.1																										4.0																								
NC_042345.1																																															2.0			
NC_043054.1															1.0											1.0			1.0						1.0															
NC_043100.1							1.0																																											
NC_043235.1	1.0																									5.0			1.0																					
NC_043307.1						1.0																																												
NC_043314.1						1.0			2.0	15.0	5.0					4.0	3.0	1.0		6.0		5.0		1.0		3.0		1.0	2.0									1.0												
NC_043325.1						1.0	1.0						9.0						2.0	1.0					1.0	2.0		2.0	3.0			2.0		2.0		1.0		4.0	2.0					5.0			2.0			
NC_043329.1				6.0			5.0			6.0				160.0					10.0	2.0	6.0	4.0	6.0	6.0		16.0		1.0	4.0				2.0	11.0			2.0	6.0								2.0				2.0
NC_043430.1	51.0				9.0		4.0						2.0					7.0		2.0				3.0	2.0				1.0	4.0			3.0				2.0		2.0				1.0							
NC_043515.1	2448.0	43.0	1766.0	58.0	73.0	36.0	13.0			2.0		94.0	14.0	26.0	18.0		5.0	36.0		22.0		38.0	6.0	59.0	14.0	17.0	3.0	7.0	37.0	10.0	37.0	3.0	32.0	28.0	13.0	39.0	15.0	6.0	3.0	3.0	1.0		6.0	1.0	68.0	2.0	3.0	14.0	12.0	8.0
NC_043518.1	361.0	20.0	174.0	111.0	2.0	53.0	15.0					11.0					50.0	15.0		4.0	3.0	3.0	19.0	7.0			43.0		2.0			2.0				2.0	2.0													
NC_043519.1	327.0	2.0	902.0		19.0		24.0					65.0	8.0	7.0			19.0	9.0	5.0	27.0	103.0	104.0	36.0	20.0	2.0	5.0	8.0	4.0	29.0		4.0		2.0	3.0			2.0													
NC_043530.1																			1.0														1.0																	
NC_043566.1		1.0																																									1.0		1.0					
NC_043572.1				1.0										2.0	1.0	1.0					1.0		5.0			1.0																								
NC_043574.1	1.0																																																	
NC_044937.1																																		5.0																
NC_047709.1	4.0															2.0																																		
NC_047710.1	3.0																																																	
NC_047713.1																													2.0																					
NC_047715.1																	6.0																																	
NC_047717.1	2.0																																																	
NC_047718.1																								2.0																										
NC_047733.1	2.0																2.0		6.0					2.0																										
NC_047734.1																																													4.0					
NC_047743.1							2.0								4.0						2.0																													
NC_047748.1		2.0																																																
NC_047752.1															2.0																																			
NC_047756.1																																						5.0												
NC_047759.1	2.0						2.0																																											
NC_047762.1	4.0																																																	
NC_047765.1																											2.0																							
NC_047771.1														4.0																																				
NC_047777.1	5.0									144.0																																								
NC_047778.1	1.0																																																	
NC_047804.1									15.0																																									
NC_047808.1	48.0									2.0																																								
NC_047813.1	5.0	8.0	10.0	2.0	1.0	4.0	4.0	6.0		2.0	12.0	3.0		18.0	16.0	5.0	2.0	6.0	8.0	7.0	6.0	2.0	4.0	2.0	3.0		6.0	14.0	10.0	5.0	9.0	12.0	13.0	16.0	2.0	2.0	6.0	4.0		10.0	3.0			4.0	16.0	6.0	11.0	8.0	2.0	2.0
NC_047818.1				1.0																																														
NC_047829.1	17.0																																																	
NC_047838.1	1.0	2.0												6.0		2.0				2.0					2.0														2.0											
NC_047856.1					4.0										2.0	2.0									2.0								2.0																	
NC_047861.1	2.0									25.0					4.0																																			
NC_047864.1	2.0						4.0	4.0	4.0					6.0	15.0	6.0	2.0		2.0							2.0					2.0		2.0			2.0														
NC_047867.1	2.0		2.0	2.0		2.0			6.0					6.0	24.0	8.0	2.0		4.0		2.0											4.0	4.0					2.0				2.0								
NC_047877.1																																																	2.0	
NC_047879.1																																																	2.0	
NC_047886.1																																		4.0																
NC_047895.1					2.0				20.0						28.0	2.0	6.0		2.0	2.0		2.0	4.0					4.0	4.0			2.0	4.0						2.0											
NC_047901.1																					2.0																													
NC_047906.1														2.0			2.0			2.0																									4.0					
NC_047923.1	6.0	2.0			3.0	2.0	6.0		2.0				6.0	10.0	11.0	6.0	6.0		2.0	2.0		2.0	4.0	2.0				4.0				2.0	2.0				2.0	4.0						2.0					2.0	1.0
NC_047939.1	10.0	2.0	10.0	10.0	2.0	4.0	16.0	4.0	51.0	2.0	32.0	10.0	6.0	8.0	44.0	15.0	11.0		21.0	9.0	29.0	4.0	10.0	5.0	2.0	8.0	2.0	4.0					10.0	2.0	3.0	8.0	2.0	2.0						2.0						2.0
NC_047940.1	12.0	4.0	25.0	58.0	15.0	8.0	60.0	109.0	140.0	2.0	28.0	12.0	19.0	16.0	86.0	98.0	87.0	2.0	20.0	34.0	27.0	25.0	32.0	14.0	6.0	16.0	4.0	16.0	15.0		1.0	6.0	19.0	6.0	7.0	6.0	4.0	18.0				2.0	2.0	2.0	2.0	4.0				14.0
NC_047942.1									18.0		2.0	2.0		9.0			2.0			2.0	2.0	28.0																												
NC_047944.1						4.0																																												
NC_047949.1																																					2.0													
NC_047950.1																																							13.0											
NC_047958.1	2.0																																																	
NC_047970.1							2.0																																											
NC_047977.1												2.0	2.0																																	2.0				
NC_048004.1	12.0	2.0	4.0				4.0	2.0	62.0		6.0	8.0	2.0	2.0	14.0	19.0	12.0	2.0	4.0			4.0	4.0			2.0		2.0	2.0		4.0	2.0	6.0	1.0	2.0	2.0		2.0						4.0	2.0	2.0				
NC_048015.1							2.0												1.0										1.0																					
NC_048016.1																												2.0																						
NC_048023.1	12.0																																																	
NC_048026.1	2.0															4.0																																		
NC_048031.1	4.0					2.0									2.0		2.0																			2.0														
NC_048033.1															2.0																																			
NC_048034.1	4.0						1.0										2.0																									2.0								
NC_048047.1					4.0	2.0	2.0			2.0			4.0	2.0		4.0				6.0													1.0		2.0									1.0			2.0			2.0
NC_048048.2																						2.0																												
NC_048049.1	11.0						2.0			1.0						1.0																		2.0																
NC_048050.1									2.0					2.0																																				
NC_048055.1			16.0																																															
NC_048058.1																																																		6.0
NC_048067.1	10.0																																																	
NC_048078.1	17.0			2.0	6.0		4.0		12.0		2.0	4.0		9.0	28.0	22.0	24.0		4.0	4.0		14.0	3.0	5.0					4.0		4.0	3.0	7.0						4.0							2.0				
NC_048079.1	2.0	4.0	10.0	2.0	2.0				16.0	4.0	4.0	4.0	2.0	2.0	31.0	10.0	18.0		12.0	4.0	2.0	10.0	10.0	4.0	2.0	2.0	2.0	2.0	8.0			2.0	10.0	2.0	2.0			2.0				2.0		2.0		2.0				
NC_048082.1			4.0	2.0			8.0	12.0	14.0	2.0	4.0	6.0	4.0	10.0	16.0	10.0	24.0		6.0	2.0		8.0	12.0	2.0		4.0		6.0	2.0		6.0		5.0		4.0	2.0										2.0				
NC_048086.1	3.0			4.0	16.0											2.0	2.0																																	
NC_048087.1																															3.0																			
NC_048099.1									1.0																																									
NC_048102.1	4.0					2.0																																												
NC_048111.1	12.0																																																	
NC_048136.1	6.0																																																	
NC_048163.1		1.0	10.0	2.0		2.0	6.0	2.0	33.0	2.0	9.0	16.0	2.0	7.0	16.0	15.0	6.0		12.0	2.0	2.0	7.0	8.0	4.0		2.0			2.0		2.0		9.0		8.0	3.0		5.0	2.0						2.0	2.0				
NC_048164.1	2.0		6.0	2.0			2.0	4.0	83.0		2.0			2.0	12.0	1.0	2.0		4.0			6.0		2.0	2.0				2.0				2.0			2.0								2.0	3.0					
NC_048171.1	3.0		16.0				1.0																				2.0				2.0					3.0														
NC_048180.1													4.0	4.0																				2.0																
NC_048183.1	25.0	2.0	24.0	3.0	6.0	2.0	2.0		4.0	14.0		2.0			12.0	9.0	2.0			4.0	16.0	6.0			2.0	2.0		2.0	2.0		2.0														2.0					
NC_048184.1	26.0		4.0	1.0	11.0	2.0	2.0		1.0			10.0			14.0	2.0	2.0		2.0			12.0							1.0		2.0			1.0		2.0	1.0												2.0	
NC_048187.1																								2.0																										
NC_048188.1																																				2.0														
NC_048189.1																							2.0												2.0															
NC_048190.1																																	1.0																	
NC_048191.1																																											1.0							
NC_048193.1			2.0																																															
NC_048198.1																													2.0																					
NC_048639.1												4.0																																						
NC_048656.1		3.0		1.0							3.0																												2.0				2.0							
NC_048659.1	2.0																																																	
NC_048660.1									41.0					2.0		2.0													1.0				11.0	8.0		2.0														
NC_048668.1																																					1.0						4.0							
NC_048673.1	2.0																																																	
NC_048674.1	2.0														2.0		2.0																														2.0			
NC_048682.1									13.0												4.0						2.0		6.0			2.0														4.0				
NC_048694.1					2.0																																									2.0				
NC_048700.1								11.0	4.0	7.0						4.0	3.0			2.0				4.0							2.0																			
NC_048704.1	4.0																																																	
NC_048706.1				2.0																																														
NC_048722.1			2.0																	2.0	18.0					2.0														2.0										
NC_048741.1									2.0																																									
NC_048773.1										4.0						5.0																																		
NC_048774.1										20.0				3.0		3.0																																		
NC_048775.1									1.0	8.0				2.0		4.0			1.0																															
NC_048776.1										6.0						1.0																																		
NC_048802.1			1.0																																															
NC_048804.1			7.0																						2.0																				1.0					
NC_048807.1		5.0		4.0		4.0					4.0				146.0							2.0					2.0																			2.0				
NC_048828.1				2.0					2.0																																									
NC_048831.1	2.0																																																	
NC_048835.1															17.0																																			
NC_048836.1															18.0																																			
NC_048838.1										2.0				4.0																																				
NC_048839.1															8.0																																			
NC_048840.1															6.0																																			
NC_048849.1	4.0													2.0	2.0																																			
NC_048873.1									3.0																				15.0																					
NC_048874.1																															1.0																			
NC_049342.1	207.0	11.0	269.0	43.0	58.0	13.0	14.0	132.0	484.0	167.0	6.0	20.0	2.0	2.0	178.0	18.0	57.0	8.0	52.0	77.0	3.0	43.0	2.0	6.0	2.0		2.0	3.0			1.0		11.0	2.0			3.0	4.0	2.0	2.0	2.0	4.0	4.0	14.0	2.0		11.0		2.0	1.0
NC_049343.1				4.0	2.0		19.0					5.0								13.0		7.0			2.0																									
NC_049344.1																				4.0									1.0																					
NC_049388.1																	2.0																																	
NC_049448.1	2.0		9.0	4.0			7.0	4.0	18.0		21.0		2.0			23.0			10.0	6.0		2.0		2.0	11.0	2.0	2.0							2.0						6.0				2.0						
NC_049451.1		6.0			2.0	11.0			4.0	5.0	2.0	2.0	2.0	22.0			4.0									2.0			4.0	4.0			2.0								2.0							2.0		
NC_049453.1		4.0			2.0	4.0					4.0			24.0		4.0			2.0				2.0						2.0				2.0		2.0		1.0		2.0					2.0	2.0		3.0	2.0		
NC_049454.1	2.0		8.0	6.0		2.0	4.0	6.0	12.0	2.0	12.0	2.0				2.0	2.0	2.0	2.0		2.0	2.0		2.0								1.0								3.0				2.0	2.0			1.0		
NC_049462.1			2.0						2.0												2.0	2.0																												
NC_049463.1	2.0																																																	
NC_049464.1			1.0	2.0								1.0	1.0																					1.0			1.0												1.0	1.0
NC_049467.1				1.0							2.0																																							
NC_049472.1			2.0						2.0																																									
NC_049494.1										1.0																																								
NC_049850.1									1.0		4.0										2.0					1.0														2.0					2.0	4.0	4.0			2.0
NC_049851.1					1.0			4.0	8.0	2.0			2.0						8.0			2.0																												
NC_049919.1																																																2.0		
NC_049920.1																																																2.0		
NC_049922.1	58.0		17.0	11.0	53.0	1.0	19.0	17.0	4.0	22.0	4.0	14.0	2.0	10.0	2.0	29.0	1.0	1.0	233.0	4.0		28.0				2.0							4.0	6.0		2.0						2.0							1.0	
NC_049923.1																																																		2.0
NC_049925.1	35.0		23.0	2.0	34.0	1.0	27.0	63.0	34.0	23.0	33.0	5.0		8.0	32.0	24.0		4.0	383.0	2.0	12.0	15.0											2.0	2.0					2.0				4.0	2.0	2.0		2.0		4.0	
NC_049941.1	2.0	3.0	23.0				2.0	2.0					3.0	4.0					45.0	7.0	15.0	2.0				2.0				2.0			2.0						4.0					3.0				2.0		
NC_049942.1						2.0			6.0		2.0					5.0			8.0																					2.0										
NC_049944.1																									2.0																									
NC_049945.1			2.0																																															
NC_049946.1					2.0	2.0																																4.0												
NC_049947.1			2.0						2.0	12.0					4.0				2.0			60.0																							1.0					2.0
NC_049948.1			4.0		2.0						2.0				4.0																																			
NC_049949.1			2.0			2.0			5.0	4.0	2.0				8.0	2.0			2.0			22.0				2.0																								2.0
NC_049950.1	4.0				3.0	2.0		52.0		4.0				4.0					4.0	11.0		50.0							1.0							2.0	2.0										2.0			
NC_049951.1	7.0		23.0	6.0	56.0	20.0	23.0		14.0	9.0	13.0				2.0	64.0	14.0		14.0	2.0		90.0	2.0	2.0		6.0						2.0		1.0	6.0		2.0	2.0	4.0			4.0	8.0	2.0	7.0		1.0			2.0
NC_049952.1			2.0		6.0	2.0	3.0		4.0										3.0			10.0			4.0																									2.0
NC_049953.1	2.0		2.0		75.0				4.0	2.0	4.0				20.0	2.0	2.0	2.0	7.0	10.0		24.0																												2.0
NC_049954.1	2.0		2.0		22.0	4.0	10.0			2.0									4.0			40.0																						2.0	1.0	2.0				2.0
NC_049955.1	3.0				39.0		2.0	2.0	20.0	22.0					25.0						6.0	24.0		2.0													10.0		2.0					2.0		1.0				2.0
NC_049965.1									14.0																																									
NC_049974.1									9.0																																									
NC_049977.1	60.0		2.0																																															
NC_050152.1	127.0	15.0	184.0	169.0	78.0	39.0	8.0	391.0	441.0	1145.0	50.0	4.0	5.0	112.0	1025.0	92.0	12.0	2.0	1331.0	14.0	38.0	4.0	16.0	8.0		1.0	1.0	15.0			12.0		12.0	4.0	14.0		2.0	6.0	6.0	4.0	4.0		7.0	31.0		2.0	12.0	9.0	6.0	50.0
NC_050154.1					24.0																1.0																													4.0
NC_051650.1																											2.0																							
NC_051713.1					2.0																																													
NC_053011.1																																																		6.0
NC_053505.1																					6.0																													
NC_053506.1			2.0																		8.0															1.0														
NC_053512.1																																					2.0													
NC_054466.1																																						2.0												
NC_054662.1								1.0																	1.0		1.0										2.0											2.0		
NC_054891.1									13.0																																									
NC_054922.1		1.0													1.0				1.0																															
NC_054955.1								2.0																																										
NC_054956.1																								6.0										2.0																
NC_054962.1																										1.0					2.0		2.0																	
NC_054963.1																										2.0																								
NC_054964.1															2.0																																			
NC_054971.1	2.0																																																	
NC_055018.1																		4.0																																
NC_055036.1					2.0																																													
NC_055123.1																																							1.0											
NC_055235.1								4.0	4.0				1.0						6.0					1.0																										
NC_055410.1										1.0																																								
NC_055467.1																3.0																																		
NC_055561.1														1.0																																				
NC_055577.1	2.0	2.0			4.0	2.0	2.0	1.0				2.0	2.0	3.0	4.0			2.0				2.0	6.0	2.0				12.0	10.0	1.0	6.0	2.0	6.0		6.0	2.0				2.0		2.0	2.0	2.0	2.0	2.0	4.0			2.0
NC_055719.1	2.0		2.0	2.0															3.0						1.0																				1.0					
NC_055733.1	3.0							2.0						14.0	2.0				2.0										2.0																					
NC_055740.1							2.0																																											
NC_055743.1														2.0																																				
NC_055744.1	3.0		2.0					2.0											4.0																					1.0										1.0
NC_055761.1	2.0														8.0																																			
NC_055785.1														2.0																																				
NC_055816.1														1.0																																				
NC_055842.1									4.0									2.0	4.0																															
NC_055847.1					1.0																																													
NC_055851.1																										2.0																								
NC_055862.1	4.0	2.0		2.0	2.0	2.0		4.0	4.0	4.0	4.0		4.0	6.0	2.0	6.0		4.0	6.0		2.0		2.0	8.0		2.0	7.0	6.0	12.0	6.0	12.0		4.0		2.0		2.0	6.0	2.0	5.0	3.0			2.0	4.0	2.0	10.0	8.0	2.0	
NC_055863.1										2.0																																								
NC_055876.1					2.0																																													
NC_055880.1				1.0										4.0	2.0									2.0																										
NC_055886.1			2.0	2.0																																														
NC_055887.1									3.0																																									
NC_055891.1										2.0							2.0																																	
NC_055893.1																																														1.0				
NC_055895.1														2.0																																				
NC_055903.1															2.0																																			
NC_055911.1											2.0													2.0																										
NC_055913.1											1.0																																							
NC_055915.1	51.0	4.0	19.0	16.0	4.0			7.0	134.0	9.0		4.0		44.0	16.0	3.0		3.0	25.0	2.0	18.0		4.0	5.0		7.0				2.0														6.0						
NC_055921.1			15.0																				2.0																											
NC_055941.1	2.0					2.0			4.0	2.0																			2.0																					
NC_060131.1																	2.0																																	
NC_061432.1		4.0							744.0						3.0									2.0																4.0										
NC_061433.1														2.0																																				
NC_061449.1						3.0																																												
NC_062581.1											4.0																																							
NC_062582.1			2.0						2.0	2.0	2.0			4.0			4.0			4.0	2.0		2.0						1.0																					
NC_062735.1	1.0																																																	
NC_062736.1	2.0											2.0																																						
NC_062742.1																																		2.0																
NC_062747.1																							1.0																											
NC_062771.1																			1.0																															
NC_062778.1	3.0				1.0				4.0																									2.0																
NC_067194.1	1.0																																																	
NC_069154.1					2.0																																													
NC_069156.1										1.0																																								
NC_069741.1									1.0																						1.0																			
NC_070765.1											1.0																																							
NC_070776.1	2.0													2.0	4.0																																			
NC_070777.1	2.0		2.0											4.0	2.0																																			
NC_070778.1															2.0																																			
NC_070830.1															2.0							2.0							4.0				2.0																	
NC_070833.1										2.0																		2.0																						
NC_070839.1	18.0			1.0			18.0		1.0		2.0			2.0			1.0								2.0							1.0	2.0													2.0				
NC_070851.1	2.0																																																	
NC_070852.1																																	2.0																	
NC_070853.1														2.0		2.0																																		
NC_070855.1										2.0				2.0																																				
NC_070876.1	4.0														62.0																																			
NC_070882.1									1.0				2.0						18.0				2.0						1.0						2.0															
NC_070951.1																	2.0																																	
NC_070954.1											2.0			2.0		6.0																						2.0												
NC_070955.1											1.0		2.0			4.0																						4.0										2.0		
NC_070956.1		1.0	1.0	2.0		9.0			4.0	4.0				2.0		30.0		2.0	8.0				2.0						2.0		2.0									3.0	2.0				1.0	2.0	4.0			1.0
NC_070957.1						2.0					2.0					4.0		2.0	2.0						2.0		2.0														2.0	2.0			1.0	2.0		2.0		
NC_070958.1					2.0					2.0	3.0					2.0		2.0				2.0					2.0		2.0																		4.0			
NC_070960.1	2.0																		4.0	1.0																														
NC_070961.1	6.0		6.0	2.0	4.0						12.0			2.0	2.0		2.0	2.0		2.0					2.0																									
NC_070962.1	5.0	1.0	1.0	2.0	2.0				5.0	4.0				2.0	46.0	2.0					2.0			4.0		4.0			2.0		4.0																			
NC_070963.1	117.0	4.0	35.0	20.0	11.0	2.0	15.0	9.0	32.0		65.0	8.0	2.0	6.0	60.0	9.0	12.0	6.0		8.0	6.0	6.0	14.0	2.0		11.0		1.0	15.0				2.0	9.0				34.0	3.0						2.0	3.0	3.0		2.0	8.0
NC_070964.1	8.0	2.0			2.0		2.0							2.0		2.0	4.0		6.0				2.0						2.0																		2.0			
NC_070967.1												4.0			1.0						2.0																2.0				1.0				2.0					
NC_070969.1															4.0																																			
NC_070974.1				2.0																			6.0				6.0																							2.0
NC_070993.1					2.0																																													
NC_070998.1																			21.0																															
NC_070999.1											3.0	2.0														1.0							2.0																	
NC_071007.1				1.0																																														
NC_071015.1																																											2.0							
NC_071036.1																	2.0																																	
NC_071039.1	2.0	2.0		4.0		4.0								2.0	2.0	1.0	4.0	2.0			1.0								5.0			2.0	2.0		2.0					2.0	2.0			1.0						
NC_071050.1							3.0																																											
NC_071128.1		2.0																																																
NC_071130.1																																													2.0					
NC_071132.1	1.0																																																	
NC_071133.1	4.0																																																	
NC_071135.1																							1.0																											
NC_071140.1	2.0																																																	
NC_072498.1																																		1.0																
NC_072499.1				1.0																																														
NC_072500.1																										2.0																								
NC_072503.1	5.0																																																	
NC_072504.1											42.0																																							
NC_073094.1	7.0																																																	
NC_073095.1																1.0																																		
NC_073170.1										14.0																																								
NC_073188.1										6.0											2.0																													
NC_073189.1																					2.0																													
NC_073190.1										6.0																																								
NC_073192.1										26.0																																								
NC_073193.1										46.0														2.0																										
NC_073204.1							1.0			17.0						1.0					6.0																													1.0
NC_073316.1																	2.0																																	
NC_073323.1				3.0																																														
NC_073470.1																	1.0																																	
NC_073604.1						2.0																																												
NC_073756.1				2.0																																														
NC_073768.1	32.0		10.0	11.0			2.0						2.0					1.0													4.0															2.0				87.0
NC_073771.1																																					1.0													
NC_073773.1					2.0																																													
NC_073774.1																								2.0													6.0		1.0									1.0		4.0
NC_073786.1	8.0																																																	
NC_073793.1	11.0																													2.0																				
NC_073794.1			1.0																																															
NC_073795.1	87.0						2.0											3.0																																
NC_073798.1			1.0																										13.0																					
NC_073801.1	61.0						2.0																			4.0										1.0														
NC_073802.1	33.0																							1.0					14.0																					
NC_073804.1	137.0	2.0	1.0																																															
NC_073807.1	4.0																																																	
NC_073813.1	118.0																					1.0							2.0																					
NC_073814.1	1.0																											7.0	2.0	2.0				2.0					11.0				1.0							
NC_073823.1																		1.0																																
NC_073827.1						1.0																								2.0						40.0														
NC_073829.1	10.0	1.0	160.0		2.0								17.0					8.0										8.0		5.0	7.0				1.0		18.0	6.0					3.0	4.0			26.0			
NC_073832.1	2.0	7.0	214.0	6.0						4.0			2.0					10.0																				31.0												
NC_073837.1																													2.0																					
NC_073842.1	1.0																																																	
NC_073846.1					21.0				69.0																																									
NC_073850.1																																															2.0			
NC_073855.1	110.0		62.0		97.0		10.0																																											
NC_073859.1	3.0			1.0												2.0								2.0				1.0																						
NC_073860.1																3.0																																		
NC_073864.1	26.0		2.0																																												4.0			
NC_073865.1			4.0																																															
NC_073874.1	4.0																												1.0																					
NC_073883.1																													2.0																					
NC_073889.1																				8.0																														
NC_073891.1			2.0																																															
NC_073892.1	21.0						1.0									3.0										2.0				2.0																				
NC_073893.1																																						2.0												
NC_073896.1	2.0		4.0																																															
NC_073897.1																								2.0																										
NC_073902.1																									2.0																									
NC_073904.1	14.0	1.0																																																
NC_073911.1																		2.0																																
NC_073915.1	4.0	4.0	2.0	2.0																																														
NC_073918.1	2.0																			15.0																														
NC_073920.1	4.0																																																	
NC_073926.1																								6.0																						11.0	1.0			
NC_073930.1																									2.0			2.0	3.0	1.0																				
NC_073934.1										2.0																																								
NC_073938.1						2.0																																												
NC_073939.1		3.0																																																
NC_073946.1		6.0																																																
NC_073949.1	138.0																							2.0							162.0			2.0																
NC_073950.1			1.0																																															
NC_073951.1									2.0																																									
NC_073953.1																																			1.0															
NC_073957.1		4.0	9.0				14.0	17.0					1.0				5.0	2.0				5.0			1.0		4.0				2.0			1.0	12.0									1.0				2.0		
NC_073960.1							10.0																																											
NC_073961.1																								20.0																										
NC_073962.1	10.0	6.0																		7.0			6.0			13.0																								
NC_073966.1																																				2.0														
NC_073967.1	58.0																																																	
NC_073970.1	2.0																																																	
NC_073972.1					12.0																																													
NC_073974.1	2.0																																																	
NC_073977.1			2.0																																															
NC_073979.1			2.0																																															
NC_073983.1	13.0	4.0															6.0			2.0								2.0		1.0																				
NC_073985.1																88.0																																		
NC_073996.1							4.0																																											
NC_074000.1				1.0																																														
NC_074005.1																																																		4.0
NC_074006.1	6.0																																																	
NC_074007.1	1.0																																																	
NC_074010.1	3.0	1.0	8.0																																															
NC_074013.1	827.0		61.0	1.0		15.0	23.0					4.0					71.0	9.0		2.0					2.0			1.0	1.0	2.0	1.0						2.0		1.0		1.0					12.0	4.0	3.0	2.0	2.0
NC_074014.1			20.0																																															
NC_074017.1	7.0				11.0																																													
NC_074019.1								27.0																																										
NC_074025.1	1.0																																																	
NC_074030.1																												2.0																						
NC_074039.1																		2.0																																
NC_074042.1																																									1.0									
NC_074044.1			8.0																																															
NC_074046.1	22.0																																																	
NC_074048.1		6.0																		2.0																														
NC_074049.1	16.0	2.0	2.0																																															
NC_074050.1		2.0																																																
NC_074051.1																	10.0																																	
NC_074054.1																							4.0																											
NC_074055.1	2.0											4.0														2.0																								
NC_074061.1	4.0				2.0								2.0																																					
NC_074063.1			15.0	1.0			4.0																																											
NC_074064.1	117.0						2.0																																											
NC_074067.1	4.0					2.0																																												
NC_074068.1	11.0																																																	
NC_074069.1						8.0																																												
NC_074074.1	2.0																																																	
NC_074076.1		2.0																																																
NC_074091.1				37.0												13.0																																		
NC_074093.1												2.0																																						
NC_074095.1	33.0	4.0	3.0	4.0			3.0		2.0			14.0				4.0					4.0			3.0			3.0		8.0	5.0														18.0					3.0	
NC_074096.1																	4.0					2.0																												
NC_074097.1	244.0	17.0	10.0	10.0	66.0	8.0	9.0	4.0				6.0						2.0	12.0	4.0					9.0	1.0		11.0	15.0	6.0	4.0																	2.0		
NC_074098.1	150.0		25.0				2.0										4.0	5.0											2.0																					
NC_074106.1																										4.0							2.0																	
NC_074119.1	5.0																																																	
NC_074127.1	53.0																4.0																																	
NC_074129.1																		2.0																																
NC_074130.1	21.0																																																	
NC_074132.1																																																		2.0
NC_074134.1		2.0																																																
NC_074137.1			31.0																																															
NC_074140.1	2.0		3.0																																															
NC_074141.1	18.0																5.0																																	
NC_074143.1	10.0																																																	
NC_074146.1	38.0	1.0	44.0	2.0	9.0		4.0	8.0				1.0	14.0					6.0		2.0	2.0	6.0								2.0	19.0			3.0																4.0
NC_074149.1	7.0		1.0	6.0			48.0																		1.0																									
NC_074151.1	2.0																																																	
NC_074155.1	6.0																																																	
NC_074159.1		2.0															12.0													11.0													5.0							
NC_074160.1	2.0																	9.0																																
NC_074165.1	12.0	2.0					72.0																																											
NC_074179.1	2.0																																																	
NC_074180.1						90.0																																												
NC_074189.1			2.0																																															
NC_074191.1	19.0		34.0			2.0														2.0						8.0																								
NC_074192.1					21.0																																													
NC_074193.1	33.0																			4.0		3.0				6.0	2.0		7.0	5.0	1.0			5.0	1.0	5.0	20.0	13.0							4.0					
NC_074195.1																		7.0		1.0																													1.0	
NC_074202.1	2.0			2.0																											2.0										9.0								6.0	12.0
NC_074205.1	27.0		14.0	3.0																	1.0													2.0														2.0		
NC_074207.1	17.0	1.0																																																
NC_074215.1	24.0		26.0																																															
NC_074218.1	2.0		4.0																																															
NC_074219.1	2.0																																																	
NC_074220.1		2.0	18.0																																															
NC_074221.1			7.0																		4.0										2.0																			
NC_074222.1	2.0						4.0																			2.0																								3.0
NC_074224.1	3.0																																																	
NC_074234.1		2.0																																																
NC_074239.1													2.0				2.0							2.0																										
NC_074242.1																										12.0																								
NC_074251.1																								2.0																										
NC_074256.1																									16.0																									
NC_074259.1							2.0																												2.0															
NC_074266.1						3.0																																												
NC_074267.1										2.0																																								
NC_074273.1																								2.0																										
NC_074278.1	81.0																	2.0																																
NC_074286.1			8.0	5.0																						118.0													23.0			2.0								
NC_074300.1										4.0																																								
NC_074305.1							4.0																																											
NC_074307.1	1.0																																																	
NC_074310.1					83.0																																													
NC_074323.1																								2.0																							2.0			
NC_074327.1																																															4.0			
NC_074330.1							3.0																																											
NC_074341.1			4.0																								24.0				4.0					2.0														
NC_074352.1		2.0																																																
NC_074362.1		6.0																																																
NC_074363.1																		7.0																																
NC_074364.1			4.0			6.0																																												
NC_074365.1	4.0	1.0	16.0															192.0																																
NC_074369.1	10.0						2.0																																											
NC_074370.1	6.0																																																	
NC_074372.1										1.0																																								
NC_074375.1	2.0																																																	
NC_074380.1			2.0					18.0																																										
NC_074381.1	2.0		4.0														16.0																																	
NC_074384.1	2.0																																																	
NC_074392.1	4.0			8.0																																6.0														
NC_074401.1																																												2.0						
NC_074403.1																				2.0																														
NC_074405.1	10.0	38.0	95.0	28.0	117.0	33.0	13.0	40.0	25.0	22.0	23.0	21.0	12.0	27.0	8.0	95.0	105.0	24.0	41.0	58.0	51.0	90.0	55.0	15.0	27.0	38.0	75.0	101.0	101.0	40.0	144.0	97.0	216.0	294.0	94.0	8.0	9.0	17.0	23.0	3.0	6.0	1.0	12.0	8.0	12.0	29.0	29.0	6.0	11.0	18.0
NC_074407.1		2.0																										3.0																						
NC_074410.1						2.0																																												
NC_074417.1	29.0		27.0																			2.0						2.0	1.0																					
NC_074418.1	8.0					4.0	2.0															1.0																												
NC_074422.1																								2.0																										
NC_074429.1							2.0																																											
NC_074449.1								752.0																																										
NC_074457.1			4.0				34.0						2.0																																					
NC_074458.1																														2.0																				
NC_074459.1	4.0																																																	
NC_074460.1	66.0			1.0								4.0										2.0																												
NC_074486.1			1.0				2.0																																											
NC_074488.1																									5.0																									
NC_074496.1																													2.0		1.0				7.0		16.0	33.0		2.0										78.0
NC_074504.1	2.0																											4.0																				20.0		
NC_074508.1				52.0			405.0										1.0		114.0																													1.0		
NC_074530.1			18.0										2.0									7.0				2.0												4.0						7.0				2.0		
NC_074532.1	2.0																																																	
NC_074552.1	26.0	5.0	13.0																																															
NC_074554.1	1.0																																						1.0											
NC_074557.1	4.0																																																	
NC_074573.1																		4.0																																
NC_074577.1		1.0	6.0																																															
NC_074578.1											2.0																																							
NC_074579.1	69.0		1.0																																															
NC_074583.1	137.0	2432.0	4067.0	2512.0	4643.0	5476.0	5943.0	1303.0	292.0	38.0	2150.0	1627.0	2382.0	140.0	28.0	347.0	732.0	1003.0	190.0	1302.0	181.0	1767.0	141.0	379.0	8025.0	1114.0	5713.0	2668.0	1696.0	1176.0	1673.0	1477.0	1228.0	1385.0	2508.0	535.0	199.0	1056.0	881.0	6576.0	805.0	1248.0	1363.0	2777.0	243.0	398.0	53.0	222.0	396.0	159.0
NC_074584.1																																																2.0		
NC_074595.1			2.0																																															
NC_074596.1													2.0																																					
NC_074604.1																																																		2.0
NC_074608.1			1.0																																															
NC_074610.1	2.0																																																	
NC_074612.1										4.0																																								
NC_074614.1	2.0																																																	
NC_074620.1	2.0																																																	
NC_074625.1										4.0																																								
NC_074629.1			2.0																																															
NC_074630.1																													2.0																					
NC_074638.1							1.0								1.0																																			
NC_074658.1		2.0							8.0													2.0																												
NC_074659.1																				1.0																														
NC_074660.1									7.0	2.0					2.0	4.0					2.0																													
NC_074662.1									4.0										14.0			2.0																												
NC_074663.1									2.0										2.0																					4.0										
NC_074664.1		2.0																																																
NC_074748.1														7.0																										1.0										
NC_074750.1					2.0																												2.0																	
NC_074775.1			415.0																																															
NC_075034.1							1.0								2.0																																			
NC_075036.1																	1.0			1.0	4.0							2.0																		2.0				
NC_075038.1															1.0																																	2.0		
NC_075136.1															1.0																																			
NC_075283.1			1.0																																															
NC_075305.1	90.0	1.0	9.0										5.0		104.0																			2.0						1.0			19.0						5.0	6.0
NC_075306.1	8.0		8.0									2.0																																	7.0					
NC_075308.1	8.0																																																	
NC_075309.1																																												1.0				2.0		
NC_075311.1							2.0																																											
NC_075314.1							2.0																																											
NC_075317.1						2.0																																												
NC_075320.1			2.0																																															
NC_075323.1		2.0																								4.0							4.0					2.0												
NC_075324.1	34.0	8.0	69.0	5.0	1377.0	4.0	19.0					10.0	6.0	76.0			1.0			5.0		2.0																					8.0		2.0	6.0	4.0	6.0	22.0	132.0
NC_075325.1																								1.0		29.0		2.0	7.0		1.0			2.0	2.0			4.0					2.0	2.0	2.0	2.0	6.0			12.0
NC_075326.1		2.0											1.0																																					
NC_075329.1	36.0	4.0	123.0		4.0		2.0							6.0												2.0		2.0																			14.0		1.0	9.0
NC_075330.1	293.0	10.0	208.0	9.0			12.0						2.0				10.0					8.0		12.0	4.0	98.0		13.0	61.0		19.0		12.0	20.0	1.0	1.0	29.0	223.0	35.0	2.0	2.0	8.0	78.0	19.0		10.0	87.0	41.0	9.0	116.0
NC_075331.1	250.0	34.0	60.0	2.0		2.0							9.0							1.0		4.0	29.0	10.0	8.0			23.0	4.0		3.0						2.0							7.0				4.0		
NC_075332.1						2.0																																												
NC_075333.1			2.0				2.0																																					2.0						
NC_075334.1														1.0																																				
NC_075335.1	4.0		20.0		4.0										2.0																																			
NC_075336.1	3.0																10.0									4.0																	1.0							
NC_075338.1																										1.0			2.0																					
NC_075339.1	490.0	9.0	14.0			4.0	86.0					6.0	2.0	23.0								12.0		12.0	2.0	69.0		2.0	13.0		4.0						2.0	53.0	22.0			9.0	14.0	14.0		2.0	21.0	14.0	6.0	107.0
NC_075368.1														2.0																																				
NC_075546.1								1.0											3.0	2.0																									2.0					
NC_075701.1									1.0				1.0													1.0																								
NC_075702.1										1.0																																								
NC_075989.1	3.0				2.0		2.0									16.0			1.0			3.0		1.0	1.0	1.0				4.0			1.0	1.0							1.0				1.0	2.0				
NC_075994.1																									1.0																									
NC_076231.1	4.0																																																	
NC_076236.1	3.0																																																	
NC_076243.1																																								1.0										
NC_076270.1			2.0			8.0	12.0																																											
NC_076271.1	1.0	2.0				4.0							2.0									6.0			4.0														2.0											
NC_076272.1																																										1.0	2.0							
NC_076274.1	74.0		4.0	1.0		20.0						2.0	2.0							1.0	2.0	38.0																												
NC_076275.1	3.0																																																	
NC_076276.1	4.0																																												3.0					
NC_076277.1																423.0																																		
NC_076279.1																								2.0		4.0	1.0		2.0								2.0													
NC_076280.1																																						1.0												
NC_076282.1																8.0																																		
NC_076284.1	4.0	4.0	1.0				4.0																																											
NC_076286.1	67.0	3.0	30.0				4.0				2.0						4.0									2.0			2.0				7.0										4.0			9.0	6.0	5.0		26.0
NC_076297.1						1.0						16.0												44.0	5.0	48.0	1.0	12.0	54.0	1.0	15.0		19.0	8.0	12.0		67.0	3.0	36.0			1.0	48.0	12.0	47.0	31.0	80.0	88.0	23.0	229.0
NC_076298.1																													6.0																					2.0
NC_076300.1	240.0	4.0	63.0		4.0							2.0	1.0				2.0					4.0		8.0				2.0																6.0	2.0		8.0			2.0
NC_076303.1	35.0	4.0	12.0	4.0	5.0	2.0	12.0	2.0	2.0			1.0	2.0		2.0		8.0			4.0	2.0	2.0		2.0		2.0		1.0			10.0					1.0	2.0	2.0					2.0			4.0		2.0		2.0
NC_076304.1	24.0		76.0		47.0							2.0										5.0		2.0	1.0	6.0		6.0	15.0					2.0				19.0	6.0				13.0	10.0			7.0	3.0	6.0	33.0
NC_076306.1												18.0												4.0																										2.0
NC_076308.1	71.0	23.0	4.0									2.0								14.0																														
NC_076309.1	4.0																																																	
NC_076311.1																								2.0																										
NC_076312.1	514.0	16.0	23.0	2.0	39.0	2.0	2.0				2.0	2.0			31.0					20.0				3.0					2.0											1.0				4.0	1.0			3.0		64.0
NC_076314.1	2.0		2.0				2.0																																											
NC_076315.1	124.0						56.0	6.0			13.0	3.0			2.0		155.0			7.0		11.0		29.0	3.0	35.0		5.0	33.0		26.0		9.0	7.0	19.0		12.0	25.0	9.0			7.0	15.0	7.0	11.0	15.0	4.0	3.0	4.0	88.0
NC_076319.1		2.0	3.0											12.0																																				
NC_076320.1	2.0		22.0	6.0																					3.0	1.0																								
NC_076321.1																																													1.0					
NC_076323.1	6.0																																																	
NC_076324.1	2.0																																																	1.0
NC_076325.1	1213.0	29.0	241.0	16.0	80.0	37.0	89.0		1.0			468.0	7.0				792.0				1.0	18.0		4.0		19.0	3.0	27.0	10.0		13.0		1.0		4.0	5.0	7.0	11.0	21.0	1.0		3.0	26.0	3.0	8.0	20.0	20.0	18.0	14.0	87.0
NC_076326.1	2.0																								2.0																									
NC_076327.1							1.0																																											
NC_076329.1							2.0																																											
NC_076331.1						2.0														1.0																														
NC_076333.1																																	2.0																	
NC_076336.1																																							2.0											
NC_076341.1	2.0																																																	
NC_076342.1	1.0					2.0																																												
NC_076343.1			2.0																																															
NC_076344.1							3.0																																											
NC_076345.1													1.0			64.0																																		
NC_076347.1	15.0	2.0	10.0	2.0	8.0	3.0	4.0					2.0																																						
NC_076348.1			1.0																																															
NC_076351.1				1.0																																														
NC_076352.1	5.0																																																	
NC_076358.1	6.0		2.0																	2.0																														
NC_076359.1							2.0																																											
NC_076360.1						6.0																																						2.0						2.0
NC_076361.1	17.0				2.0		4.0		2.0																			2.0																						
NC_076362.1																																										2.0								
NC_076364.1																						2.0					2.0	4.0	1.0										6.0			1.0						2.0		
NC_076366.1	8.0		2.0	1.0	2.0		2.0			2.0																																								
NC_076376.1																																													16.0					
NC_076377.1																																										3.0	7.0						1.0	
NC_076378.1	2.0						2.0					2.0								4.0																														
NC_076380.1	5.0																																																	
NC_076407.1																													2.0																					
NC_076408.1	4.0			1.0	10.0	10.0	16.0		83.0				4.0			6.0								22.0		21.0					21.0					2.0			2.0			2.0	8.0		8.0	304.0	16.0	14.0	6.0	114.0
NC_076434.1	2.0					2.0																																												
NC_076436.1		2.0			11.0																												4.0																	
NC_076437.1	9.0																																																	
NC_076438.1	2.0	1.0												2.0						6.0			4.0	1.0	4.0													14.0												
NC_076469.1	4.0					6.0																																												
NC_076474.1			10.0												76.0																																			
NC_076475.1			2.0																																				2.0											
NC_076476.1	2.0																																										16.0							
NC_076477.1	2.0						7.0					9.0					2.0					26.0		6.0					2.0		33.0		2.0				10.0	69.0	2.0	2.0		25.0	67.0	13.0	45.0	74.0	5.0	37.0	6.0	237.0
NC_076479.1	2.0																					1.0																												
NC_076588.1								3.0																																										
NC_076634.1			1.0																																															
NC_076658.1																																1.0																		
NC_076690.1														1.0							2.0																													
NC_076708.1	1.0																									1.0																				1.0				
NC_076725.1															1.0																																			
NC_076728.1																											1.0																							
NC_076818.1																																		2.0																
NC_076823.1																1.0					1.0		1.0						1.0												1.0									
NC_076827.1							3.0																																											
NC_076828.1							2.0																																											
NC_076947.1	129.0		38.0	5.0	45.0		3.0	7.0	225.0	13.0	9.0	4.0		2.0	105.0	16.0	11.0	4.0	12.0	33.0	8.0	8.0		2.0		2.0	2.0	2.0		2.0		1.0	12.0			10.0		2.0			2.0	6.0				2.0				
NC_076967.1									1.0																																									
NC_076969.1				2.0																																		1.0												
NC_077016.1			2.0																																															
NC_077036.1																										2.0		2.0																						
NC_077065.1																									2.0	1.0					2.0													1.0						2.0
NC_077092.1									6.0				3.0					1.0																			2.0			1.0										
NC_077096.1																										1.0																								
NC_077097.1	1.0			1.0																																														
NC_077106.1										2.0	4.0																																							
NC_077184.1														1.0																																				
NC_077210.1																				2.0																														
NC_077211.1	24.0	6.0	14.0	5.0	9.0	3.0	10.0		2.0	27.0		2.0		4.0	6.0		27.0		40.0	4.0			2.0		2.0				11.0										6.0											
NC_077213.1	3.0		4.0	6.0		2.0				6.0				2.0			6.0			7.0		2.0	8.0											5.0																
NC_077221.1															1.0	1.0	1.0		4.0	1.0				1.0													2.0	2.0												2.0
NC_078087.1	8.0																																																	
NC_078985.1	8.0	70.0	23.0	53.0	29.0	21.0	21.0	17.0	11.0	28.0	36.0	39.0	32.0	36.0	6.0	16.0	15.0	27.0	13.0	23.0	31.0	18.0	27.0	20.0	24.0	17.0	30.0	20.0	12.0	21.0	8.0	16.0	32.0	21.0	12.0	28.0	34.0	18.0	15.0	18.0	27.0	21.0	18.0	15.0	10.0	16.0	15.0	25.0	26.0	11.0
NC_092456.1																																												2.0						
NC_105114.1									2.0																																									
