Contig	VIR_GYG_1_tpm	VIR_GB_2_tpm	VIR_HGMT_3_tpm	VIR_R_WU_i_4_tpm	VIR_R_WU_o_5_tpm	VIR_RXT_6_tpm	VIR_C_WZ_7_tpm	VIR_QTX_8_tpm	VIR_QTX_m_9_tpm	VIR_GWX_i_10_tpm	VIR_G_WX_m_11_tpm	VIR_G_SX_i_12_tpm	VIR_G_SXKQ_A_13_tpm	VIR_G_SXKQ_mb_14_tpm	VIR_G_SXKQ_mc_15_tpm	VIR_G_SXKQ_o_16_tpm	VIR_C_YC_i_17_tpm	VIR_C_YC_o_18_tpm	VIR_R_QJ_i_19_tpm	VIR_C_JZ_i_20_tpm	VIR_C_JZ_o_21_tpm	VIR_C_TGZ_22_tpm	VIR_R_DTH_i_23_tpm	VIR_R_DTH_M_24_tpm	VIR_R_DTH_o_25_tpm	VIR_C_WH_i_26_tpm	VIR_C_WH_m_27_tpm	VIR_C_WH_o_28_tpm	VIR_C_HS_i_29_tpm	VIR_N_CG_30_tpm	VIR_C_JJ_i_31_tpm	VIR_C_PYH_M_32_tpm	VIR_C_JJ_o_33_tpm	VIR_C_AQ_i_34_tpm	VIR_C_AQ_o_35_tpm	VIR_C_TL_i_36_tpm	VIR_C_TL_o_37_tpm	VIR_C_WH_i_38_tpm	VIR_C_WH_o_39_tpm	VIR_C_MAS_40_tpm	VIR_C_NJ_i_41_tpm	VIR_C_NJ_o_42_tpm	VIR_C_YZ_43_tpm	VIR_C_ZJ_44_tpm	VIR_C_C_CZ_45_tpm	VIR_C_JY_46_tpm	VIR_C_SNT_47_tpm	VIR_C_NT_48_tpm	VIR_C_CS_49_tpm	VIR_C_TCG_50_tpm
NC_000898.1	0.88944113																		19.194998																															
NC_000935.1					12.888005																																													
NC_000936.1	13.218812	196.68765	142.8126																							158.68																								
NC_000939.2	11863.492	4009.0872	1965.8369	9963.555	3784.9624	2759.3958	2975.7725			376.14954	1990.4108	7327.8135	4253.75	527.6868			3092.6763	3948.92		3896.6653	19073.365	2344.3232	2355.7969	6370.35	2707.1882	8232.961	2730.8706	5596.285	2020.5814	5583.4375	7234.0996	1014.34344	2212.788	1353.0695	2574.7527	4348.993	12660.922	3142.107	3280.1558	522.7531	4088.6155	348.5845	3448.6133	2251.073	293.63586	1880.3639	2213.666	4204.726	2552.3474	1731.9982
NC_001330.1			73.12068			54.09282																																												
NC_001339.1	436.5771	223.99971	162.64357		49.14608		163.78372				688.1133	217.9207					183.94531	590.35565				240.13814		286.48083	166.38452											114.552956														
NC_001367.1	301447.94	180746.1	134900.25	262779.13	74343.81	104468.305	134672.0	192616.48	8591.414	267867.4	61664.816	172821.95	180033.56	38616.45	430.40195	63999.445	122184.6	355888.44	523576.7	154048.94	198551.72	133254.95	51231.684	48699.61	37566.83	45471.18	35595.35	54799.76	52916.066	79220.96	46770.156	12228.057	9590.382	17069.22	22219.578	43578.73	15464.642	41319.195	26689.512	6947.3223	48389.33	27675.531	53450.418	29217.133	110787.15	14020.252	43810.625	44001.438	53920.184	18106.959
NC_001401.2	15.408296																	100.7057																						123.314514										
NC_001411.2	185.69325								804.04645									606.82825																																
NC_001416.1	10.405093		61.94236	91.61151	262.0403	88.25246	113.20196		798.0952	1147.0343	90.59076	21.517109			567.48584	2737.6294	236.11142		898.2083	298.6969	340.43033	818.0226				35.68681		83.16961				28.41009					265.9588	27.239737	85.30952	23.792364			62.783546	109.284676				40.288868		82.58324
NC_001420.2											393.92435																																							
NC_001422.1							982.99854		463.67764	1079.1779																																								
NC_001440.1	65.06807		451.9144																												169.56119																			
NC_001469.1	2913.876	1597.35	662.7525	1417.7863	17723.402	350.20523	4004.3909			3356.02		2775.0012	868.46954	1734.5422			3841.4666	3207.502		770.4424		978.5333		2626.5906	762.74634		512.94586	214.52313	189.76537	361.63806	239.78777		923.6293	231.04565				632.3458	440.08536	122.7375		327.3774	161.94043	422.82434	413.65738		2356.189			
NC_001479.1																				231.13269																														
NC_001493.2															10.252935																													44.42575						
NC_001499.1							33.269447																																											
NC_001501.1										398.63187	263.672																																		466.77957					
NC_001504.1	667.55	880.1149	260.8331	1354.0428	551.71313							244.63728	382.8107		645.19946			1325.4633				269.57828	4876.158	1608.0123	3548.8748	5071.737	5087.2554	9219.516	7737.275	18530.902	5725.1743	807.5167	890.58453	5474.0107	5710.0347	5658.266	7559.5005	8284.481	15518.738	946.7701	6044.8877	7575.952	15525.429	3416.8894	40569.55	5448.9116	2596.4482	16032.157	17433.865	8023.5396
NC_001539.1			83.61553																																															
NC_001550.1																365.1102																																		
NC_001554.1	2611.4958	449.21872	745.53723	186.0696	739.198	206.82356	492.68845					2731.424					3596.6968	2663.831		947.9296		842.7709		143.63036	83.418724	90.60311	403.91263	316.73154	684.87946		157.34818			454.83484		114.86484	450.15103	276.6291	433.17447				159.3974			521.4702		1227.4441	943.76996	152.48409
NC_001556.1	3426.0928	5739.2563	2118.6218	7201.6406	740.7103	4144.9316	7004.319		3143.8154			8046.816	7580.737			2458.1023	762.3961	24171.814	7100.0444	1424.8033	12211.538	3528.784	1636.6396	4317.7217	6708.047	6128.2227	7892.4077	8093.1772	6784.8184	15917.175	9637.586	2547.7378	170.8096	1110.9276	4727.424	1381.1974	4059.6482	2910.5488	3906.5461	1089.5146	8115.6494	5569.9478	2994.813	1772.4028	3467.9531	18550.064	615.1589	6303.52	9929.856	1604.3583
NC_001557.1	6604.382	432.90335	538.8448	1075.8699	379.92056	797.247	949.5886	7232.7544			9752.251	3369.2417	5272.2207				710.988	1140.9253		5846.4087		8353.663	6295.911		3858.6719	22002.738	778.4855	4476.678	6000.0454	8232.74	8188.203	556.072	1314.1593	876.631	2293.6912	2213.8591		1066.3289	9183.721		24975.77			4278.0684	13079.115	6700.4097	2103.489	3154.304		881.6758
NC_001604.1	1198.672	3357.5837	4655.695	6108.107	7490.382	2184.8079	7752.867	6527.647	57436.273	3908.8027	26927.176	12556.291	10733.929	50110.03	156756.44	71384.336	40420.53	719.71674	37478.156	25302.248	11534.978	21193.771	85877.23	11559.788	1526.3141	12525.351	2547.9966	11754.624	5457.758		2653.2002	1742.4006	20276.432	4433.025	4462.697	3516.542	6998.266	10900.3955	9039.56	288.9495	1355.9779	2928.714	1734.6472	2040.6039	2775.4314	8605.926	293.66245	3547.3774	1185.0708	3017.946
NC_001625.2																												962.05426	1418.3746	3040.891	1344.1963					261.67148	256.37033	2678.2832					1089.3605	1422.1542						173.68571
NC_001642.1	16.987606																																																	
NC_001664.4							3.6910355										60.79917					3.6078408									2.357586																			
NC_001672.1														104.557										61.572433																										
NC_001697.1		33.155136					12.121152			51.327442				72.005516		1351.861					918.5844	71.08774			24.62727				36.762478						12.547779				31.970968									60.395336		
NC_001702.1																																	133.43527																	
NC_001716.2																								4.4811754														4.315332												
NC_001721.1	5135.751	5655.129	2165.8672	6846.9985	3754.0647	3738.591	2597.57			3367.194		7053.4097	1765.9584				3453.163	15541.138	841.24835	5385.286		9793.366	37959.28	2967.1929	1831.0172	3392.5095	1955.6841	2181.072	1045.0686	1378.8002	3352.1687		1173.8257	734.08057			2615.4763	267.8794	559.2974	623.9402		3328.4683	1440.6516	1791.2024	350.4737		5108.1675	3433.791	3655.6733	1968.8134
NC_001728.1	43.575367																																																	
NC_001731.1																																																		1.9135733
NC_001741.1						135.02682																																												
NC_001777.1	1702.5787	2038.3116	815.50745	844.2832	255.54918	893.765	212.90993					141.6426	1329.8619			1696.1172	239.11891	895.33514			896.3929	1872.9991		744.8187				136.872	322.86887				1620.5824						280.78714											
NC_001782.1										922.09875			453.37866														267.7798																							
NC_001801.1	18646.72	8683.404	11951.631	13280.2295	9855.546	14556.457	11568.826	3677.6858		22103.03	2051.9136	21038.156	12710.693	906.6535		8510.949	9324.74	32054.066		10430.295	1799.2043	11636.268	31166.916	10037.659	7504.2563	22228.797	6005.8735	19701.658	22589.16	23288.51	10411.4375	4021.8694	2365.6501	6847.586	6572.5825	11699.477	3012.0315	9409.099	8212.246	3682.5254	8028.4775	20603.055	22516.11	16295.984	22904.988	12923.108	35397.41	48365.59	57535.9	15021.014
NC_001802.1																	95.949646			197.24686		55991.652																												158.64595
NC_001834.1	11.673473		48.04467		101.62379																			148.09544														71.30726												
NC_001873.1	11.423772	84.98924		140.81267	74.58746			129.08752																																										
NC_001874.1	47523.49	24270.736	16805.758	15712.153	17820.738	9998.598	4877.277	1057.9086	11600.003	331.77515	5047.3555	7922.817	5546.339	1163.589		2340.6116	4179.7446	33230.32	310.83594	3075.1902	5112.958	746.6921	519.4709	5687.3613	1114.3163	432.24515	770.787	1813.2578	1722.8059	2377.4697	2402.143	481.7513	325.29102	108.49525	567.7522	547.9916	966.4019	494.8987	826.62744		1030.3662	1844.7719	2737.602	1456.0435	12043.296	6302.441	4425.711	19421.848	5402.9927	2618.8706
NC_001875.2							1.485587		18.920166				24.744417		10.426231		6.673844	7.1396976							3.018353	3.2783072		3.820118	9.011318					4.1143427						8.742586			17.302515							5.5173616
NC_001899.1	12.135228		37.45882		79.232666																																													
NC_001918.1			5704.4995																																															
NC_002016.1			1950.2297																																															
NC_002020.1																																																		1227.4114
NC_002034.1			6861.242																																															
NC_002035.1			620.20123																	593.746																												1281.3713		
NC_002167.1																			78.31921																															
NC_002229.3	0.20265858					1.8511028	2.204821																			2.4327347			1.671758																					
NC_002331.1																17.479979																																		
NC_002484.2		19.011343																																																
NC_002512.2																6.787772			6.7606773			4.9970965											2.3583572																	
NC_002568.2	104.284645		53.65063											1123.3065				113.59745									232.53221		573.5048		181.17055	166.09772		130.92404		529.0206	259.15176					742.04443				2001.4004	1256.6168			
NC_002577.1																																						4.021373												
NC_002643.1																																																		158.52512
NC_002687.1												1.5548934																		5.065841																				
NC_002692.1	3840.2686	2268.8257	2771.7612	2088.364	663.7152	3662.4902	2334.7705				688.3647	2779.5051	2814.315				3036.2068	9375.321		8227.604	205909.38	1891.7784	4481.0156	644.81714	1560.4257	338.9633	604.4452	315.98724	1397.5978	3062.9324	588.6693	107.938774	340.12076		699.6424	85.946144		1914.6057	1296.4696	2983.022	7272.0464	3857.7485	2266.073	726.6116	6702.378	520.24475	8268.214	3673.679	6355.477	3023.5002
NC_002730.1	1.882534																																																	
NC_002792.2			88.15673																																															
NC_002794.1																	4.497693																																	
NC_002815.2	81.75316			537.447									246.91107					427.45895																				499.3881				465.37656	805.7106				591.0697	147.72388		
NC_003059.1																										160.82277																								
NC_003224.1																																										320.92596								
NC_003298.1				23.25871				127.93206	196.0872			27.31424	42.741596		144.07565	408.8475	23.055754		122.164696		86.42986			35.90759	41.70934								28.410172						54.14681											
NC_003315.1										26.353611						1189.8873	27.958431				209.61726				25.28931	27.467339					23.850933		17.225708							36.624916						52.69649		62.01891		
NC_003346.1							77.26162																																											
NC_003355.1	171.71034	170.32939	35.335487					388.06168				331.41403					139.87204																																	
NC_003391.1													7.9383516																																					
NC_003444.1														62.840214																																				
NC_003448.1																																																		234.39465
NC_003487.1	4024.465	1425.7501	207.0442	236.22244	62.56264	262.57016						138.70573					1170.8054	501.01236				152.84706	1382.3556	547.03186		920.19244					199.7595				323.75073				1099.8625											
NC_003497.1											7883.67																																							
NC_003500.3	522.211		373.78583	839.59845	197.65756	69.12938	411.6943			697.3336		766.8863					184.94937	1088.2266		760.41345	1733.3143	241.44891				181.70071			686.74866	1249.2574	394.44427			114.01911			677.06946		2606.1404	242.27953			1598.323					1641.0588		611.60114
NC_003532.1	281.80118	1133.25		375.52014	696.18665	208.70248	497.1646					440.99832	690.07825					199.1136		191.30826			1098.758	579.7405																						175.40254				
NC_003537.1								40.579346												90.20342																														
NC_003610.1	11.0677595			136.42436														72.33685																																
NC_003630.1	17346.225	10968.657	11342.437	8177.932	1073.6924	3832.856	13788.305	6215.4385		261.23938		15431.893	14129.129	549.7257		8600.649	8037.283	30094.08		11537.271	9610.313	9497.58	22905.742	5935.0	9839.553	14703.106	13276.317	15626.0205	22453.023	38376.402	24293.258	8453.657	2561.339	10764.067	11942.567	11218.698	6256.6553	12937.48	10902.34	5173.5664	18660.125	17915.055	28501.654	23659.34	44355.438	41006.254	13734.221	49643.824	69132.62	21365.621
NC_003631.1	7592.24		21720.79		403.01495		1007.31165						6990.882				754.20703			55816.168										1455.5311																				
NC_003633.1	35.048805																214.1258																																	
NC_003634.1															412.47128																																			
NC_003779.1	479.434	243.8865	518.60046	707.13654		187.14502						1542.241					100.137985	535.6395				261.45746			45.28905													225.27824							368.42166			222.13152		
NC_003781.1	1031.0017	277.9105	322.85992	506.49506	48.779392							432.5897	169.23																																					
NC_003782.1	155.46178	346.97607	563.8553	95.81331	228.38242		317.12656						352.1445					2438.5662				309.97864		147.91985	85.91	46.654503			160.30307	366.5899					87.54354									142.87132	559.0953	1879.6539	983.48004	1790.8112	2915.8677	706.6714
NC_003826.1	1578.7313		676.8335	1081.1051			2862.6282													2203.0715		4197.1577	6326.547			1052.8479																								
NC_003836.1									523.33777										652.0908																															
NC_003878.1	11.069459	329.4131		2797.1301		101.109505												72.34796				176.57318				66.4395	148.09502		228.28357		403.8437			1667.6578									5026.1177		696.66956	254.93018	400.15695	600.0586		
NC_003924.1	2068.279	1693.4835	714.7539	870.7693	1178.7256	250.9355	875.3065	221.73952	2175.1707		1913.4813	340.86743	1689.0762	507.2917				1333.833		394.32202	1617.8986	500.8256			563.887	94.2233				185.09105	163.63525		59.090652		132.60207	119.45443	351.10327								423.43024					
NC_004009.2	116.65923																																																	
NC_004060.2	16375.015	4413.4775	7432.4565	5806.884	683.5258	1274.9779	3274.4954	48205.96	74340.82	5023.901	1063.3671	2904.5635	4149.864	2819.1409		18902.752	959.3693	7070.3135		4382.685	799.20416	834.96204	9439.292	664.064	289.26022		466.8653	610.1607	935.55383	411.43784	272.808	500.22266	131.35226	131.43097		5177.922				837.8348		744.9182		962.0997	11922.38	803.6601	29171.777			88.12487
NC_004065.1																				7.864078																														
NC_004102.1							20.328632									161.94539						59.61133																												
NC_004106.1		164.42899		272.4305	144.30449		60.113483											288.90378													115.18932					1513.596						943.5931								
NC_004107.1										2998.5554																																			1560.52					
NC_004142.1	23.28663								14519.584	536.4019							142.26642																																	
NC_004146.1	162.42935											335.894																																						
NC_004284.1	12.203015		150.67224		79.675255																																													
NC_004287.1	14.197602																							135.08827																										
NC_004288.1							78.4047																				192.8315		178.34612								429.8125													
NC_004301.1			52.044624																																															
NC_004333.2																64.755325																																		
NC_004365.1	521.68536	273.32208	136.08405	362.27823	143.92213	402.68607	39.96943					53.180954					359.117	480.2305						349.56076	81.208206	88.202225				173.26334						111.82104		33.662384		117.60874				202.57811				298.72968	689.0711	
NC_004422.1	10214.376	11828.499	24326.828	10292.368	298.72852	7940.3438	5817.6816	371015.8			1045.6523	18047.732	6218.258	1108.8705		6195.9526	3563.9082	11886.584		4596.9844	21219.03	6933.3335	16913.951	761.8351	4424.6475	343.26547	459.0877	1599.9891	990.7357	2157.7793	1788.4226	163.96313	86.109406	172.32208	64.411095	435.18494	341.09506	52.402866	820.57794		409.13007		603.9039		514.20044		4341.6377	155.01276	1430.2538	346.62732
NC_004441.1			15.061098																																															
NC_004452.3	900.20337		61.07102																																															
NC_004560.1																										74.81336																								
NC_004725.1	661.71484	117.21314	218.84666	1165.2119	1028.6746	143.90868	257.11102			4173.525		1254.3539					3368.8804	617.83484		1187.2319		502.63135	1136.4557	299.81564	174.1292		1053.9153		2599.3193	743.0334	246.3379			474.71396		239.77016	2114.2144	144.35982				6053.7603	166.36406				3417.2493	4483.82		
NC_004777.1	5.759186		35.554703	47.326244	25.068373		62.656857		1828.7214	44.220444	1374.7173	55.57839	43.484745	372.21194	2381.937	582.3388	469.13278	25.093967	1201.4587	144.66177	879.3267	183.73387	623.13684	182.65958	63.651882	46.08924			15.836093		80.04204		231.23323	28.921457	86.48288		57.247284	52.769863								44.211422				9.695969
NC_004812.1																9.963231																																		
NC_004813.1								14.063022																																										
NC_004906.1			750.1444	998.5038														529.44055																																
NC_004907.1			217.11499																																															
NC_004910.1																																	463.6887																	
NC_004995.1													605.13965				870.46826			1342.0886		1988.6738		169.4611										268.31662																
NC_005091.2																																														28.898462				
NC_005092.1															292.9978																							70.32048												
NC_005261.3											15.874817																																							
NC_005262.3																	6.8948545																																	
NC_005285.1	471.11246	226.12459	117.27598		496.1231		248.00607			2975.538							185.69006	198.65195						289.19815																		648.8196		139.66397						
NC_005287.1	122.30621		302.02594	603.0322	212.9479							236.0603																																						
NC_005341.1	35.8446		73.76294		468.06897	54.567947																																	171.43185											
NC_005342.2										34.5806																																								
NC_005344.1	72.93932																																																	18.652878
NC_005817.1	2917.7969	1465.4844					2343.9724						3346.456																																					
NC_005818.1	564.0984		954.8779	2018.6813	118.809		1583.7657							6468.225																																				
NC_005819.1	147.58534	2744.9705	2847.272																		3380.052																													
NC_005841.1	1.7418133																																																	
NC_005856.1	3.8025002		4.6949954	42.183617	4.965415		16.547691	133.20044			69.52263				537.1286		18.584675		2429.0254	19.102575			164.57019				10.174504					7.2676473	11.450375								108.80786			48.92363						
NC_005886.2										70.07318																																								
NC_005887.1																																				25.867928														
NC_005898.1							35.704685				400.02112	285.03897			1503.5072	568.8725	320.79898	1115.373		329.7387	601.2948															299.66928														
NC_005899.1												4191.2563	2295.4802	935.6377				946.1892		4727.311	3978.6887	7158.7646									301.8054																			
NC_005946.1																																												6.2563443						
NC_006430.1										1906.2213	5908.0117				3249.6113													396.8805	78.01714			203.35683	355.9935	676.79285			564.0619								1105.4199	2232.5466				
NC_006557.1														56.695656																																				
NC_006559.1																					1851.532																													
NC_006560.1													10.835487																																					
NC_006641.1							12.287118																										68.01779																	
NC_006659.1																			74.85097			13.831349																												
NC_006820.1	2.0201995				4.7964253				12.723494	25.3826	5.5963807	5.3170075				31.834606	4.4880486					5.8590865				8.818426					1.9143436																			1.8551658
NC_006882.2	1.5958782																																																	
NC_006883.2																	3.490136																																	
NC_006884.2					5.2816157																																													
NC_006939.1	205.53937		60.424313		383.4276							283.36206										312.25107		372.51044		234.98262					306.0665							89.68105												
NC_006960.1			50.054596																												169.02727																			
NC_007057.1											50.415726																																							
NC_007059.1											50.955994																																							
NC_007145.2						17.495855			132.701	88.24354				61.89695		83.00567					175.47281	15.27699	138.16577	36.450413											21.572483						68.512634	163.5538				44.112785				
NC_007367.1							381.8696																																											
NC_007377.1			108.34605																																															
NC_007456.1										83.65398																		12.69989																						
NC_007636.1	5.4481554																																																	
NC_007729.1	51606.164	45723.535	58163.363	38529.227	63410.566	9570.665	64133.99	12436.967	30805.346		9390.824	75837.25	30714.813	40687.895		7631.283	85530.84	87587.89		23886.156	33071.5	46349.164	15878.18	3016.0242	3795.2876	3170.888	942.397	5542.415	1815.8414	3529.681	4038.3232				991.6545	267.99924	3938.5469	968.1347	505.33493			751.8318	1487.6038				318.29764			
NC_007767.1																				6.8100834																														
NC_007805.1		27.366362											41.661																																					
NC_007815.2																												246.05917				84.05182	264.85196																	
NC_007816.2	16.270695			200.55722																																														164.3567
NC_007856.1																																											277.53598							
NC_007993.1														127.23864																								36.07815												
NC_008030.1																																	5.7115126																	
NC_008040.1																																																		9147.28
NC_008168.1	73.672104	5.1224093	13.81462	258.8519	85.41405	106.91387	252.81412	622.42084	298.12885	229.9698	440.6	179.40222	218.3457	1123.5958	762.29767	1014.463	361.7543	288.0045	297.18076	1080.917	583.4472	944.5303	1489.95	353.76575	91.316864	264.48395	234.89502	443.03098	286.8264	154.24107	305.01895	92.11745	72.5668	1006.17053	116.31641	314.35065	225.85388	119.86651	98.78906	44.0828	172.39258	176.37291	94.514984	518.86536	167.14186	507.41632	87.11472	177.28844	129.14096	580.7473
NC_008193.1																					108.25474																													
NC_008200.1											33.90981																																							
NC_008294.1			62.28457		131.74406																	160.93216																												
NC_008296.2	0.40662944																	5.315309									5.440175																				7.349754			4.107525
NC_008310.2						50.773018																				66.726326																								
NC_008562.1	8.6723175	13.234732		8.222877	11.614929					76.83251					33.957672		2.7170424			22.342058		42.56473	64.159615	21.157938		45.378372	11.899932	136.86104	174.26192		18.542948	8.50012	217.62267	70.35099	20.035067	20.304647	99.4665	36.674793	25.52407		31.814968			12.261483	55.97969	20.484499	44.211674		27.805035	47.170563
NC_008574.2																														188.81168																				
NC_008614.1	16.675886					101.54609																																												
NC_008722.1					5.4205575										697.2967																																			
NC_008723.1					10.6882515																																													
NC_008724.1																				3.1434522																														
NC_008725.1		4.791003			2.1023166					7.416949						13.953396			13.897698																															
NC_008912.1	11.476502				149.86357		62.429134					166.12909	779.8806		438.14392				1486.0447				827.8289			551.0608			189.34236			109.67412							329.32828					2109.4102						231.8575
NC_008913.1	11.418337						124.22551						258.64267		435.92328				492.83768								152.76254															487.48816								115.341125
NC_008925.1													213.69676										680.5056																											
NC_008962.1															813.1229		130.12018																																	107.57222
NC_009025.1																									167.76834																									
NC_009041.1	2051.817	2096.8225	1235.3822	833.778	1324.9395	308.92538	613.26044	9618.084	390.51883	1298.4364	1374.1459	326.387	255.3667	364.30606			826.5025	147.36578	486.59543	2265.4258	4647.5054						301.65546	157.69714						84.92152		171.56973														113.88023
NC_009127.1			0.37700477										16.599281		9.325624				5.2715917		16.783098				1.3498666	1.4661231							3.677824						7.009547	1.9549268				2.2448752						
NC_009234.1									209.62206		92.20148					87.41357					92.39557	48.264782	145.50302																			172.23926		37.07594						20.376148
NC_009382.1																		24.313837			170.39796																													
NC_009424.5																			269.2314						68.94057																			114.65055						
NC_009503.1						18.569315					53.099365									29.17997				33.160133								22.20327					155.8907					74.39516		16.014193		13.376953			36.314957	
NC_009514.1														49.546753																																				
NC_009533.1	2854.9314	999.51984	1606.9944	2380.5474	2850.864	153.39539	3517.1055	189.76735		11218.336	5373.31	5226.6216	3613.8293	8682.927		13099.569	1436.3844	2524.4937		11811.298	17307.707	3080.6528	15142.153	4314.326	371.21637				138.53362														354.66177							
NC_009541.1									167.95229																																									
NC_009642.1	22.618162	168.27214	34.9087																																															228.475
NC_009758.1																																							115.88846											
NC_009823.1					24.236513							53.734093			141.71678					279.7226																														
NC_009827.1															142.93837	162.24806																																		
NC_009889.1										1185.3676	522.7018				327.4355																														308.44672	395.0419				
NC_009899.1													2.3688908		3.992594																																			
NC_010105.1							2.2998648																																											
NC_010116.1														39.713943																																				
NC_010393.1											47.92573																																							
NC_010811.2														20.148653								4.9729595											14.081797																	
NC_010944.1	11.298448																																																	
NC_011038.1																				23.41086														28.082478																
NC_011042.1	24.79589																																																	
NC_011043.1														56.573162																																				
NC_011045.1	49.188473	138.09306	11.45918	171.59738	54.53632	16.95441	156.50441	83.898056	3697.09	256.53812	650.46045	134.34541	378.40512	2249.3025	6802.9243	2493.5425	1440.1804	194.10495	801.15814	326.36835	255.06367	296.08426	1071.1201	35.322384	82.059204	133.68977		103.85658	53.59121		58.04392	70.95316	992.1242		41.80978	169.48924	359.78717	136.06055	319.58612			237.73846		17.05842		21.373823		50.310013	116.048706	18.749882
NC_011048.1									518.0725																																									
NC_011056.1									16.471																																									
NC_011142.1	0.7596505			18.727346		6.9387207			105.256424								18.563932			19.081238												14.519063						6.9604726												
NC_011201.1																				21.018646																														
NC_011273.1	0.4379985																																																	
NC_011285.1											33.9985																																							
NC_011317.1	34.837128		107.53457																							209.09416																								
NC_011345.1														7.5093746																																				
NC_011356.1							39.292313						29.748428																																					
NC_011357.1	0.5800391	17.261246																																																
NC_011399.1																														190.39766								73.9826												
NC_011421.1	0.27193093													26.362057	10.381642	23.568205	13.290599										3.6380835	3.8037806													19.453146									
NC_011535.1	2331.5576	1247.1017	776.1482	469.5988	596.9834	626.3721	787.5103	86.09922	527.87335	16322.667		2426.5159	1035.5553				2141.304	3187.1638		765.5571	698.01556	364.62323		144.99643	84.21212	182.9298	101.93857	852.6515	628.54	359.34497	158.84488					231.91478	1136.0824		1093.2372				1448.2203	140.04768				1032.5997		
NC_011588.1										13.013352												4.5058246		5.375375																										
NC_011643.1	17.983397	133.79077	55.510796															235.07228						13004.322	4571.405	8311.169	5172.7817	18363.324	41982.29	69970.086	29148.795	3265.276	6498.3516	5960.3916	10430.604	13957.756	13406.847	11616.774	3096.2957	1727.0804	643.23956	2303.3186	22787.17	12395.221	38319.695	10975.201	68909.85	61171.984	17427.14	6539.6636
NC_011659.1																																											229.54362							
NC_012635.1	0.42813513																																																	
NC_012685.1						686.08356																																												
NC_012696.1			3.0350196																																															
NC_012756.1																						18.385052																												
NC_012783.2													7.2194223				3.8943152		13.756445																1.794758									8.787147						
NC_013025.1			123.42923																																															
NC_013026.1	1009.0572		429.6193				189.2761					503.67886										277.51483				2088.4197			287.02917		181.3453	332.51602							5491.6167						7508.1226					
NC_013027.1																													106.88798																					261.7773
NC_013085.1	7.229785		1.7166743	11.425177	16.945133				12.842965	34.16127	33.893612	5.3669333			70.773056								26.743715																				7.829938							
NC_013110.1												222.61589																																						
NC_013116.1	1797.3925	495.26065	565.0902	820.5619	4237.797	12161.1455	181.0619			3833.5652			2638.8481		8895.172		1830.1538		1436.6473	836.06885		530.9422		7600.8647		199.77856	890.6219		549.1454				501.15213		187.43454															672.45074
NC_013220.1			34.556335																																															
NC_013221.1			38.422466					140.65456								539.40753																																		
NC_013288.1																							13.559649																											
NC_013458.1																																																		1291.6646
NC_013459.1																																																		508.20935
NC_013460.1																																															209.36873			234.01808
NC_013651.1																													15.448595																					
NC_013668.3																								2.7601874																										
NC_014636.1																																	4.818685																	
NC_014660.1					1.4033287																										4.4807606																			
NC_014765.1																							26.1961						5.9916167																					
NC_014929.1			653.3847																																															
NC_015070.1							147.82507																																											
NC_015251.1						2.7995102			10.616743																																									
NC_015271.1	1.8790506								130.17964			54.40069					45.91919					29.973457				22.556318							28.29169																	
NC_015279.1	0.56682026			9.315722															8.155027			6.0277114																												
NC_015281.1									6.9540167																																									
NC_015282.1									14.346176					13.383231																									5.942246											
NC_015283.1							2.2228894																																											
NC_015284.1															14.9746065																																			
NC_015285.1							2.2502205																																											
NC_015286.1				5.071439																					4.547253																									
NC_015287.1																			13.362266				11.165549																											
NC_015288.1									6.530944																				3.1105657																					
NC_015289.1																17.732876																		3.08242																
NC_015297.1																												92.09804																						
NC_015453.1														281.01056																																				
NC_015454.1									1889.7328											62.28671																														
NC_015465.1								24.684008							166.79329		26.691124																16.444914																	
NC_015938.1						3.661896																		7.6290994			10.727158															68.463905	25.399767	29.47487					50.12955	
NC_016031.1	6.8298035					62.384083																																												
NC_016033.1	4080.5442	258.36557	2331.5542	428.0676	56.68609									561.112				113.487976				1523.3898	28807.729	8095.5977	4989.694	20218.637	3716.93	26717.74	124044.16	159687.81	96018.35	10205.165	16732.113	21712.453	12711.427	24972.143	56699.54	30786.197	15695.695	2640.3623	17390.4	17050.576	32086.771	23138.738	33096.98	68181.98	242607.16	48240.453	27140.205	23591.414
NC_016072.1										1.318856																																								
NC_016154.1																												4.6251564																						
NC_016158.1					9.494939	26.566336													62.767803			23.197128		55.347614	16.072594															23.276928										
NC_016160.1								11.110866																																										
NC_016164.1																	29.042406																																	
NC_016405.1						190.93242																																												
NC_016447.1																														3.8730335																	2.968714			
NC_016564.1	9.078211		129.604	32.63769		3.455055	4.1152606		104.82238			32.85307					41.596607					18.10126		14.3963375	8.361214	131.67912		10.582203	84.24836	17.83923			256.28455	96.87655	38.34091		45.119545	65.85183	43.417904			16.149187	15.976699			26.133966	27.347864		47.297955	76.41883
NC_016656.1			4.849485																																															
NC_016762.1									101.65325										538.31525			23.405344																												
NC_016765.1		19.856623													101.89629							106.436134						18.667131									19.897852			42.720936			28.183086							
NC_016766.1	1.038539								89.93688			22.550169	94.09794				12.689624			26.08648																	46.45467													
NC_017084.1	23.68133								328.126	28583.86			429.13425		1446.5488		115.74222	123.82136		237.93512	5206.6396			270.3896	104.6926	56.854572																			340.66547	545.38214		385.1185	1776.6835	2535.6726
NC_017914.1	1742.277	129.61995	5969.6094	2254.9587	739.41235	1591.4109	1042.5277					378.30695	986.63	844.5159			745.09406	3302.287		218.81639				1160.4268	673.9621	1882.3026				410.84125	181.60838		393.48563			1193.173							183.97339	640.4697						
NC_017972.1														4.152271																																				
NC_017974.1														15.607239	9.219422				20.84623																												8.729722			
NC_017991.1							1100.6925																																											
NC_018087.3	0.43251973																																																	
NC_018274.1																						15.605363																												
NC_018278.1																																		25.358284																
NC_018281.1					43.20428					38.10605					63.156475																																			
NC_018284.1					33.524784	15.633411									2515.6843			22.372675																																
NC_018399.1	43.153667						195.62062																																											
NC_018452.1																	14.243441																																	
NC_018464.1					253.89513																																													
NC_018476.1																			1805.2379																												188.99364			
NC_018835.1					3.03895																																													
NC_018838.1									1354.2753					157.92152																																				
NC_018839.1									10164.535																																									
NC_018840.1									5060.1807																																									
NC_018841.1																						38.886242																												
NC_018842.1									3786.728																																									
NC_018845.1									510.1702																																									
NC_018847.1									169.2213										105.4268																															
NC_018849.1									85.52042																																									
NC_018851.1									634.57983																																									
NC_018852.1									169.2786					39.479065																																				
NC_018874.1																																					5.082129										3.0803807			
NC_019416.1									259.379						250.13579	81.1219						29.860588																												
NC_019443.1															15.92109																		3.1394649																	
NC_019444.1		12.187186																																																
NC_019445.1			4.969248		15.766383														104.22618											37.961327											57.581894									
NC_019453.1	258.71567		354.93265		62.56264												1873.2886	751.51855											632.3492							291.65045		263.39352								1544.7278	4156.6553	779.1432		1645.4664
NC_019491.1	0.49525586					2.2618582						3.5845573	5.6091514	8.002016			1.512849		26.72026			1.9750038		4.712297	1.3684211			6.9276586	4.0854325						1.3944409	3.7685435	7.384398		7.105903					4.5514655			4.475832	6.7117705		2.5013888
NC_019492.1			111.45713																																															
NC_019495.1																	1.5172269																															3.3655949		
NC_019501.1	20.912518																																																	
NC_019516.2	1.2540225																																																	
NC_019522.1	0.74395716																																																	
NC_019526.1										2.4011798							2.547401																																	
NC_019541.1																																																21.537907		
NC_019559.2				2.189389									4.023352											3.3800533																										
NC_019705.1																																											19.641426							
NC_019710.1																																																		17.889078
NC_019711.1	6.0984097	22.68513	42.35506	75.17074	223.973	27.851742	111.96135		528.11884	649.69885	394.8948	44.139046				198.20554	167.65831		427.73138	38.295635	69.834015	924.1412			16.850266	18.301485		21.326199						45.9375			45.464443				109.06561		96.592964	98.079				41.323193		
NC_019716.1					5.287815									52.341934																	16.88374			24.402294																
NC_019719.1															66.278694																																			
NC_019720.1																																												30.03472						
NC_019723.1	9.951589		63.79968	94.35854	224.9146	83.90654	66.62649	51.900887	424.27164	528.9976	46.65357				58.450256	530.7706	205.77728		859.0595	38.45667	70.12766	781.49664				36.756866		42.831734				29.261955		23.065323	34.485718		114.139			12.252891	109.52423	32.682102	32.33306	196.98274						15.465372
NC_019767.1			5.542095						310.96582																																									
NC_019768.1				21.430218																																														
NC_019769.1																																			20.838894															
NC_019923.1																																		25.443214																
NC_019929.1						4.0641413	1.613577		5.1375556					9.585429										2.8223739				4.149242												2.3739498										
NC_019930.1																											29.395456																							
NC_020073.2	279.49808		139.90538	372.45108	1134.3868	413.99362	205.45883		2093.351	348.0092		109.34859	171.10959				1384.5042	1382.4038		189.74474				287.5012	333.9544			211.33144			472.4404					114.96105							319.06168				273.07428		944.561	76.305954
NC_020101.1																										175.47466																								
NC_020104.1																																		0.5317218																
NC_020201.1																				25.443432																														
NC_020231.1	0.15437916			1.9029218		1.4101142													6.663306	3.8777645			11.135752						1.2734947	3.6403706																	5.5807543			
NC_020235.1					128.7531					454.23965																																								
NC_020416.1									15.587009																																					5.181471				
NC_020474.2															15.255559				8.623658																															
NC_020481.1															197.21019																																			
NC_020486.1	1.6843637			2.5952446	2.749364														36.35023																															8.507216
NC_020488.1			8.629705														22.773222																																	
NC_020489.1	0.89030844																																				26.549465													
NC_020490.2									55.852028		49.132633				123.11229																																			
NC_020837.1					1.1886123												4.448767																																	
NC_020842.1									31.56669					29.44787	17.395283																																			
NC_020845.1																																											8.413021							
NC_020851.1	1.5597038			4.2722993			3.7708335							16.800426			4.2350187																					1.5879049												
NC_020854.1																																	26.698202																	
NC_020859.1														13.280159								6.5554423							3.3900964																					
NC_020865.1	3.1530902																							30.001225																										
NC_020866.1																			193.36943				129.26405																			38.254097								
NC_020867.1	6.4238987		4.957296	9.897846																		128.08759	115.84304																											
NC_020875.1														12.744673	112.927							6.2911124							1.6266992																					
NC_020878.1																69.51276																																		
NC_020879.1									30.83589																																									
NC_021071.1			1.2558069		5.3125525														17.559727																									7.4777017						
NC_021095.1																																								245.73627										
NC_021246.1																																											2.7074332							
NC_021312.1													1.7751379						3.3824847														1.1799272				2.3369534													
NC_021318.1														45.49025																																				
NC_021342.2																																													29.886143					
NC_021530.1	0.4206093																																																	
NC_021773.2					5.4158196																																													
NC_021798.1				6.1142845																																														
NC_021857.1				21.4266																																														
NC_021858.1											1.1511068		0.42783597				0.23078412					1.5064279				0.22673038																								
NC_021901.1			0.56284976																																															
NC_021924.1																																														12.865828				
NC_022058.1																					62.878403																													
NC_022066.1						24.322973						9.636676																																						
NC_022096.1	0.6982229				6.3823137		1.5192597							9.02513		12.102971	1.7062789		192.87454				20.145828					7.8134155	2.3038929		1.4556018									4.470372					10.044217	3.2160213				
NC_022098.1							0.07926451					0.42185822	2.3104477		0.55629873				1.2578588					0.5545793		0.17491634		0.61147535			0.30377313								0.4181384		1.0423939			0.53565145			0.5267503			0.14719126
NC_022230.1	214.10027	1006.0031	278.26563	4514.1797		720.488	4811.836				343.3753	734.0267	1531.4822			2441.5808	688.429	3608.7686		10048.113		179.74696	5689.7397			541.0698		1260.986	185.9096	797.1528	763.4759			169.76328	126.90938	685.95764							118.98747		101.313065		305.51212	2443.3782	1409.0173	967.5283
NC_022249.1								359.67822																																										
NC_022334.1									2304.003					79.605606															20.321346																					
NC_022335.1									1360.1761																																									
NC_022336.1									3681.1877					39.472366																																				
NC_022337.1			3.7761378												93.4069																			73.71948																
NC_022338.1									7277.0103					39.468372																																				
NC_022339.1									424.1021	56.403896																																								
NC_022340.1									127.13991																																									
NC_022342.1									257.1071																																									
NC_022518.1	34.2514				397.56863		434.7436			3944.864	3131.1616			2582.5852	200213.06	659.6806			2135.405	955.9358	348.63934	121.41277				319.78912	101.83101						229.20085																	
NC_022614.1																776.0179																																		
NC_022749.1			145.53326	22.351946						41.770203				351.5878								57.85105																												
NC_022751.1																																	25.5531																	
NC_022892.1					65.12469														430.51706																															
NC_022895.1	226.1056				105.448326	295.03854																			178.49806				133.22685		168.34566		729.49963																	
NC_022915.1																																																		17.99472
NC_022987.1	1.6407684																																																	
NC_023006.1				10.19957																																														
NC_023009.1																												3.9644978			5.9085383																			
NC_023339.1	2170.2734	562.5837	816.9708	93.21042	888.71246	966.9984	863.83264	854.49036		23341.078		985.1693	685.15643	4398.4976			1293.5593	1878.0869		379.88757		120.62312		1870.7186		363.09674		211.55305	623.7932	713.2623	157.64526	144.52966						207.86366	433.99237			2582.7578						1434.7217		305.5442
NC_023427.1																									149.3283																									
NC_023500.1								37.62828																																										
NC_023556.1			3.0768135																							35.896015							15.007746																	
NC_023569.1																								8.813012																										
NC_023574.1		4.172571																																																
NC_023575.1																						25.247454																												
NC_023576.1	3.67768									42.357197																																								
NC_023579.1																	5.828618																																	
NC_023586.1																		222.79047												1004.76385																				
NC_023587.1					14.918985																																													
NC_023588.1			13.276234	13.253817		58.928524			148.98534							186.38322																								34.421417										
NC_023615.1															56.041492																																			
NC_023636.1	5.545801																																																	
NC_023639.1										169.76521																																								
NC_023675.1																		70.974884																																
NC_023676.1						69.31125																																										205.67213		
NC_023685.1																			859.60736																															
NC_023717.1															27.175648		5.798386					7.569715																									493.19998			
NC_023729.1																																											35.378815							
NC_023842.1	7.200898						430.88098																		159.17212		192.67746									109.58734												390.34976		
NC_023843.1	12.791943	761.3444				1518.9564																				307.11176	342.27942											1406.5094	1468.3047	1638.0092										
NC_023844.1	503.36914	483.21362																								389.83826																								
NC_023850.1																								2200.2148	993.8899	9406.968	343.7433	1617.2953	2437.3955		1071.2693		580.27203	2516.0178	723.4203	782.0304		353.13123	5898.3374	205.62682			542.60974	6139.24		2366.8733				3114.4587
NC_023851.1	635.33527	450.16135	233.46925		197.53319	1796.2314						875.8897					1108.9979							32528.54	2507.813	78808.53	5869.022	11637.86	25081.756		33900.855	1301.04	14804.284	13901.57	2214.7651	2762.541	16690.541	15939.558	25176.836				12139.61	556.0771	544.0211	1393.5052		820.0131		1528.0408
NC_023869.1																																						522.61926												
NC_023871.1	112.85056		149.29085	198.71844		4564.916	3858.6592										984.9217											225.50845	132.98846																					
NC_023872.1	64.80487																																																	
NC_023879.1						787.97986																																												
NC_024354.1										11.1335335				15.618853					20.861742																			4.428681										13.100467		
NC_024379.1	7.3768106																																																	
NC_024450.1							0.96097076	3.9924302																																										
NC_024458.1	507.486	481.9834	37979.27	1064.7517		295.8782	3553.5261					468.90335	244.58151				395.79776	2117.1282		271.21832										254.61456					60.80323								1938.263						675.07074	109.07061
NC_024488.1	11.756281																																																	
NC_024492.1																																																		6567.2783
NC_024493.1																																																		256.25055
NC_024502.1															355.70166		227.68521																																	
NC_024689.1	33.501583																																																	
NC_024690.1	1342.6538	5310.567	4721.5596	2513.913	221.93373	7296.256	184.90335			1174.4695	17608.469	492.04257					1245.9884		13937.718		3113.9182																													686.7176
NC_024691.1	4755.298	1187.1782	49.256912		208.37593		347.21558					1847.9369		3093.9402			779.91486		5510.009		730.92303	1018.16785				2298.6477																								
NC_024709.1																46.697502	52.66735			27.067505																														10.885213
NC_024792.1														7.267668		19.49233		8.819553																												10.359064				
NC_024909.1	2923.2239	480.61578	6929.539	9953.726	2636.2085	13866.812	3074.8882			1488.0826	7382.111	233.78632	5853.299	17744.416			14010.949		3485.4146	1622.6919	7397.6504	1288.1064						451.82498			168.34566							1775.7815												652.5664
NC_025381.1																		1611.9491																	63.129074															
NC_025414.1															15.448198																																			
NC_025436.1	0.538733																																																	
NC_025455.1	1.5592577														59.528553	337.85147					71.42139	49.744656																												
NC_025456.1	44.91733	80.66189	50.200882	57.275574	723.0668		75.829124	113.763756	107.3052		188.79115	302.68106		50.051304	1951.3582	167.80083	141.9394			116.715866	70.94572	345.89322	279.3102	73.68665	17.118507	83.66778	10.36096	108.32848	76.66117		48.4346		23.320412		34.88803	82.50066		42.575733					114.48578		111.4058					31.291569
NC_025461.1	21.21793				41.047386	14.356044	17.09927		136.10818			22.751232		101.57786	510.02985	136.21895	57.612488				35.995636	150.42459	170.05574			18.86683		21.984982	38.89548		16.382784																			
NC_025462.1				4.455374																																														
NC_025464.1	21.229992	72.89745	47.88904	50.32441	74.63813				113.13871	357.3664		23.63972			1745.7081	176.92311				41.020306	374.01297	52.099648				19.603605		45.68707	26.942932		34.045128			49.205875																
NC_025470.1			3.2019622																																			9.504624												
NC_025729.1																21706.213																																		
NC_025730.1	97.032906																																																	
NC_025731.1			208.9604																																															
NC_025732.1	33.162567		153.54834			302.9098																																												
NC_025734.1							857.0367																																											
NC_025735.1																													543.8723																					
NC_025741.1																																													590.0785					
NC_025790.1															186.75688																																			
NC_026144.1						311.3599																																												
NC_026161.1	144.6408		992.1662																					611.6612																										324.68323
NC_026163.1																							9135.567																											
NC_026164.1		1680.6493	49.80817	795.58514																									133.1076																					
NC_026165.1	15.859096						172.53848										387.55573																																	
NC_026167.1	32.87526																						2371.3738			394.63803			271.1922										943.38434							757.11884				
NC_026168.1	135.39046		104.48025				368.24426							1640.6599		2933.5667				425.09985																														
NC_026169.1	4119.2803	3338.8801	1533.7543	987.84875	1779.0725	146.40427	174.37979				976.84143	464.0386					783.383			2013.0331	8075.9033	1278.37	6936.981	915.04425		2886.0857			264.43954						361.03467					513.10706			1692.4889		2017.5227	2214.8				1619.0847
NC_026254.1	80.67974		99.6163				175.55064					467.15433																																	2321.2222					
NC_026258.1																										423.8203			2475.5913		368.01926																			356.64255
NC_026264.1																																																	3877.7053	
NC_026273.1			89.15975													1251.7017																																		
NC_026274.1																				1121.4543																														
NC_026275.1			40.59518							302.93695																		183.96094	542.43384														833.21564							
NC_026277.1																																		400.644									561.62415	488.7982						
NC_026278.1																																																686.60956		
NC_026280.1													3303.136																																					
NC_026426.1			295.54147																																															
NC_026428.1																		1120.576																																
NC_026431.1																			1584.4086																															
NC_026440.1										0.3701782					0.6135286			0.42013302				0.25634548																									0.58093977			
NC_026601.1														62.563477																																				
NC_026607.2									15.616932																																					20.76567				
NC_026612.1			21.916779																																															
NC_026613.1	193.73047																																																	
NC_026645.1	41.41034			255.21796																																														
NC_026808.1			254.1604														804.85504																																	
NC_026809.1	135.8369											245.78947																																						
NC_026817.1	451.6042		1045.5027																																363.2961															
NC_026818.1	49.17834					2545.4622	89.17233			198241.83						710.3793	400.59756							623.9		11806.833		229.30273											5644.862				2769.555	602.6065						
NC_026924.1																													6.8013215																					
NC_026926.1	0.3752858														14.327472																																			
NC_026927.1							1.7190105																																											
NC_026928.1	0.38061517									8.767375																																								3.8447447
NC_027125.1			18.882761																																															
NC_027130.1	0.20874478			5.146093																																														
NC_027132.1	0.377922																																																	
NC_027198.1																																				392.41367						366.9528								
NC_027294.1														79.14053																																				
NC_027295.1									712.1931																																									
NC_027333.1						44.765728			3183.145					79.18621																																56.43451				
NC_027336.1									84.647896																																									
NC_027339.1									195.1628						394.33987																																			
NC_027344.1									39.49055																																									
NC_027346.1									85.15588																																									
NC_027347.1									3258.0625		37.221973																																							
NC_027348.2																84.57406																																		
NC_027354.1									1022.01056																																									
NC_027357.1									423.34018																																									
NC_027361.1									508.73257																																									
NC_027362.1									977.06085		298.96106																																							
NC_027364.1																										2.486092																								
NC_027366.1																								8.350209				3.0689626																						
NC_027367.1									4606.736																				20.505627																					
NC_027370.1									84.863625																			34.269176																						
NC_027371.1									83.9705										418.51688																															
NC_027373.1									74310.766																																						44.28886			
NC_027374.1					2.9194012																																													
NC_027376.1									84.82325																																									
NC_027380.1									1657.7142																																									
NC_027385.1									256.0439																																									
NC_027386.1									15796.9375																																									
NC_027387.1	1.8576498		5.7341623		36.386612		40.42053		193.04568		56.60694	26.890566	42.078587	450.21973	851.0446	402.50546	181.58482		280.6292	46.661266	85.08916	296.3207				22.299421		25.984879					279.69485	27.986229				34.0423					39.231205	34.14407	33.4038					
NC_027389.1									84.67373																			17.096254																						
NC_027391.1									169.81963																																									
NC_027392.1									341.35703					159.22208																																				
NC_027396.1							11.618087																																							24.593567				
NC_027400.1									341.35703					238.83334																																				
NC_027401.1									4616.8276									15.838192																																
NC_027402.1																						4.783525																												
NC_027403.1									170.73094					238.9067																																				
NC_027405.1									384.0265					39.805515																																				
NC_027620.1									84.01287																																									
NC_027621.1									84.76285					237.22005														34.228477																						
NC_027622.1									170.29431																																									
NC_027623.2									468.40567																																									
NC_027624.1									295.35663																																									
NC_027625.1									339.0745																																					112.7158				
NC_027626.1																							177.20444																											
NC_027627.1									296.9017								14.961174																																	
NC_027628.1	2.4425054								9349.161																																									
NC_027629.1									345.94388	57.511425																																								
NC_027630.1									169.2786					78.95809								38.97583											91.97244					11.194177												
NC_027633.1	15.642316	232.74788		96.40578	102.13095	71.43917			541.84595	1441.2672	953.3156			505.47568		677.85803			1350.305									218.80533	387.10638									358.3156											977.966	158.00922
NC_027636.1	16.017647		123.607445				87.13175			737.92487		231.86458			611.51306	694.1229						383.25504				384.55496			132.1316		166.96184					487.5309		146.76537									289.5158	3039.0225		323.601
NC_027639.1								373.18887																																										
NC_027642.1	46.774696		48.127766																									218.09555																						
NC_027645.1	15.568008																																		175.33298															
NC_027648.1																																															731.59186			
NC_027713.1	35.623768																																																	
NC_027867.1															10.561494																													1.0169494						
NC_027925.1							0.39502755																																											
NC_027980.1	3.2917252																																																	
NC_027984.1	23.124723	37.197983	36.655106	46.22301	301.9695		47.59714	112.99767		345.5174	304.7198	126.6597				677.10016	53.4563	8.169669	8416.48		286.2763	159.51192	90.164635	11.893443		15.004955													71.738815				26.398108							
NC_027986.1																										22.182825																								
NC_027997.1			1.2535226																																															
NC_028045.1										66258.84																																								
NC_028092.1																							13.451612																											
NC_028094.1													3.448511																																	1.7530704				
NC_028099.1				7.2531343																																														5.9439464
NC_028108.1								4.7515435																																										
NC_028379.1							0.9523746									7.5869594																																		
NC_028459.1	6140.1685	4485.4644	6366.7603			5796.883	86.30721					3215.3867	11500.493											16002.128	1402.8444	761.8318		1775.481			330.76355		2388.854					9740.224				8128.523	7371.5615	1458.1111	2852.9978	730.7927	2294.2097	5590.4897	1983.9105	28848.502
NC_028461.1																												7.940047										2.6005244												
NC_028478.1	5638.62	5872.939	1810.14	5907.7754	8136.2017	10197.728	3864.7485				2061.8638	2122.1797	4853.4854	1822.1002	6458.0493		1102.3481	16510.137		4532.267	20662.037	5036.849	10168.195	2360.6313	2056.5398	2775.151	1584.1864	6625.351	8465.496	2925.1787	1410.5964	484.9647	2292.2239	679.58435	2349.6616	3775.715		929.9727	3236.1042	361.01282	8874.154	12518.072	7025.747	8291.141	6489.109	3116.586	3363.2627	18034.004	25029.617	12758.58
NC_028491.1										8.439201																																								
NC_028656.1	5.4655004																																																	22.083658
NC_028657.1		17.609198							20.497435										204.32239																					66.29987										
NC_028663.1	0.38220146																4.6700153			4.8001504				7.273194																										
NC_028667.1		81.28213					4.952641							176.52655																																				
NC_028672.1																	5.88327																												8.658145					
NC_028688.1														58.077915																																				
NC_028694.1													55.533405																																					
NC_028695.2	1.7805295																																																	
NC_028696.2																				43.807747																														
NC_028809.1																				92.650925								17.198591					18.51213																	
NC_028816.1						22.54763																																												
NC_028821.1																							63.93435																											
NC_028822.1																																																47.86037		
NC_028827.1																					65.82898																													
NC_028830.1																			637.75287																															
NC_028834.1	0.74762934																																																	
NC_028880.1																																																		18.854744
NC_028903.1					6.092219																																													
NC_028908.2			3.0558581																																															
NC_028931.1																																										139.63493								79.29132
NC_028955.1			1.1275933																																															
NC_028967.1							13.247082		421.78143			35.25158																																						
NC_028980.1																	14.166927																																	
NC_028987.2										40.26621																																								
NC_028993.1	17305.809	18367.096	23559.252	15911.704	24073.375	17391.693	33003.516	2735.0186	32418.836	16168.412	8113.05	4905.1196	7675.5767	10689.263	4004.1921	11537.618	14195.566		16366.78	8511.505	8130.1323	16472.996	14549.074	8751.287	1426.707	3680.2556	323.8171	1128.5514	1264.5216		1766.0477	616.80664			181.72931	368.34897	240.5911	369.62332	3009.7285			688.89923	1874.2383	1482.914	2756.4512	3530.312	1749.9261	437.35263	1008.8286	651.9823
NC_028994.1	29923.057	40795.54	119604.39	25268.713	91985.125	30514.422	45890.477	16873.014	48509.61	103575.14	24935.744	29308.383	17962.623	29714.648	252503.88	44966.355	77000.09	330.82288	29129.674	65901.88	33618.184	91371.9	92495.22	97125.36	11934.518	53672.332	9254.919	16874.758	21990.748		14245.521	1934.8647	9272.31	7625.6416	6840.8145	5007.0645	16855.225	20097.54	25660.8	945.2192	9655.972	720.33716	11045.976	11164.224	27002.059	21759.943	28514.139	21264.98	11603.532	34172.008
NC_028999.1		3.4692957				2.1297185													70.44593				16.818508							5.4981112															8.385305	5.369718				
NC_029002.1	4.6864157				2.7816637					9.813677									18.38863	32.104214		40.775368	92.193565	28.375864	9.417339	158.54037		259.23557	94.88997		39.967716	16.285566	186.02312	137.99615	14.3946085	16.209208	50.8187	64.41054	12.225532		45.71627	18.18903		15.661363	15.321812		207.91501	23.09486		77.46436
NC_029009.1																21.168573							35.235847							11.518883																		13.240084		4.934406
NC_029025.1							9.372647																																											
NC_029031.1					5.205021															40.048756																														
NC_029035.2																493.71808																																		
NC_029052.1	55.27577	176.24327	97.49959				42.955105					628.6884						51.610317										110.45706		186.20593															141.99358			642.0892		
NC_029061.1					32.40542																																													
NC_029098.1																												3.7761776																						
NC_029119.1	3.386723			6.9576187			15.35241		224.85411						1260.6409				48.72583					10.741408														5.1719375								19.499098				
NC_029302.1																258.71567			773.0485									83.510574	49.248505																					
NC_029563.1												350.2089																																						
NC_029579.1										1063.1886																																								
NC_029582.1	108.613785		223.51146	297.51224		220.46404			5016.4756		735.49255																																							
NC_029583.1																													202.35606																					
NC_029587.1	37.316483		3110.0706																												388.97278											3982.9216								
NC_029592.1																													374.74756					2395.407			5418.832											1231.3114		47495.49
NC_029598.1	11.23681																																																	
NC_029613.1	20.297134																																																	
NC_029616.1							126.87803																			279.98734					243.12366									373.33463										
NC_029635.1							410.2301																																											
NC_029636.1	195.43938			1606.0277			236.2531					628.6884								1636.3782	5968.0327			826.4796		521.3501					452.7081																			219.3567
NC_029637.1											1237.6995													6183.465		9020.089		568.1542	335.05624					3059.565					4662.179								1468.2949			410.28976
NC_029638.1							287.10117																																											
NC_029639.1																																	333.588										935.80994							3133.281
NC_029640.1														1037.283																																				
NC_029853.1																											117.871605	369.7201	36.33903					132.73203																
NC_029900.1	323.7819																									471.11652					102.27208																			
NC_030135.1	36.011703																																																	
NC_030138.1	32.860275	3911.5212	202.86502																																															
NC_030139.1	135.0101				220.37512									545.3504																																				
NC_030140.1				398.50607																						388.09018			1466.8092							246.00641		592.458												816.43964
NC_030141.1	433.1499	238.70355																								962.88495																								
NC_030144.1	105.84479		933.4853																																															
NC_030145.1	218.66035	464.78955	433.9007				339.844										190.83922									374.9744																								
NC_030146.1	233.21068		514.1933				453.07306														3052.0432					399.92654																								
NC_030147.1	4113.2603		199.94858																			1033.2621																148.38072	929.3987								585.4049			
NC_030200.1																	3.2045343		11.319834							3.1482463												2.403056												
NC_030229.1	11.353609						61.760685																																											
NC_030230.1	0.38687456	2.8782241		3.576543																											1.0081582		2.912463	5.8284183																
NC_030447.1	1815.1237	473.82266	884.66705		207.9158	727.171	1385.7954				1455.5541	460.96408					389.0963			799.87823		507.96005				764.524	213.01758		919.40607										913.7993				672.51013		572.61597	2200.1257	287.7895			3216.7148
NC_030448.1					416.1992	291.12552																						222.91628													2280.0605									
NC_030449.1						223.15366																															728.54016													
NC_030452.1	361.30505		557.63495	927.82275	540.6072		204.72966			1040.3219		1198.564					3678.9065	983.92615		1323.4984	689.5618			286.48083	166.38452	180.7143			310.46384		470.7635												317.92935							
NC_030455.1			73.66529																													228.06117																		
NC_030456.1							219.83188													1522.6388			2915.035	107280.195		7034.1343		4804.946	1666.8286		16639.049	15254.723				1230.0321	14461.357	34251.477	8117.651			6901.345	853.45447	742.7868		22336.701	11321.875	1643.014	7579.7856	11634.265
NC_030457.1							221.90495				28176.225										1245.6848															206.93858														274.7131
NC_030465.1			814.05664									477.19363																																						
NC_030469.1	29.632309														1131.2869				35172.164														3792.319																	
NC_030470.1							3153.206	1910.4509				2796.978								606.6749	2212.6033			1378.8501	533.8798			168.92348					363.65																	
NC_030474.1																																		761.13934																
NC_030475.1																																																		614.82837
NC_030476.1																																															251.37164			
NC_030477.1																												1491.0894								270.37668														2871.4211
NC_030478.1							77.75183					413.80753	647.52985									911.9915							235.8146																	1645.8776				
NC_030887.1																																														8600.97				
NC_030909.1																						68.74963																												
NC_030917.1							4.190988																																											
NC_030918.1														63.603634																																				
NC_030923.1																																											100.572296							
NC_030931.1			5.3149643						29.82217																																									
NC_030940.1		328.6866																	95.34506																															
NC_030948.1											13.106603			41.697052																																				
NC_031003.1									256.10522																																									
NC_031005.2									2596.2822								30.026386		212.13287																															
NC_031020.1									30.604795																																									
NC_031032.1						13.538781	8.062916					21.456045								74.46238									24.454153																					
NC_031033.1															6.3383617																																			
NC_031048.1			42.472034																																															
NC_031065.1							2.4529934		15.620446										19.463446											21.266975																				
NC_031077.1																						27.53884																												
NC_031084.1									426.91507																								37.112236																	
NC_031091.1		99.15055		20.534433	184.9081								56.602947									106.29402																												
NC_031098.1																76.6706																																		
NC_031108.1																													15.003153																					
NC_031114.1	17.456524		17.016144	113.24947			99.956696		1113.9019	42.326992	279.96893	106.397064	208.11398	1276.6498	1192.587	1154.622	516.4018	48.03894	237.93375	161.5454	252.50233	146.55557	795.273	87.41915	40.617565	88.2315		51.406803			19.153688	17.560162	387.33105			55.92905	109.59204	16.836771							33.041977	42.318356				18.561596
NC_031119.1									2297.643																																									
NC_031123.1	4.56948																																																	
NC_031129.1		31.11027		17.181475		28.646814						10.0886755		67.56453		30.202032		4.5551004	30.081474					13.262668												10.606492												37.780308		
NC_031235.1	1.8539525	5.5171304												11.98197								5.9146214							3.058701																					3.7455013
NC_031241.1															699.3422																																			
NC_031242.1					2.70053				14.327404		18.905573				7.895331				35.704582																															
NC_031264.1																														36.266434																				
NC_031338.1	7.1693916																																																	
NC_031450.1	948.9911		172.31352	2322.3037	364.47653	4079.14	1138.7345			321.46722							682.08606			350.54672	1278.4791	445.22687		265.5743	154.24225				57.561413					630.74677	78.58751			255.74545	1201.4181											211.45886
NC_031687.1		118.272804										230.12624																																						
NC_031900.1															28.673601																																			
NC_031906.1				8.967844												15.763903																																		
NC_031922.1	0.8247486																																																	
NC_031927.1	0.5003822																																																	
NC_031935.1	4.2548757		0.59699446	28.607365	7.576555					26.729998		16.797768				16.762257																														8.908185				
NC_031937.1	1.8495958									42.604977																																								
NC_031944.1	0.1947451														252.78592				84.05575													3.7221246						3.5687916							7.0037136					
NC_032111.1	5.97091	29.614454	12.96989	16.355356	62.087086	32.31931	61.3514	87.46201	314.07645	606.188	181.94765			114.33946	33196.887	229.999	56.744232		4161.6367	61.102947	182.33066	45.85836	287.1313	8.416656	9.776573						9.220511		46.61492		4.9812374			8.105157									39.971527	5.9939594	27.652214	15.637095
NC_032113.1	1204.426	666.21185	898.35345	3532.1558	1783.2579	327.17734	267.91568	1062.4825										117.0543		224.93155			1291.8696		346.39865	268.73712	419.3147	250.52135	147.73926	211.1614	840.07666	128.36407	1078.619	269.81644	201.7058	204.41965		41.02539	1027.8679			955.78174	1229.2458	493.77646	1046.6545	1546.7281	2265.9995	242.71405	279.93103	
NC_032122.1						234.74072																																				1462.9283		1417.0847				232.18764		1124.9329
NC_032147.1	417.64172																																																	
NC_032174.1	17966.248	15606.846	12141.376	13516.618	6614.8994	9544.382	18435.45	5611.915			5569.17	7361.607	7919.6636			7403.4307	3592.3965	19163.846		5588.656	13284.947	3485.6807	6878.1084	27142.742	15676.358	20698.854	25248.436	15060.97	11733.237	25389.43	32882.57	4404.326	3110.6443	16101.247	10381.148	10097.57	4028.29	18566.143	10717.021	2480.1675	3979.1096	17301.666	13005.469	13728.911	35078.45	10156.513	9910.141	33921.465	19623.51	8829.393
NC_032186.1			625.7186																																								182.1683	237.81987						
NC_032201.1	91.3612		70.50305				62.122555	129.04652										149.27988											282.61908								170.27744				2450.8928			419.81046					1427.9886	346.07837
NC_032206.1							87.58906																																											406.62427
NC_032214.1				414.49078																																														
NC_032217.1	27.617477																			9711.91						165.76144					143.93697	65.98095																374.27524		
NC_032222.1	117.111916																																																	
NC_032230.1																										475.64767																								
NC_032403.1																																			619.6036															
NC_032405.1	2264.1233	2652.6563	3274.3066	1538.2491	290.99976	162.84021	339.42392													223.90253						4708.1357	119.25603	5860.3164	7279.6377	1471.3682	2694.531	596.2921	1342.1058	1208.6195	1807.0483	2034.8457	265.81628	2286.9114	2046.3313	570.7108	3826.0337	4566.7646	2635.4946	491.51755	320.57422	2052.8696	23361.912		1114.6006	630.29785
NC_032422.1	61.857944	115.05088										223.85727																			765.6805								221.88336											
NC_032425.1		188.09996																2313.4595									338.25833				724.7458							231.66432												
NC_032436.1	369.8266	309.14523	833.7343	409.76068	1817.7723	341.5985	316.45648					120.30226	282.37524	268.55774	158.64096			108.6345									222.37314		137.11226	587.9173					140.39764				1073.1743	133.02335	594.5239	7096.257	1755.1156	3589.694	26675.256	13206.333	27714.588	32774.676	24420.748	4995.01
NC_032443.1	2729.7627	2208.7874	3716.6836	1728.1357	1130.7653	1883.2246	897.2319	1677.4283			43978.543	358.14087					201.53601	754.6135		1035.7612	377.7525		1189.7556	26365.66	9661.6875	84544.33	94004.914	208339.39	186336.13	57563.258	183360.7	745087.1	577763.9	540091.1	548741.7	624903.1	516699.44	399361.9	275466.84	65077.895	197049.14	143654.1	167199.77	145822.1	121602.586	88886.89	21017.928	16094.092	6702.906	106215.59
NC_032448.1																		845.9645												2136.5215	269.83676																			
NC_032474.1			4395.183																																															
NC_032531.1	8.08244																																																	
NC_032551.1	4744.967	2949.436	4270.3545	7889.999	5743.1353	8939.781	6851.584	186.6584				657.5695	1122.5135			4116.0327		215.92479			3026.5193	395.24142	595.7638	49666.414	14696.678	17201.742	13480.843	15885.565	14307.729	10419.662	9211.82	5169.8647	4165.8955	5226.0405	6325.3223	6410.4263	2462.9646	5335.279	5214.173	132.20042	2658.8083	4407.721	3837.3672	4630.1416	9430.812	855.9544		6491.9966		2002.3301
NC_032576.1	9.912744	147.49542						112.01305				143.49275											715.03107	377.27383	164.33713		66.30986		40.8858		103.32666											846.41876			89.1243			537.35504		300.39777
NC_032582.1	736.6884	1217.9402	743.9619	1177.1187		456.9058	593.6874	4676.1104		209.49915	1108.574	526.61676	412.02737				277.82065	1129.4111			5207.377	2683.9148	20993.258	3807.6228	2462.72	5022.112	2494.4045	6297.3916	8027.6924	5576.078	12466.458	999.5189	2670.261	1370.1848	2202.2563	3598.7021	1762.8976	1333.3485	913.4535	72.787766	2277.1833	388.2934	3361.2778	919.4175	8749.53	2094.564	8219.447	10476.711	5970.504	1745.5558
NC_032585.1	4652.286	2743.4028	6326.6016	2854.0562	3387.4937	1449.1177	2239.163	7461.5996	4010.2856	493.8445	1829.2388	2482.747	1942.5126	1247.0345	1309.5852	15608.2295	419.13358	2298.0002		11847.376	12176.952	3146.2463	4330.076	17053.576	4407.2715	6330.9893	4130.316	4558.3423	5977.665	12537.619	7553.389	5736.6597	2969.7153	6588.966	6277.846	5807.648	9717.738	8525.527	13657.752	823.5834	5214.5483	4393.4814	6519.836	8590.419	19044.328	10862.362	3642.5745	18013.805	12599.618	4114.7314
NC_032601.1	10.714133					48.931934									409.0386			280.10245											88.38233					80.70629	301.66696	1385.9567	319.50107	343.5974	307.45142	171.49316	383.22873	914.8461	791.9407	393.85693	192.6589	740.2414		2468.387	669.85376	
NC_032603.1	532.02594	703.66327	72.98879	2113.1018	154.38559	431.96204					180.1341			191.02477						148.48505		377.17975	2558.4229	31385.348	11433.479	17740.262	8778.642	17364.662	38962.363	36660.88	46090.39	5705.6636	6408.3027	8015.1772	7256.8364	21141.303	4935.865	12728.665	14418.783	1987.0065	4228.8423	13376.03	37951.72	32378.584	36885.176	25594.285	66565.95	24033.598	21435.871	8359.871
NC_032604.1	158.78249		163.37563		53.16483																				179.99002	537.60187	163.40804	797.3021	302.2657	384.021	1442.8983	466.8893	367.79837	736.0374		557.6408	242.8194	596.87445		260.668	1747.5145		343.92657		292.83997	187.52663	294.3553	220.70154	1018.17175	740.27313
NC_032606.1	92.21326		83.02063	47.360287		70.19043					468.3257	166.85503	696.2568	620.7998		499.5069	1220.6228	200.89624		193.0212			554.29803	511.81467															220.51178								138.8949			77.62358
NC_032736.1	6989.7754	2530.34	5303.125	5697.282	4156.6074	1433.8292	1257.1394	689.8144			3720.4338	1325.5156	4642.2095	704.5292			426.23145	5870.791	1129.2286	657.1636	4793.4834	2086.6477	6919.6367	7136.097	2602.3977	3821.0476	3325.2065	3171.6833	1942.3682	4935.46	3681.5723	500.04095	590.8708	1182.4495	1325.9404	1061.7523	520.1213	1278.5107	3003.0354	1675.0608		1303.1337	2578.43	4648.4604	784.0826	1807.5782	2364.4211	12291.368	2726.1672	1805.9053
NC_032737.1																				170.68095																														
NC_032740.1	15.2084055		234.72505									220.15034													672.34753																									
NC_032749.1	324.9794	309.9671			3835.6277		181.31297	94.159874																1268.5674	1427.4902	4601.281	3065.7583	1340.4347	859.22955	392.98666	4820.6177		125.46182		187.69446	190.21997	248.48859	152.7024	1076.027	133.377		177.87798	527.93445	1531.5903			1506.1393			547.12396
NC_032754.1		334.2893										31871.305	1272.2578	1452.002			4666.73	587.3507		15801.148		1433.4949	4861.7217		248.3064							2254.3525																		
NC_032755.1	15.477764											336.07425						1871.4556						220.90327	85.531906	92.89831		54.1259					116.51947			117.77463									556.63477					273.6074
NC_032757.1	483.7886	649.486	67.36919	134.5108	712.49445	132.90137	39.57421					1000.4453		1292.9926			88.89146	523.02966			333.23032	174.06975		138.4417	402.0261		48.665134		120.02516	85.77501	37.91599	104.28445				55.357643		99.98845					76.81955		784.9056		1183.4513	591.55133	909.6762	
NC_032761.1	553.4616	180.33192		99.593025	290.14542	73.801	87.90319					350.8762		261.09366			197.44786	580.8836				837.7377		3613.242	267.8973	484.94968	324.289	56.509747	766.4834	476.31427	673.7603	231.63957		182.58644	227.49269	122.96185								1336.5669	290.57547	3349.379	146.03961	1532.964		897.7818
NC_032773.1	1721.7284	403.89105	287.27563	2581.1152	151.91092	3754.505	928.1369					1627.8533	263.51187	1253.0859			2274.3044	253.44347		97.40339		123.711464	1118.8514		728.5857				127.952805	182.88095					305.7103															
NC_032774.1	56.96024		25.117718				154.92438							262.9503			99.426			204.39334					89.93405																									
NC_032779.1						300.21704															7151.119			860.01324	90.81549	98.636925	54.96599				342.60107				92.542305	625.25037			235.7921									668.14166		
NC_032780.1	7.9225745		12.227631				43.09675																																											
NC_032782.1	2787.6323	1055.4255	481.69437											455220.28			22707.535	92.71978					1023.3023	269.96393				99.22008	117.02573					320.58612		215.897		64.99316							127.548325		128.20845			1289.724
NC_032785.1	300.98276	298.56247																																																
NC_032788.1	75.403076	149.59341		123.925316									683.1977		767.65314			197.1282				160.37111		956.6001	3277.9338	3922.3037	3766.1707	4851.8096	6137.1646	4860.0254	5030.229	864.6989		1666.1	4642.398	1300.5302	449.71167	3592.6704	4039.0146	1448.3053	719.2155	6223.82	5838.8613	4989.3394	3886.8577	5904.227	23986.99	20982.44	18228.406	3402.1548
NC_032789.1	1130.5055	2803.5354					465.88278						387.9949					2239.0222									458.32437		847.78973	2221.51	714.17957				192.91208	260.67694									1848.0436					
NC_032792.1												5411.377						279.23087		536.57		340.747																												
NC_032794.1	42.464016	63.18377	26.215443	1151.532	55.45074	232.72212	230.993					307.34558					518.8562							565.655	610.1194	458.76843	1363.473		420.3495		840.9949				95.64925			466.90356												
NC_032795.1		62.36106	685.66266	103.32153		76.56392																	2418.52	3349.735	1760.2021	1459.0042	280.35794	3634.7717	1382.9194	790.63403	1223.222	80.10381	189.3086	441.9846	47.201885	63.782646		76.80394	240.5349	134.16785	299.81964	894.6634	1062.1296	154.06717	753.6347	772.1713	151.50696	227.1935	262.03058	42.336037
NC_032807.1																																												310.4807						
NC_032809.1												119.421165																																						
NC_032811.1																				3269.5544											169.5995																			
NC_032823.1																											295.5821		546.7557		598.7644																			
NC_032833.1	17.954283																														46.787148			67.622086															1683.7672	
NC_032835.1	1286.3584	4711.4326	91.6317	975.7544	12145.9795								1344.8284																																		178.85147			
NC_032838.1	108.85851	57.848072	72.00484		25.384027		42.297215											406.5593												366.70862																				
NC_032842.1																																																		41.458744
NC_032845.1																								74.70905		518.39746				370.3029																				
NC_032850.1	136.54437			204.01027								119.79143						108.17311							685.96387								62.29888																	
NC_032853.1																																						132.38298												
NC_032855.1	759.5546	494.06308	358.73343	665.0946		1781.8495	4041.4631		575.0992		252.95522	180.2458	470.0836				456.43216	2278.6975					2395.1284	157.96854	366.9848		111.0585	2554.5671		195.74678	865.27966			62.52995							593.8394	177.20207	175.30956		149.26906		225.06242	224.99611		
NC_032860.1	4.3609605		94.22932		1252.8278							378.76453												995.85486		104.69889	350.06415	244.00514		102.83454	272.7419	500.10153		131.39926	196.45932	66.36756						744.73773				2711.6958		709.2032		
NC_032863.1	580.6499	705.2824	743.7604	194.75543	773.7042	72.15937	64.46087					228.71416	89.473465					516.32935		793.74286		756.0957	284.92343					331.51675	97.752266																					
NC_032867.1	18.059982		55.747192	111.30619																																														
NC_032868.1	10407.566	8774.01	6164.7705	7268.514	5227.115	4010.129	4027.162				18362.287	3925.267	3704.8762	278.1778			3996.9832	6582.7637		5946.3193		2334.371	620.94604	2047.6959	1664.9882	1963.3889	1266.8627	602.0737	2165.862	811.9695	3185.4424	82.265434	129.61142	1296.8906	145.42685	393.023		1932.4739	1111.6161			2756.417	90.899284	1107.5728			2178.3354	1633.2701		695.6554
NC_032871.1				176.3931																																														
NC_032873.1	582.36017	756.0203	193.03297	289.06058			42.521927				714.59924	226.30882			298.43008		191.0255	459.80914				311.72653	1127.7074	2454.4375	2289.4517	3096.5586	3451.148	2514.8962	3385.3442	2580.5974	4033.2888	747.0161	1235.791	1472.0615	1496.632	1546.5092	815.86523	895.3035	1345.8799	563.03796	838.7986	333.7309	3466.7478	5962.589	1124.4952	1980.2642	2896.4312	23411.81	21014.871	2289.8906
NC_032874.1	17408.08	8308.008	8299.823	12495.833	6463.8223	10344.858	5471.4795	4251.001		1003.3892	4464.7847	6076.237	9866.954	255.93088		343.21082	3628.9443	16926.633		4575.5527	3446.3315	3411.0254	5141.5806	8741.453	3413.7983	9412.132	2860.8896	2326.479	3625.9707	4762.3364	5737.5513	908.23676	357.73773	1252.832	1516.3612	2892.7307	3306.4814	1088.527	3636.325	253.53775	566.5709	338.13046	2927.04	4148.77	2349.8455	2371.1636	5368.1953	11055.223	20796.738	5240.1743
NC_032875.1	2255.9072			115.38151																																														
NC_032877.1	103.18014		4565.09	42.394257		62.830505											336.1946	44.95774		86.3908			496.17636	392.698	266.08667	412.86188	92.0278		539.0594	162.20412	143.40137	131.47083	621.40753	310.88992	426.08694	942.1526	205.12581	252.10966	789.5588		492.08057	734.1859	798.97864	568.94305	5195.009		621.6541	745.76514	860.11743	903.2949
NC_032879.1	428.6289			52.83402																							114.690025														613.2575									86.59503
NC_032880.1	378.77084	5875.6978	771.1635	8443.642	9208.167	1325.002	3419.4106	728.5232			982.30084	1166.5801	2190.5703					5583.214		2024.2837		8741.499	36622.684	35886.168	12024.383	15962.194	19730.77	13640.206	20608.602	72593.7	45949.902	15402.927	18200.797	16876.174	16700.412	22812.105	4085.4756	15137.613	21044.553	3224.8423	20177.994	10321.931	7658.766	9183.786	11882.963	17446.23	4515.588	26867.12	12596.26	2279.3865
NC_032884.1	2974.8118		25.72156				4532.8247											653.5399																																
NC_032886.1	410.29913																						3623.9883	159.3445		100.515724				987.2596	87.28162		126.07376		471.52554			153.44734			3893.5784			461.7184						
NC_032888.1	14522.34	5265.7915	6387.3745	6415.08	570.86816	1254.9868	3623.7463	1740.7498	576.8927			1567.0006	2546.368				5087.282	6530.869		1150.391		7438.345	1201.299	10141.511	4647.632	4947.947	7854.0425	4426.1943	6525.621	6479.786	4426.6885	1949.6235	1567.1852	3888.949	2860.359	3801.763	2110.688	5798.6714	1792.1361		1489.229	2488.5652	4044.6924	3979.3738	3743.3645	2972.465	22200.154	2934.0703	3904.5793	546.74475
NC_032890.1	1368.41	768.3428	717.28046	424.33737		707.5008	117.040794	97.25089				373.74573						956.2417		216.17802			1241.5955	163.77654	618.2766	361.59048	978.70593	1444.6318	1419.8984		852.2389	246.73735	129.5804	324.14523	387.71246	392.92896	128.32295	906.8632	1358.3179	275.51096		1286.021	1726.6737	3717.3926	232.13605	495.512	388.89563	2216.0518	2959.4072	782.4255
NC_032891.1	16.460133																																																	
NC_032892.1	1056.0774	239.90488	248.84572	1738.9802	868.48987	147.27193	5021.204	455.47968				466.7887	182.60872				394.01285	632.2738				64.29731		153.4112	89.09931	48.386497	107.85449	1973.419	532.0135	1900.9956	2857.078		242.75873	242.90417	136.19025	306.7172	240.40279						170.25194	74.08766	3044.2192	1021.1322		2949.8186	1008.0391	692.189
NC_032894.1	115.16834																																												9283.481					
NC_032895.1																								4464.4375		216.63103			1786.406	851.09406	376.2179	431.14694	271.7136		914.6058	137.32019								829.2437		831.2196		489.13416		182.29396
NC_032898.1																		113.80315							48.111057	104.50915		243.56319	287.2718	513.2414	181.4986			131.16113	196.10347	198.74214		79.77182	2248.4692		622.8103		367.72437				393.40402		4626.65	
NC_032900.1	408.34656																																																	
NC_032901.1							4172.128																																											
NC_032904.1				2206.6262																408.78647																														
NC_032905.1	432.80716																							69.79839		704.46967										111.63904			1263.0289	1115.4646		4697.8022	1239.3672	2426.981	20050.178	5744.0254	16375.078	11035.01	5503.5967	185.25246
NC_032906.1	16.219444						22.05739											106.007225							134.44579	97.34991		453.7563			380.39697	77.49976		122.17612																
NC_032917.1		151.21712					608.11676																								105.93385											3688.0469	214.62688	186.79607	913.7314	468.10312	275.53802	2479.1116	3494.636	821.27356
NC_032921.1	78.257164	367.7107					44.810368						186.59398			713.95074		107.67875						1175.6932	1047.0039	98.88492	220.41673	1901.2576	305.78845	679.8689	171.73114		124.02829		185.55003	125.36434			354.57758			1055.0734	434.91858	3406.702	4665.9824	948.5613	372.23254	7814.5786	10557.89	2579.5466
NC_032935.1																									153.82536					738.4434	36.269062																			
NC_032936.1	102.11819		197.01036	157.34216	12168.083																				282.15857	1991.9851				602.0046	266.11026			576.9188																
NC_032939.1	13703.665	4118.591	2681.556	14329.974	973.13934	1050.2185	4447.6406	962.39923		196.18428		1602.7281	578.7608	550.43994		1845.3912		1502.9482		1069.6543	5071.4756	611.3521		3484.5903	753.04486	1175.732	1310.366	953.0756	4988.2383	803.3363	1819.9233		1987.6168	1026.4814	95.920456	1296.147	253.97795	1326.6438	488.7989	136.32344		545.4222	1169.1267		382.87128	686.5051		923.3743	2928.6414	344.1295
NC_032940.1	20.201584																																																	
NC_032946.1	142.42987	834.8629		106.40183									195.53036					112.83571				137.69406				2176.0369													495.41226	276.33563										261.58917
NC_032947.1	396.94012	1510.8932		4266.973		126.47755	200.86061	1981.9146				133.62654	522.7499					1025.6638		811.5537				351.33322	714.1755		494.00446		456.89465	435.35495					467.84247	632.18274		253.74794					194.95053	678.6847			5255.827	1501.2228		
NC_032953.1																																							9627.849	127.864494		682.1055			3088.3818			433.0396	1498.3201	
NC_032962.1																																													4326.4316			7096.72	2654.562	1000.7555
NC_032963.1	113.14411		261.93842			1240.1617	30.773727						512.5769				2419.3342							430.62012		271.6387	529.8027			533.6034																				
NC_032965.1	13.084472																																																	
NC_032968.1			47.188877						264.77594			221.29399					93.39629																																	
NC_032970.1							84.64926																	296.1269	171.98697					1100.8379	1216.5367																			
NC_032978.1	11.862677																																																	
NC_032981.1							128.69614											463.8831																														641.2462		1433.9044
NC_032988.1	44.558346				727.3201													776.60016																		226.03813												402.5734		
NC_032991.1						1926.0039													7913.9824								858.57135			432.36533																				
NC_032992.1	13.2772455																																																	
NC_033000.1	77.41097	127.98075																		216.04921								120.31419																						
NC_033003.1	3708.1672	1112.1542	743.4328	7370.5947	6967.8286	4930.791	3117.2014	3894.5774				480.87665	282.18008			1079.6848	558.1186	2442.587		2294.6868	1141.2202	662.3784	3893.8774	1422.3712	183.57695	348.92792	166.66449	174.25526	1164.6487	391.67395	822.39435	158.73131			748.2703		495.3166	228.28835	357.4775		2079.395	2127.4058	876.9513		12395.044	17691.898	5103.7656	1800.7982	1817.3087	587.242
NC_033011.1																														349.5909	154.53319					902.4787														
NC_033016.1																						1610.6737																												
NC_033028.1	934.74756											2081.6938						156.64969							264.89868							229.04681				364.75677													2996.9714	
NC_033042.1	716.0495		90.83377	120.90725	256.17505		853.7255				597.8004						1198.5222	256.4366				312.9311			433.6413	470.98846	131.2303	274.41458	2912.9355	462.60168		93.73779				3134.8262														
NC_033045.1																		53.303425																																
NC_033050.1	1814.1096	367.24896	660.2889				89.508194						1863.5968					322.6306				131.23607	593.45245								514.5465						490.68155								44973.902		74.35303			
NC_033052.1	211.55829			226.75905			600.42865																						910.52466	433.79956			415.47406																	
NC_033062.1	2897.1702	674.5215	1933.6067	1777.9463	1130.1185	489.35855	2152.1255					119.31211	280.0509	266.34714			1107.8146	2100.9358		2070.3384	3775.364	460.16623		3136.975	728.7671	197.88293	661.6281	691.7617	271.96738	194.3593	773.23175	236.3004	310.24808	124.173515	278.4841							351.89224	174.06693	454.48666	148.21101			670.20386		
NC_033063.1																										390.98315													700.9855											
NC_033069.1	669.7729	288.02866	23.901072	572.65717	227.49942	318.26517						336.25473						50.60706						1694.5005	342.31155	232.37062	155.38766	2328.662	3097.8552	2738.7942	3026.6433	665.9603	524.61926	583.25946	261.61536	3947.5718	577.2532	496.63132	888.7731		1107.8289	330.57687	735.8536	1280.8705	3550.4521	2496.5154	1539.4937	7240.484	484.099	860.3701
NC_033076.1	956.3279		783.17755	601.427		534.80725	2282.5852					565.0366		5045.452			715.41473			490.23416									160.9974		406.8735																	1586.9718		
NC_033077.1	214.52066	368.29977	7971.607			150.727																658.05725					220.76974																							
NC_033080.1	445.32538		973.1839			71.993706						114.09449	178.5362					51.51438													123.23633																			
NC_033087.1	25.13787	124.67854	25.865042				45.5811										102.38421	109.53092	361.66635																															
NC_033096.1	2252.9812	3103.9768	1159.0775	4242.775			1134.7803				1907.045	2415.7927	2835.1914				1019.57635	2590.5208		785.99164	31532.479	665.5216	3009.5034	2381.868	691.6803	250.41695		145.9018	688.33844	491.91568	543.61633				1997.0248	317.47366		382.28622				890.6249			750.2328					
NC_033109.1	1602.5256	948.3632	112.42379	448.93585			693.42255			10067.394		527.2153	1443.7345	588.4662				1785.3075			12511.915			346.54105			121.8165	509.45865			379.63898					554.2756						2332.4082					1481.1825	2467.9104		
NC_033111.1	14.948253																365.29706																																	
NC_033113.1	12.4216795																												2100.5942							850.6803				1590.5961										
NC_033116.1	16.090937																	52.583637																																
NC_033118.1	44.654953																																																	
NC_033123.1								1289.3761	1976.2872								232.36972																																	
NC_033124.1	166.29884	2183.3135	120.78313	844.05414	1532.8784	268.05676						424.81253						1534.4442			1792.2993	156.04091				587.1379		547.3397			101.96677							89.6324								225.2864				
NC_033126.1	2367.0562	4061.5513	4766.2603	3163.773	4202.8696	1041.9716	1484.859					648.7255	1199.7012	18563.12			199.12157	1011.84894		614.0112		2014.6174	587.75134	2868.5789	675.4201	635.7784	1144.6324	1139.7753	941.0198	480.35162	169.86772	38.93381	61.341278	245.51212	91.76839	186.00624	3280.2825	74.65991		195.6335			774.3593	1198.1296		187.65382	662.7487	772.97925		205.7708
NC_033127.1																													66.516594																			437.10788		
NC_033133.1	21.149445						65.7414																				80.84341																							
NC_033135.1	23.912243																	312.57196							264.28372			334.4854	690.3932	563.8677	747.75665		360.03174					219.10143			3421.226		1009.992				432.2095	5509.0474	1495.0072	
NC_033141.1																	658.38116								529.3577		80.098236			564.7104					269.7115															
NC_033143.1	654.7514	405.92877	308.77545		356.24738		296.8063	1027.5872				2632.7515						237.74074					655.95605					254.40799			473.9501											1552.9767				418.86005	3451.7324			183.71951
NC_033147.1																								89.646935				856.6489	427.46793									43.164577			674.0058		99.48794				255.44513	1404.535	294.52744	
NC_033148.1	6193.5044			234.1806														49.668198						1156.9147			203.33995			179.1989	198.03284									121.63772			320.97894							
NC_033150.1		260.53055																286.09726																																
NC_033153.1																									41.28577																									
NC_033155.1	6296.0044	5834.7754	448.31332	2506.3176	1469.8198	1326.6034	1777.6089			64066.098	442.5696	2838.2158	493.474				3371.749	8353.301	35418.09	364.8114		3127.576		1520.0961	2568.3018		582.92303	1218.9442	2456.0532	1369.9117	302.77808	138.79387	656.0205		408.9276		1948.9618	133.07626	833.53796				1226.8835	133.47421	522.32153		262.51233	787.30493		
NC_033160.1	3.9242																																																	
NC_033161.1	3979.736	8495.651	9022.718	6512.702	1335.3794	4514.718	46.35695	288.89026					386.06854					445.58112				543.74524		648.67883	188.37248		456.04883	1072.8438	70.298416	803.8111	799.46295					907.83936														
NC_033178.1	20.921474																							1791.585											235.62576															
NC_033185.1	3002.5386	616.21893	671.1438	3190.5288		31.52352	319.15085					399.664	1172.6211				126.50747	406.0143		86.68857		935.8715			76.28674			48.275414			107.92169												291.5392							
NC_033186.1	35.803055	355.15118																156.00133							791.4076																									
NC_033187.1	871.5498	904.752	281.54144	2873.1194	727.8516	740.5407	606.4071					1026.8989					247.65628	2781.908	874.83203		1856.7953	323.31195																					214.0235							
NC_033190.1																																																		236.57753
NC_033191.1		295.43777	122.57935		7648.7373		1242.1018											259.54404			454.73834									468.20737									569.7719											
NC_033193.1																				318.7126																96.54949														
NC_033200.1	1751.868	1354.9515	1057.4335	1282.8124	594.55963	1109.0298	424.59058			11786.515		3515.149	294.67184				105.96821	2323.9854		2831.9526		622.53064	7506.923	4043.416	862.66614	208.21384	580.1415	970.5026	715.41473	2454.0747	1853.2006	414.39474	130.57803	130.65625		1583.8164		198.6618	248.86801	69.40802		370.2635	732.6178	557.91656	311.89752	998.65326	313.51175	2350.6445	1084.4332	131.40828
NC_033213.1	124.02178	576.67706		286.63663	480.79297	141.60329					236.20218	561.0272	175.58011							1557.6178	887.62274	123.64494	559.1252				311.10968									117.9646														
NC_033218.1	29.828484			91.91851			40.564724																																									5255.1055	932.44653	150.65459
NC_033219.1	18.747503																																																	
NC_033220.1		514.74774																																																
NC_033221.1	8.642463	257.18875	106.70953	106.52946	3978.1648		23.506363						1566.1184			187.26018		2372.3918		217.08517		137.85922	1246.8043	82.231865	95.51853	103.74501			106.939156	101.897644					48.667362		515.445													
NC_033224.1																								711.96466	82.70012				61.72547						126.408936															
NC_033226.1	7286.455	8191.5723	7472.2383	4989.7153	5233.1753	3401.7073	2113.9404			186.49062	1850.2938	11485.126	10178.033	5494.047	154.54366	3332.9993	5193.4854	22964.82		5389.052	13350.159	7942.316	6715.875	7164.061	3489.7036	7386.135	1841.3523	3001.0715	1836.5996	1622.7422	2573.903	1315.277	670.435	670.8367	1504.4862	554.4469	965.7142	1335.2756	2090.9119		2606.2585	691.2968	769.40265	1264.8649	3057.2095	2703.5645	1536.5154	14373.155	1012.3402	2208.0996
NC_033228.1	21800.396	9538.677	15475.501	6939.558	16822.979	900.8565	1967.1598					7554.7227	5585.0566				251.05852	2954.4146		1238.663	188.23024	9177.093	17785.305	156.40176	1862.1437		384.84976	1207.1329	1762.7488	2519.4695	942.3678	235.62688	309.36377	61.90982	4257.921	500.3143			235.84586			1929.8909			147.78857	378.55942			770.76715	
NC_033231.1	76.49379																									459.11987																								
NC_033237.1	186.95737				305.16794																																													
NC_033241.1	906.3021	132.20786	1097.0807	328.56876	87.020226	284.05743	1039.1757			1228.026		2765.3296	905.696					1393.7457		334.7777		141.73299		591.7976	49.101246	959.9422			403.12854		185.23427		133.78058															240.82962	1666.5441	
NC_033246.1							44.050312																																											
NC_033248.1	39.36414		182.26268					222.40538														313.9561																									711.4994			
NC_033254.1												352.75388																																						
NC_033258.1	218.67705		675.0086	1976.6821									220.14972				237.5071					155.03123									50.653465																			
NC_033263.1																								1075.6222	1796.0371											215.05078				2940.359					127.04839			383.00494		570.9637
NC_033266.1	1429.3811	477.93918	4883.1523	2969.4873	183.50693	110.023285	1113.8998					2847.9346	727.5875					157.45221						305.62634																										
NC_033270.1	67.28455		830.7714		2416.2087	614.5833	366.01035						762.0487									536.6406	1213.3511																											
NC_033280.1						409.6585	243.96886						1015.9069	2173.9387		1943.5447	274.00116	1319.0731		1126.547		1073.1149							184.9843		701.2399																			
NC_033281.1						3521.529	8089.277						2495.1418				672.9672					6149.8438																												
NC_033426.1	129.11646			696.2926			87.79495							50068.234												193.741	1187.5956		332.84344																			218.72522		
NC_033428.1																														283.20187																				
NC_033429.1		5600.8853		90.9775	96.38031		80.29893										2885.8765	289.43628							571.0187	1328.994	691.21674	412.97015	669.7346	348.08768		282.1346			166.25034		440.1968	608.6522	423.59564	708.83124				135.66045			12139.957		6921.752	1192.8976
NC_033430.1	12.240313	182.12819																						931.71893					201.94388																					
NC_033432.1																																													1683.015					
NC_033433.1																		496.52496						963.7908											142.60043															255.80058
NC_033435.1	101.507065		313.33032																	8605.236																														
NC_033438.1																								144.75175	168.13994	3013.2468				717.4765	317.1535								873.113	243.50652										
NC_033439.1									4555.025												19675.732						234.56796		1590.9458	1447.0358	3289.6196	83.77589		792.4215	1283.508	266.82614									315.27295					354.21408
NC_033441.1																																123.47184	583.5997		873.0826						5545.6934			712.43634			700.59753	2101.1733	1615.5719	
NC_033460.1																									40.03291																					83.4184				
NC_033482.1	2318.993	2562.2637	2409.6987	1556.585	449.73376	25586.049	249.79634					2160.3655					280.54572							436.92865	507.52594	551.2363			757.6107		239.3297		345.69916				2054.0652	736.327						1688.0657		793.1662	10997.598	933.48303		231.93137
NC_033483.1	4713.585	5009.6553	3048.532	2213.3706	12603.374	410.041	2075.6733					1949.4813					1645.5426	12616.247	5812.7847			7876.8574		1708.5376		13202.556	2702.6428		1296.0994	1058.568	4211.3677	428.9994		4734.135	1011.1664				2576.39			958.28156	2844.1387		403.6121	1033.8486	1622.8032	4258.6045		1587.1262
NC_033720.1	5139.1685	3343.1768	302.6421	654.61743	1573.6941	111.94353	244.4458					1123.5739	277.6072				4492.423	1228.2017		8824.767	374.24203	2150.4248		155.48016		588.4687					85.1649								937.825										1532.4502	
NC_033722.1																305.34116		460.5181							77.87487																									
NC_033733.1																									74.78326			94.647934																						
NC_033736.1		242.91992										472.65515																																				885.005		329.82993
NC_033742.1			101.34012																																															663.2643
NC_033743.1									5722.6577																																									
NC_033747.1																																														740.2414				1623.4155
NC_033774.1	8.088794					147.76756	88.001755	182.8051		186.32335																																								
NC_033778.1			0.9983713																																															
NC_033780.2													5.6440024									3.9745529																												
NC_034217.1			56.574833																																													198.70766		
NC_034266.1			1.089631																					6.717476		4.237435																								
NC_034973.1																661.5666		99.77812																																
NC_035137.1					214.06168																	5491.2344	18919.229			1377.4641		229.30273			2221.3364						488.8408	1802.4305						903.90985	1179.0837		3851.8518	888.6273	2049.771	1324.719
NC_035138.1			301.95767																																											3379.2979		2651.413		
NC_035139.1	32.315304						175.78668					701.6737								1217.5652																														
NC_035197.1			916.6522												4408.9106						1511.3551																													
NC_035201.1				115.77236																																														
NC_035452.1	37.301003		138.16815				162.32622					215.98163			569.6236											179.10614	199.61572						224.64728										630.1999	411.3613	2146.3618			808.81274		
NC_035457.1	9.087653																						437.0101	172.93565	100.43887		567.3785			142.8622	94.72623												127.946465	222.71123						
NC_035477.1	719.6457		504.86142	1411.2249		4481.802	2224.2522		1133.1072			3551.348					9392.684			821.6535		1043.5762																				4189.656			294.1022					
NC_035485.1															599.13367																																			
NC_035486.1							87.89339																																											
NC_035797.1										11.615396							9.242037																																	
NC_035798.1	8.304965		576.8014										188.12006				50.73807	379.9579		521.5197																									1344.0413					
NC_036600.1									525.9831																																									
NC_037062.1																																															1187.8866			
NC_037659.1															134.23836																																			
NC_037665.1															0.7486496		0.47921112					0.312802							0.32352614		0.20440413												0.41413218	1.0812937						
NC_037666.1																				0.45200983				0.34244278																										
NC_037667.1							0.1887941					0.25119823		0.56076455			0.4240691			0.43588668								0.242738																						
NC_038305.1																																								67.64228										
NC_038357.1															433.45218																																			
NC_038369.1																																						4.786957												
NC_038393.1			251.31891																																			373.0044					859.7193				735.8055			
NC_038401.1																																						365.16904												
NC_038408.1		913.74316																																																
NC_038425.1												54.74888	85.67151																62.398956																					
NC_038479.1	32.77065																																																	
NC_038480.1		489.16302																																																
NC_038487.1																																																		2427.547
NC_038489.1																																																		326.576
NC_038490.1							90.99304																																											
NC_038491.1																	201.58215																																	
NC_038492.1									15754.428																																									
NC_038494.1	32.228607																																																	
NC_038495.1	629.5836	480.40067	4434.911	795.94147								467.36356										772.5179				27711.166		451.6227							363.62158				5095.6675			8959.693	6818.464				1750.7098	4375.4854	2018.5609	13534.689
NC_038496.1		254.32309																																																
NC_038497.1	98.22269	730.74567	404.25598			1196.2328	3829.1877				498.84564	1421.8295					200.02582						2361.682	2492.2004		1768.6129	438.03073	1373.9421	1890.5862		341.2786		4190.151		737.4813				469.76428						588.7387	754.02435	591.78546	3549.6665	6140.935	1653.6421
NC_038498.1	436.942		481.69437		203.77557									3025.6333										1187.8407																										315.26602
NC_038500.1			167.07411																																															
NC_038501.1						593.2665																																								17575.895				
NC_038532.1															272.51703									271.67447																			301.4976							
NC_038537.1			9415.989	92.840385																																														
NC_038538.1											1668.4381																																289.07602							
NC_038553.1															10.016343																																			
NC_038690.1	4247.0015	2568.8086	266.45462		1578.0885	315.38602	657.3899			11930.318		999.63855	2346.3655	1115.7748			1054.7343	5641.7886		867.3013		275.38828		1971.2013				482.98535	142.41492		719.8231				388.87302					829.0069							1872.2865			
NC_038693.1	2415.2573	449.21872				827.2938	985.377											1183.9248																																
NC_038701.1	173.72397	430.8171	29672.383	356.89502																	2652.459							405.00943	6687.664					436.2032									4891.7686							
NC_038828.1	19.318169						105.08572										236.04341											270.2233																						
NC_038835.1																																														454.64447				
NC_038838.1																1327.2081																																		
NC_038842.1															1231.5079	1397.8737										193.61096																								
NC_038882.1																488.21466																																		
NC_038927.1	82.868286																																																	
NC_038932.1							191.93141								449.00842	1019.3303			507.63123		538.71326					282.36234																								
NC_038933.1																																																		248.04654
NC_039034.1													68.18854									10.6708765						4.6787343	2.7591796									3.0647597						12.295699						
NC_039089.1																												62.895916																						
NC_040312.1																												181.57599																						
NC_040319.1																						281.86783		672.5274																										
NC_040330.1	97.33858	482.77878			211.8458		176.49876																																											
NC_040339.1	33.927246			418.1969	443.032	774.7364	2122.3862	11692.924		1563.0118	1033.8427						414.5477																																	
NC_040342.1							72.65288																																											
NC_040354.1	15.431382		381.0665	570.6346																2713.2869			5565.5195	6754.063		370.47983	412.90378											141.39345					325.89093	567.26514			1394.5967			3117.5686
NC_040355.1			105.37062											2206.1904																																				
NC_040361.1																												12.245297																						
NC_040370.1																						1043.1025																												
NC_040372.1			192.76128																																															
NC_040379.1	44564.906	27560.373	15002.338	24782.807	23360.352	132167.94	141749.75	25760.342	19193.646	9481.381	61266.668	82041.484	50204.19	27625.344	25989.04	13034.848	170611.77			78338.19	10152.033	125507.37	47961.73	130748.57	7698.702	137398.75	13555.286	55361.953	83710.69		42739.848	5143.8486	30986.924	27427.926	9271.47	22165.428	65621.25	119527.18	84952.42	1773.791	10192.681	64885.38	77900.13	98642.87	86540.695	186307.55	48072.617	72945.875	43550.195	255548.17
NC_040391.1							87.38414																																											
NC_040395.1							65.5052																																											
NC_040397.1																													298.85648																					
NC_040398.1			128.56316																												217.06966																			
NC_040525.1			303.05426																										269.96133																					
NC_040526.1							204.36682																										5090.912																	
NC_040536.1							1.0700037																																											
NC_040594.1	4.020487																	105.10867																							1725.6852									
NC_040615.1				5.3294096																				4.113864																										
NC_040625.1																													13.813461																					
NC_040662.1																												144.97888																						
NC_040681.1							1.239116						5.159779															3.1863291	3.7581353																					
NC_040781.1																													310.88574				1134.8619																	
NC_040782.1																																					3732.5027	983.02203								823.592				
NC_040839.1	295.33862					6144.6436	803.2819													824.2717	1503.1001			5307.977				1377.0688	406.04764				988.16156						941.6666						3540.4707		296.56607			331.48132
NC_041831.1	1.2881081															55.820076											17.233217		10.625778								38.41206													
NC_041845.1			9.582039																																															
NC_041854.1																																												15.117753						
NC_041866.1																															7.8980045																	20.53696		
NC_041868.1																	46.047638																								134.79768									
NC_041881.1										288.79715																																								
NC_041914.1										20.055788																																								
NC_041915.1										39.880413																																								
NC_041925.1	5.258983		12.175012		34.336662	12.009013	57.214924	571.9749	22.771225	30.284838	80.12674	19.031713	29.780987	42.485565	1355.2294			8.59293	3745.3015			20.972013		12.509628						31.002638		12.564243		49.517937	14.807178		39.20641	12.04666						24.165358	23.641434	90.83601	1235.7174	71.27034		13.2807665
NC_041954.1									638.40826		299.52155																																							
NC_041956.1									71639.54															46.630302																										
NC_041957.1									2454.125																																									
NC_041987.1									32.87178																																									
NC_041992.1										38.953384																																								
NC_041994.1																22.465616																														5.9696007				
NC_042008.1																																				128.85997														
NC_042013.1		2.1875567			0.4799557			3.3226118		3.386555				9.501769		19.113237				3.6928983		2.3451629			1.624893					3.4668217					1.6557896			4.0412993		2.3532302			3.1048632	2.7022536		3.385864				
NC_042019.1																																														10.222512				
NC_042029.1			5.17361																																															
NC_042044.1									15.6748705		13.789072								9.765624					8.611166																						10.4213505				
NC_042056.1									10.334474					9.640803																																				
NC_042057.1	403.93573	137.4499	1552.7457	1376.7373	5285.6777	698.0299	662.38916	13123.934	119384.97	15804.216	4990.0815	583.5048	171.20132	2252.3958	40813.414	7605.9155	2011.1727	197.59198	28054.928	1835.1823	4269.733	2009.3562	3513.3894	127.84681	9.281484	554.4469	190.99872	622.58704	138.54974	39.60536	262.60748	88.27839	708.0692	455.4601	293.1971	76.68179	375.64157	323.17786	698.8515	26.883566	1081.3624	430.2388	319.23276	818.07794	468.12433	193.40244	819.6625	227.61682	105.00748	220.55762
NC_042091.1									22.253212																																									
NC_042095.1	0.28030434																																																	
NC_042105.1																																																		5.730571
NC_042116.1							5.53336											1.32966																																
NC_042128.1	4.3825483	18.631294		7.717218	8.175507										23.902098		7.649878	24.551573							10.379346				165.26724			50.855988	18.852926	42.444504		123.86411	93.34991		62.8805	15.031753		187.10611	39.665913	40.276154	106.95078	14.418611	639.3682	152.72438	645.8554	129.6474
NC_042135.1																																	28.392323																	
NC_042322.1						3.0183818																																												
NC_042335.1					4.78103																																													
NC_042344.1																										30.827686																								
NC_042345.1																																															23.436838			
NC_043054.1															10.012303											3.1481564			2.1633909						2.953637															
NC_043100.1							50.603832																																											
NC_043235.1	0.103447676																									6.2089834			0.85335386																					
NC_043307.1						11.112116																																												
NC_043314.1						2.3367574			17.723646	88.39397	38.978397					44.345154	9.377672	3.3440883		38.556		20.40405		4.86834		9.212953		3.5785322	4.2207217									2.3440828												
NC_043325.1						9.186519	5.4709597						205.03369						86.8193	25.262602					11.115667	24.145985		28.136627	24.889425			19.222494		30.303703		15.305908		36.861267	57.721104					92.4287			36.357094			
NC_043329.1				207.32616			76.24623			387.44083				14494.052					1209.9613	140.82932	770.42804	178.8663	1213.2567	320.07684		538.41895		39.21273	92.49934				84.41524	464.56198			167.19208	154.11565								129.12051				56.63459
NC_043430.1	1505.6783				1734.8448		642.3914						1337.4856					2701.4048		1483.1487				1685.4492	652.5926				243.53995	2784.7017			1333.5321				1760.7872		1694.3826				623.4899							
NC_043515.1	9837.77	2571.214	21906.947	2873.0647	1915.422	1321.4565	284.18857			185.13925		5468.256	1274.414	3376.431	2761.6255		245.51657	1891.1119		2220.755		2435.942	1739.2714	4512.0063	621.81836	820.09485	161.29478	393.49576	1226.5775	947.6368	1549.9066	115.21283	1936.2234	1695.2108	588.3817	2385.1936	1797.5931	220.93318	345.96005	192.9728	287.48584		509.2182	73.864655	4913.901	185.10147	217.91156	1524.9319	3015.0132	324.7554
NC_043518.1	1396.1183	1150.8792	2077.1614	5291.397	50.50114	1872.2179	315.5617					615.80566					2362.7134	758.29126		388.56863	531.4306	185.06935	5300.291	515.1642			2224.8345		63.804794			73.91617				117.71141	230.65356													
NC_043519.1	1363.0441	124.044266	11605.779		517.0967		544.19055					3922.0322	755.3515	942.88654			967.70135	490.38144	899.5657	2826.9524	19665.695	6915.022	10824.189	1586.4429	92.13872	250.18517	446.13474	233.22693	997.1672		173.79622		125.51986	188.39261			248.60355													
NC_043530.1																			10.478634														3.6553085																	
NC_043566.1		518.7303																																									736.2487		626.8869					
NC_043572.1				436.4776										2288.5435	1351.8765	1534.5027					1621.9601		12771.174			425.06924																								
NC_043574.1	35.480015																																																	
NC_044937.1																																		8.314237																
NC_047709.1	3.2253833															69.88592																																		
NC_047710.1	2.4892523																																																	
NC_047713.1																													2.6637025																					
NC_047715.1																	15.12991																																	
NC_047717.1	0.41066182																																																	
NC_047718.1																								8.851903																										
NC_047733.1	0.42107847																5.145043		54.52373					8.013013																										
NC_047734.1																																													13.131437					
NC_047743.1							9.247564								129.80363						77.86819																													
NC_047748.1		24.455364																																																
NC_047752.1															75.41092																																			
NC_047756.1																																						20.567104												
NC_047759.1	1.6433132						8.939196																																											
NC_047762.1	3.2140958																																																	
NC_047765.1																											121.64746																							
NC_047771.1														114.30087																																				
NC_047777.1	4.473417									2967.6711																																								
NC_047778.1	0.8615401																																																	
NC_047804.1									445.51315																																									
NC_047808.1	44.027718									42.256977																																								
NC_047813.1	9.718455	231.36736	59.9975	47.917	12.69064	71.01544	42.292698	131.78113		89.544914	710.7459	84.40815		1130.5745	1187.2836	421.1484	47.498882	152.44324	671.14795	341.7575	534.1815	62.00915	560.81323	73.9759	64.44643		156.0244	380.6381	160.33763	229.16808	182.34264	222.8965	380.4443	468.51956	43.781227	59.160404	347.77115	71.23807		311.11203	417.13815			142.90211	559.2158	268.57977	386.45053	421.45816	243.04158	39.268
NC_047818.1				13.2478895																																														
NC_047829.1	15.438772																																																	
NC_047838.1	0.17590247	5.23464												34.105373		15.24545				8.836796					3.8882332														10.095355											
NC_047856.1					20.962416										61.28614	69.565346									17.742098								24.169922																	
NC_047861.1	0.76693124									220.82597					58.559055																																			
NC_047864.1	1.8868692						20.528166	42.642902	130.72144					182.92072	540.26935	245.30215	23.05514		81.440956							22.650175					19.668005		28.40941			28.71544														
NC_047867.1	1.8872148		5.8254232	23.262348		17.238			196.11807					182.95422	864.58966	327.1293	23.05936		162.91182		86.44338											36.069996	56.829258					17.29204				80.57171								
NC_047877.1																																																	72.66563	
NC_047879.1																																																	74.92432	
NC_047886.1																																		54.115166																
NC_047895.1					11.79191				625.6088						965.3021	78.2647	66.20263		77.95229	45.36496		28.808868	260.54892					50.526	29.796583			17.25927	54.38492						51.82595											
NC_047901.1																					20.996246																													
NC_047906.1														54.318935			20.538918			42.222534																									60.452385					
NC_047923.1	5.478097	27.170204			17.883636	16.679148	29.799397		63.253284				124.08721	295.03796	383.42303	237.39296	66.93537		78.81508	45.867065		29.127728	263.4327	34.7489				51.085224				17.450296	27.493416				54.453217	33.462883						33.56292					114.16458	9.222737
NC_047939.1	9.558172	28.443922	29.504005	117.81676	12.481338	34.92212	83.1904	43.202587	1688.5745	44.03402	932.03217	138.36014	129.90433	247.09528	1605.5905	621.3041	128.46756		866.35394	216.07785	1269.6482	60.986454	689.45496	90.94481	21.127832	91.789825	25.57519	53.48006					143.91142	28.799528	32.294357	116.36933	57.005943	17.515789						35.13632						19.310175
NC_047940.1	11.297854	56.035023	72.65427	673.093	92.20675	68.79712	307.287	1159.6204	4565.8105	43.37387	803.3018	163.5429	405.1966	486.7818	3091.1533	3998.333	1000.8295	24.613558	812.72943	804.0564	1164.365	375.45102	2173.1812	250.8278	62.433304	180.82758	50.383568	210.7132	116.49692		9.813714	53.983467	269.3326	85.10336	74.22387	85.968605	112.3027	155.2788				80.390724	39.76606	34.609566	33.859203	86.73009				133.14482
NC_047942.1									565.4134		55.265545	26.25332		263.73083			22.160242			45.555546	83.07282	405.0185																												
NC_047944.1						29.180304																																												
NC_047949.1																																					19.100573													
NC_047950.1																																							116.1878											
NC_047958.1	1.7063993																																																	
NC_047970.1							9.673912																																											
NC_047977.1												10.675681	16.705397																																	16.98456				
NC_048004.1	11.142741	27.632837	11.465082				20.20455	20.98532	1994.2404		169.77283	107.5318	42.06667	60.012325	496.30197	764.5437	136.15012	24.27563	160.31422			59.24741	267.9182			22.293104		25.977518	15.319663		38.715916	17.747427	83.8847	13.989158	20.915648	28.262756		17.016321						68.26884	33.39434	42.769646				
NC_048015.1							2.222046												8.815484										1.6848199																					
NC_048016.1																												4.1170588																						
NC_048023.1	10.883146																																																	
NC_048026.1	1.585316															137.39905																																		
NC_048031.1	7.057796					32.233307									134.72456		43.11866																			53.70479														
NC_048033.1															187.06151																																			
NC_048034.1	5.108803						6.9476333										31.211515																									109.05615								
NC_048047.1					2.9212673	2.0433874	1.2169237			5.153101			10.134732	7.22911		19.388895				16.857723													1.6841292		2.5195076									2.055921			4.0435157			2.2597818
NC_048048.2																						3.6222413																												
NC_048049.1	2.1897523						2.1657586			4.5854883						8.626611																		5.998088																
NC_048050.1									73.53635					68.60044																																				
NC_048055.1			43.061703																																															
NC_048058.1																																																		50.011272
NC_048067.1	8.629014																																																	
NC_048078.1	15.606658			22.632015	35.96403		19.97556		381.60782		55.94959	53.156513		266.9949	981.3552	875.22845	269.2142		158.4973	92.23876		205.01569	198.6614	87.35015					30.29209		38.277126	26.319452	96.75634						105.37565							42.28495				
NC_048079.1	1.8228457	54.24563	28.133648	22.468916	11.901624				505.1439	83.97762	111.09282	52.77354	41.29022	58.904644	1078.671	394.96426	200.45569		472.06546	91.57413	83.494965	145.38455	657.4322	69.37659	20.146519	21.881628	24.387312	25.498037	60.147602			17.419851	137.22725	27.461891	20.529596			16.702242				77.82357		33.504364		41.980225				
NC_048082.1			11.591978	23.144823			40.856373	127.30564	455.29684	43.251892	114.434586	81.54152	85.064575	303.38306	573.4808	406.84555	275.3142		243.13292	47.164402		119.80639	812.65076	35.731766		45.079716		78.795166	15.489239		58.716644		70.67762		42.294308	28.5756										43.24307				
NC_048086.1	1.0357547			17.022669	36.067142											29.922905	8.437069																																	
NC_048087.1																															7.3786893																			
NC_048099.1									32.588234																																									
NC_048102.1	0.9098071					4.1551347																																												
NC_048111.1	10.342933																																																	
NC_048136.1	5.435285																																																	
NC_048163.1		13.566556	28.14433	22.477446		16.656368	29.758728	20.605799	1042.2544	42.004734	250.05374	211.17409	41.305897	206.24448	556.9446	592.6713	66.84396		472.24466	45.804424	83.52667	101.8078	526.1454	69.40292		21.889935			15.042608		19.00786		123.55147		82.14957	41.62744		41.77148	52.328007						32.790405	41.996162				
NC_048164.1	2.2218742		20.575344	27.387455			12.086407	50.213955	3194.0574		67.70572			71.79912	508.95358	48.142406	27.148474		191.80095			106.32596		42.28169	24.556677				18.32854				33.453373			33.813736								40.838608	59.9298					
NC_048171.1	2.3807492		39.193886				4.3168793																				21.234226				16.544014					36.231586														
NC_048180.1													81.5353	116.31829																				27.11432																
NC_048183.1	21.547255	25.648785	63.851234	31.871729	33.764435	15.745181	9.376922		119.42265	277.94788		24.952715			394.8577	336.1494	21.062408			86.59735	631.65845	82.49004			19.051636	20.692448		24.112318	14.219703		17.968037														30.996609					
NC_048184.1	19.783434		9.394949	9.379086	54.648407	13.900296	8.278214		26.357431			110.14485			406.69	65.947235	18.594498		65.68399			145.6492							6.2767773		15.862696			11.463278		23.15966	22.690474												95.14405	
NC_048187.1																								16.580738																										
NC_048188.1																																				13.39342														
NC_048189.1																							64.72859												10.106375															
NC_048190.1																																	6.41485																	
NC_048191.1																																											9.473277							
NC_048193.1			3.6127093																																															
NC_048198.1																													12.622564																					
NC_048639.1												29.491684																																						
NC_048656.1		10.913381		3.0136015							22.350155																												14.03146				10.326455							
NC_048659.1	0.9515784																																																	
NC_048660.1									353.13962					16.070051		21.550419													2.0511425				41.181328	29.968027		7.568177														
NC_048668.1																																					3.894434						11.032067							
NC_048673.1	0.31355494																																																	
NC_048674.1	0.31342548														11.9658		3.8296602																														5.665109			
NC_048682.1									111.36798												45.31195						6.6173816		12.240581			4.7267947														22.78228				
NC_048694.1					2.75656																																									9.723127				
NC_048700.1								60.813667	67.79049	78.88878						84.80707	17.934156			24.578562				37.24147							10.199579																			
NC_048704.1	1.9352124																																																	
NC_048706.1				19.26318																																														
NC_048722.1			1.6731664																	13.615252	223.45287					6.5067286														8.6760645										
NC_048741.1									17.208157																																									
NC_048773.1										32.273235						75.89395																																		
NC_048774.1										163.79324				34.466976		46.22125																																		
NC_048775.1									12.819103	68.19563				23.91733		64.14768			15.972904																															
NC_048776.1										50.84396						15.941998																																		
NC_048802.1			0.6982176																																															
NC_048804.1			4.8693104																						4.981309																				4.052244					
NC_048807.1		18.20404		12.064389		8.940023					29.8249				1363.8704							7.8062286					6.5472198																			11.270359				
NC_048828.1				5.970551					16.77865																																									
NC_048831.1	1.8958501																																																	
NC_048835.1															611.3614																																			
NC_048836.1															645.35046																																			
NC_048838.1										43.133923				121.02226																																				
NC_048839.1															288.71042																																			
NC_048840.1															216.0795																																			
NC_048849.1	0.82430506													13.318576	15.734959																																			
NC_048873.1									26.050432																				31.018312																					
NC_048874.1																															83.01976																			
NC_049342.1	190.45595	150.5918	763.981	487.66882	348.42432	109.25289	70.0697	1372.3752	15425.689	3539.357	168.22144	266.3728	41.6823	59.463985	6252.4683	717.6862	640.80365	96.21529	2065.0408	1779.5392	126.431725	631.0894	132.73492	105.052956	20.337826		24.618887	38.61024			9.590531		152.38321	27.72266			82.31158	33.72167	52.80485	29.453993	131.63931	157.12505	77.723434	236.75764	33.08921		182.93242		115.04759	9.294062
NC_049343.1				53.791878	14.24658		112.7603					78.964195								356.25452		121.820564			24.115952																									
NC_049344.1																				96.369286									7.9121475																					
NC_049388.1																	27.400127																																	
NC_049448.1	1.8186626		25.262169	44.834686			34.625645	41.101406	566.98224		581.89856		41.19547			906.3328			392.48514	137.04585		29.010185		34.608673	110.55159	21.831415	24.331348							27.398872						87.32991				33.42748						
NC_049451.1		94.26212			13.787573	106.08642			146.29723	121.60594	64.34834	30.56804	47.83313	750.6257			51.60446									25.349024			34.83932	99.59056			31.794495								151.0646							57.23593		
NC_049453.1		54.890976			12.043226	33.696274					112.41446			715.265		159.86537			79.613655				133.05075						15.215804				27.771986		20.77385		27.502462		52.930496					33.90299	33.167942		50.00941	49.994675		
NC_049454.1	2.1305413		26.306078	78.78502		19.460567	23.17917	72.22477	442.80878	49.076485	389.53555	30.84083				92.32686	26.032501	27.849644	91.95832		97.58889	33.98508		40.543644								10.180163								51.152992				39.159885	38.310867			28.873365		
NC_049462.1			1.4108123						15.832076												20.935026	7.2905693																												
NC_049463.1	0.9456501																																																	
NC_049464.1			0.6641207	5.3039966								3.1144185	4.8734684																					3.241316			6.4158783												13.451291	2.1733127
NC_049467.1				6.28674							31.083458																																							
NC_049472.1			1.3840156						15.531364																																									
NC_049494.1										4.9921803																																								
NC_049850.1									4.734613		16.660023										12.521325					1.6407387														4.3755198					4.915548	12.591125	9.881973			2.7613487
NC_049851.1					0.8960898			6.203402	38.03293	6.322786			6.217593						47.389927			4.37848																												
NC_049919.1																																																31.740812		
NC_049920.1																																																33.477085		
NC_049922.1	33.280804		30.110691	77.80197	198.56293	5.2412086	59.305805	110.22734	79.50614	290.78503	69.94099	116.286674	25.995188	185.42374	43.81301	721.11035	7.0111914	7.5005927	5770.6245	57.652557		256.28427				13.7760725							34.55782	51.867783		17.465033						48.995583							35.874763	
NC_049923.1																																																		12.952906
NC_049925.1	20.488308		41.55965	14.431115	129.94905	5.346917	85.97648	416.72824	689.4326	310.13388	588.6508	42.36859		151.3308	715.14667	608.8174		30.60748	9676.931	29.407652	321.758	140.06425											17.627396	17.637955					33.595966				49.449932	21.518854	21.052309		21.161266		146.39325	
NC_049941.1	1.2360767	27.588074	43.878246				6.7239304	13.967548					41.998524	79.88677					1200.408	108.66911	424.63632	19.717134				14.837994				29.147568			18.610836						70.940575					34.079105				33.502926		
NC_049942.1						11.513095			130.98537		38.408947					136.55414			217.61438																					20.175129										
NC_049944.1																									14.481491																									
NC_049945.1			3.8469598																																															
NC_049946.1					9.573736	13.393394																																26.87075												
NC_049947.1			4.7650666						53.47338	213.35243					117.86913				66.6291			738.7244																							13.879208					15.593521
NC_049948.1			8.879338		9.390765						43.827892				109.82012																																			
NC_049949.1			4.766903			14.105736			133.73505	71.14491	47.058277				235.82921	66.9219			66.65477			270.96988				18.537872																								15.599531
NC_049950.1	3.1150808				15.254104	14.226716		457.6013		71.755104				100.66279					134.45296	215.17633		621.1228							6.4241805							23.703518	46.44665										28.152248			
NC_049951.1	6.012388		60.97936	63.523197	314.04623	156.90778	107.46188		416.53534	178.06349	340.2502				65.58228	2382.1372	146.9274		519.0126	43.1491		1233.0752	123.91101	32.68977		61.86284						16.416237		12.939855	58.040432		51.22646	15.739972	98.58897			146.67973	145.1132	31.574066	108.1133		15.524687			17.352434
NC_049952.1			4.563766		28.959738	13.504634	12.06386		102.42874										95.72152			117.919495			32.681137																									14.9347725
NC_049953.1	1.5266684		4.712495		373.79404				105.76689	35.166424	93.04238				582.84357	66.15807	18.653944	19.956041	230.62892	191.73767		292.22955																												15.421481
NC_049954.1	1.5293236		4.7206903		109.83698	27.937988	41.595573			35.22758									132.01723			487.8965																						28.10935	13.749966	35.220394				15.4483
NC_049955.1	2.373642				201.47203		8.607997	17.881283	548.1492	400.95917					755.1636						217.448	302.90283		30.113192													235.94417		45.409153					29.085424		18.221687				15.98473
NC_049965.1									915.02637																																									
NC_049974.1									515.9614																																									
NC_049977.1	21.064318		2.1673641																																															
NC_050152.1	45.03305	79.141365	201.39613	738.66315	180.58371	126.31577	15.431058	1566.6741	5416.778	9352.261	540.26056	20.531614	40.16009	1283.3495	13875.814	1413.6865	51.99179	9.270162	20370.725	124.69471	617.1938	22.624851	409.2403	53.982178		4.256544	4.743964	74.40048			44.353443		64.066246	21.368198	55.90953		21.148172	19.494116	61.051746	22.70268	101.46555		52.41956	202.04155		16.33249	76.91	86.49822	133.01537	179.09315
NC_050154.1					61.96487																18.112917																													15.977886
NC_051650.1																											16.525202																							
NC_051713.1					7.9318132																																													
NC_053011.1																																																		34.8363
NC_053505.1																					130.22583																													
NC_053506.1			2.8869414																		171.35715															7.1166525														
NC_053512.1																																					30.550383													
NC_054466.1																																						15.635649												
NC_054662.1								8.26255																	8.081453		9.782579										43.609875											39.63755		
NC_054891.1									372.33978																																									
NC_054922.1		3.2509654													8.341327				9.43037																															
NC_054955.1								17.587513																																										
NC_054956.1																								74.60204										19.686903																
NC_054962.1																										7.580284					13.16449		19.015423																	
NC_054963.1																										14.149509																								
NC_054964.1															45.02644																																			
NC_054971.1	0.9756069																																																	
NC_055018.1																		87.14264																																
NC_055036.1					11.10952																																													
NC_055123.1																																							570.8725											
NC_055235.1								9.568889	29.333344				4.7953916						54.825058					4.0286503																										
NC_055410.1										182.49452																																								
NC_055467.1																32.794785																																		
NC_055561.1														8.541351																																				
NC_055577.1	17.268358	256.94235			225.49535	157.73083	93.93539	97.56544				249.96933	391.1545	837.0314	1318.5247			225.72556				275.4542	3736.83	328.61234				1449.3029	712.24475	203.60017	539.9966	165.02344	779.9967		583.44916	262.79962				276.4018		737.2458	364.68564	317.39676	310.51538	397.6913	624.24493			174.43451
NC_055719.1	0.4137919		1.2772859	5.100517															26.790098						2.2866638																				3.7203538					
NC_055733.1	0.4890786							3.6843605						73.75393	12.447864				14.073057										2.6896503																					
NC_055740.1							2.2997594																																											
NC_055743.1														13.25417																																				
NC_055744.1	0.71209055		1.4653795					5.3643694											40.98031																					3.799303										2.397704
NC_055761.1	0.49958357														76.2914																																			
NC_055785.1														39.05352																																				
NC_055816.1														19.769009																																				
NC_055842.1									37.58689									7.0918756	46.834152																															
NC_055847.1					1.8326697																																													
NC_055851.1																										6.8134747																								
NC_055862.1	3.9379175	29.296886		24.269958	12.855623	17.984667		44.49809	136.4085	90.70894	119.99758		89.19981	190.87871	75.169945	255.97408		51.47499	254.95229		90.18768		142.02594	149.87515		23.635595	92.197426	82.625626	97.453285	139.28833	123.142105		59.290764		22.175188		58.71541	54.12311	56.501015	78.789154	211.28046			36.189972	70.81066	45.345234	177.94296	213.46864	123.10055	
NC_055863.1										43.658936																																								
NC_055876.1					5.031277																																													
NC_055880.1				4.3377614										45.487602	26.870186									13.393561																										
NC_055886.1			2.6679966	10.653967																																														
NC_055887.1									40.360397																																									
NC_055891.1										16.574177							8.791732																																	
NC_055893.1																																														8.642759				
NC_055895.1														22.437567																																				
NC_055903.1															27.896082																																			
NC_055911.1											58.231934													36.365383																										
NC_055913.1											8.541531																																							
NC_055915.1	11.46084	13.374912	13.179715	44.319874	5.86898			17.775375	1043.1001	46.58781		13.011938		319.52026	137.2694	29.214972		8.812457	242.48639	11.289346	185.2802		64.83918	21.38204		18.883121				10.598221														24.78272						
NC_055921.1			23.566813																				73.42844																											
NC_055941.1	12.302971					112.37652			852.34424	283.39584																			101.48887																					
NC_060131.1																	11.61956																																	
NC_061432.1		46.491055							20131.338						89.46501									29.729483																50.012035										
NC_061433.1														61.749256																																				
NC_061449.1						3.7428162																																												
NC_062581.1											14.393729																																							
NC_062582.1			0.7198375						8.077987	5.3717003	7.1061473			15.071558			5.698814			11.7152405	10.681659		16.8213						0.9618491																					
NC_062735.1	0.18763404																																																	
NC_062736.1	0.38061517											5.509622																																						
NC_062742.1																																		7.198166																
NC_062747.1																							32.98379																											
NC_062771.1																			15.876256																															
NC_062778.1	1.1791341				2.5662448				54.45986																									11.842749																
NC_067194.1	0.3713769																																																	
NC_069154.1					11.829846																																													
NC_069156.1										20.833231																																								
NC_069741.1									28.993979																						8.72472																			
NC_070765.1											15.380474																																							
NC_070776.1	0.4124854													13.329326	31.495302																																			
NC_070777.1	0.41730824		1.28814											26.970337	15.931785																																			
NC_070778.1															15.83025																																			
NC_070830.1															33.354206							13.936108							14.413895				13.154174																	
NC_070833.1										32.26163																		19.591139																						
NC_070839.1	3.6486773			2.4985898			19.847837		7.021623		12.35375			13.100642			2.476787								4.480671							1.9371234	6.103984													9.336578				
NC_070851.1	0.922809																																																	
NC_070852.1																																	14.065557																	
NC_070853.1														29.918682		40.12185																																		
NC_070855.1										21.385609				30.00114																																				
NC_070876.1	2.4453206														1447.0206																																			
NC_070882.1									4.1409802				5.415711						92.875626				17.24604						0.986136						2.6927044															
NC_070951.1																	5.4596443																																	
NC_070954.1											48.88338			51.838802		208.55208																						14.698744												
NC_070955.1											18.380547		27.326225			104.556404																						22.107386										32.69788		
NC_070956.1		2.0604944	0.42745748	3.4138844		11.384			19.187641	12.7594				8.949859		180.03053		3.6203141	47.816483				19.977808						2.284678		2.8869221									6.6496325	19.81289				2.4901116	6.378395	10.011998			1.3988404
NC_070957.1						2.5098958					8.373287					23.815407		3.5918634	11.860176						3.036968		3.6762424														19.657185	11.731441			2.4705403	6.328269		7.4477887		
NC_070958.1					1.8116449					6.391463	12.682764					12.024164		3.6269908				4.426038					3.7121952		2.2888916																		10.030453			
NC_070960.1	0.3848782																		33.2242	4.833772																														
NC_070961.1	1.1238337		3.469031	4.6175623	4.891782						68.49167			12.105429	14.301711		4.57727	4.896776		9.409646					4.14029																									
NC_070962.1	0.78766304	2.3439865	0.48626903	3.8835819	2.0571055				27.284456	14.514897				10.181222	276.6531	13.653323					14.431474			11.991218		7.564151			2.5990143		6.568239																			
NC_070963.1	17.511814	8.908202	16.170347	36.898407	10.749647	2.734266	12.212771	15.221683	165.90901		296.45892	17.332903	6.7806683	29.019926	342.84964	58.374886	21.945848	11.738872		30.07654	41.13458	14.325012	151.14862	5.696499		19.763672		2.093641	18.520166				4.507084	20.294037				46.628258	12.885044						5.3827877	10.34097	8.11597		18.715368	12.095297
NC_070964.1	1.6001287	5.952228			2.611868		2.1760688							12.926904		17.335365	9.775772		51.798527				28.855309						3.2999194																		7.2305093			
NC_070967.1												10.092043			6.6541176						15.966996																10.395086				12.468501				6.268229					
NC_070969.1															89.049194																																			
NC_070974.1				9.88398																			173.52097				32.18361																							8.099925
NC_070993.1					6.209309																																													
NC_070998.1																			137.65048																															
NC_070999.1											14.018927	4.439697														1.8408464							4.617831																	
NC_071007.1				1.8944439																																														
NC_071015.1																																											6.0004854							
NC_071036.1																	18.528011																																	
NC_071039.1	0.2513936	3.740579		6.1974945		4.5925035								8.123698	9.597576	5.4470587	6.143416	3.2861233			5.7575054								5.184451			2.4024189	3.785076		2.831292					4.02387	17.983963			2.3103373						
NC_071050.1							3.546616																																											
NC_071128.1		21.817284																																																
NC_071130.1																																													27.388971					
NC_071132.1	0.71090174																																																	
NC_071133.1	2.9206154																																																	
NC_071135.1																							55.172176																											
NC_071140.1	1.5013307																																																	
NC_072498.1																																		9.389387																
NC_072499.1				7.6468296																																														
NC_072500.1																										14.942252																								
NC_072503.1	2.8275816																																																	
NC_072504.1											1090.2037																																							
NC_073094.1	5.6364775																																																	
NC_073095.1																35.672283																																		
NC_073170.1										275.81802																																								
NC_073188.1										114.21588											75.70636																													
NC_073189.1																					73.580894																													
NC_073190.1										116.78067																																								
NC_073192.1										509.44138																																								
NC_073193.1										881.63837														31.667368																										
NC_073204.1							4.685097			337.26654						37.323174					236.7021																													8.700051
NC_073316.1																	19.697119																																	
NC_073323.1				29.433916																																														
NC_073470.1																	9.695071																																	
NC_073604.1						7.031333																																												
NC_073756.1				88.328064																																														
NC_073768.1	309.5054		298.55478	1311.4236			105.226715						438.1728					126.429306													403.2708															445.4953				8499.999
NC_073771.1																																					277.9834													
NC_073773.1					109.623085																																													
NC_073774.1																								379.51752													1784.1671		286.14664									270.27536		402.91235
NC_073786.1	72.71346																																																	
NC_073793.1	106.88003																													458.23737																				
NC_073794.1			27.30588																																															
NC_073795.1	865.8616						108.27725											390.28333																																
NC_073798.1			28.363852																										985.39624																					
NC_073801.1	612.5099						109.24237																			482.13992										152.81178														
NC_073802.1	333.2141																							192.15082					1166.1262																					
NC_073804.1	1400.6058	304.23572	31.55742																																															
NC_073807.1	36.320114																																																	
NC_073813.1	1119.6707																					151.3585							156.5477																					
NC_073814.1	9.798238																											959.4063	161.6539	462.09857				295.2285					3092.8591				206.92636							
NC_073823.1																		119.74642																																
NC_073827.1						88.416565																								456.51465						5892.527														
NC_073829.1	96.48746	143.56721	4765.3696		125.99612								3715.4966					1008.99805										1079.7357		1137.6207	704.0241				108.66787		5179.147	530.4528					611.3072	709.38513			4534.381			
NC_073832.1	18.687258	973.19086	6172.13	691.03314						860.9126			423.2946					1221.364																				2654.0063												
NC_073837.1																													151.21394																					
NC_073842.1	8.150059																																																	
NC_073846.1					1168.7343				20373.42																																									
NC_073850.1																																															358.58878			
NC_073855.1	1057.6815		1840.1787		6089.62		523.0464																																											
NC_073859.1	31.174152			128.08711												900.61896								395.49026				145.35503																						
NC_073860.1																1191.2487																																		
NC_073864.1	215.50719		51.171043																																												599.2694			
NC_073865.1			105.746216																																															
NC_073874.1	34.322975																												70.78372																					
NC_073883.1																													162.18292																					
NC_073889.1																				1937.3352																														
NC_073891.1			61.289707																																															
NC_073892.1	207.1141						53.64981									1282.1813										236.78271				465.13297																				
NC_073893.1																																						168.0465												
NC_073896.1	18.481264		114.09525																																															
NC_073897.1																								373.0168																										
NC_073902.1																									181.92126																									
NC_073904.1	134.22017	142.6509																																																
NC_073911.1																		222.89587																																
NC_073915.1	38.03503	565.9375	58.702923	234.41545																																														
NC_073918.1	19.66596																			3704.8374																														
NC_073920.1	40.48032																																																	
NC_073926.1																								1071.0038																						2376.265	169.54355			
NC_073930.1																									167.50377			211.99777	187.53146	178.69035																				
NC_073934.1										397.77246																																								
NC_073938.1						164.4671																																												
NC_073939.1		428.1803																																																
NC_073946.1		909.09686																																																
NC_073949.1	1344.1188																							370.6988							16447.205			293.4738																
NC_073950.1			33.596447																																															
NC_073951.1									711.90656																																									
NC_073953.1																																			98.03991															
NC_073957.1		523.41284	244.3139				669.7391	1689.3645					199.20343				537.2738	229.91081				701.40344			97.19628		470.62387				183.3362			132.48907	1188.5342									161.6408				476.72397		
NC_073960.1							538.561																																											
NC_073961.1																								3969.7798																										
NC_073962.1	102.787865	917.6515																		1807.3093			4448.608			1604.0393																								
NC_073966.1																																				281.11432														
NC_073967.1	537.7487																																																	
NC_073970.1	17.393343																																																	
NC_073972.1					701.3479																																													
NC_073974.1	18.178366																																																	
NC_073977.1			60.179214																																															
NC_073979.1			56.945465																																															
NC_073983.1	142.22166	651.1286															802.046			549.5978								306.06183		257.9758																				
NC_073985.1																36511.79																																		
NC_073996.1							195.06584																																											
NC_074000.1				107.84812																																														
NC_074005.1																																																		397.9586
NC_074006.1	53.180805																																																	
NC_074007.1	9.963429																																																	
NC_074010.1	28.451221	141.11218	234.19402																																															
NC_074013.1	7393.715		1683.422	110.20191		1224.9369	1118.5693					517.67					7756.062	1051.7906		449.13797					197.62288			125.05865	73.75056	421.6421	93.1913						533.2148		256.55255		639.57007					2470.7761	646.38464	726.9685	1117.9182	180.6211
NC_074014.1			596.46954																																															
NC_074017.1	60.74481				623.2471																																													
NC_074019.1								3099.791																																										
NC_074025.1	9.6539135																																																	
NC_074030.1																												263.17157																						
NC_074039.1																		270.2622																																
NC_074042.1																																									669.8042									
NC_074044.1			236.05716																																															
NC_074046.1	209.57968																																																	
NC_074048.1		809.6107																		455.57828																														
NC_074049.1	162.14874	301.58383	62.56473																																															
NC_074050.1		245.25237																																																
NC_074051.1																	1001.03845																																	
NC_074054.1																							2973.3696																											
NC_074055.1	18.977467											549.4196														227.8075																								
NC_074061.1	32.75574				106.933556								370.98364																																					
NC_074063.1			391.15787	104.13269			183.8201																																											
NC_074064.1	1107.5583						102.98853																																											
NC_074067.1	37.413303					170.86826																																												
NC_074068.1	116.487915																																																	
NC_074069.1						705.8157																																												
NC_074074.1	14.555914																																																	
NC_074076.1		241.38928																																																
NC_074091.1				4248.1577												5247.446																																		
NC_074093.1												260.77515																																						
NC_074095.1	325.9108	587.7998	91.455956	486.94174			161.16992		684.21063			2001.4681				1711.917					1809.4858			563.8174			396.38763		651.7529	1164.4254														3267.447					1852.3745	
NC_074096.1																	433.5206					282.9775																												
NC_074097.1	2450.722	2540.6082	310.03452	1238.0447	4328.1733	733.9381	491.7276	453.9822				872.351						262.58142	5202.1924	1009.1525					999.07245	120.5685		1545.4454	1242.8068	1421.0593	418.777																	544.4668		
NC_074098.1	1385.0298		712.5474				100.455925										451.288	603.48645											152.3373																					
NC_074106.1																										395.08844							247.77345																	
NC_074119.1	46.585323																																																	
NC_074127.1	532.03253																490.6233																																	
NC_074129.1																		266.96994																																
NC_074130.1	209.05887																																																	
NC_074132.1																																																		188.42548
NC_074134.1		243.41597																																																
NC_074137.1			973.8607																																															
NC_074140.1	20.262901		93.82078																																															
NC_074141.1	174.98885																593.92804																																	
NC_074143.1	94.83741																																																	
NC_074146.1	309.00345	120.99422	1104.4312	200.46657	477.83594		176.9366	735.09674				117.710625	2578.7263					637.765		408.50977	744.9381	778.268								383.50113	1610.4679			367.5205																328.565
NC_074149.1	66.7197		29.421314	704.9193			2488.7148																		105.34309																									
NC_074151.1	17.124811																																																	
NC_074155.1	57.431293																																																	
NC_074159.1		248.95207															1226.615													2169.9546													883.362							
NC_074160.1	20.885113																	1228.511																																
NC_074165.1	107.019455	265.39706					3492.9448																																											
NC_074179.1	15.638914																																																	
NC_074180.1						7464.4004																																												
NC_074189.1			53.84536																																															
NC_074191.1	147.45027		814.4729			141.77098														389.8652						745.2667																								
NC_074192.1					1368.3762																																													
NC_074193.1	271.28275																			825.96356		393.3939				592.092	219.9642		474.6945	969.2479	85.68925			619.2393	92.5845	625.53546	4902.901	979.2106							591.2896					
NC_074195.1																		790.7973		217.08517																													540.3317	
NC_074202.1	15.197185			187.32483																											158.40965										4892.228								2850.4087	921.0762
NC_074205.1	245.28441		392.5907	335.9382																	416.11783													273.72638														492.46252		
NC_074207.1	141.10316	123.501526																																																
NC_074215.1	227.54997		760.92993																																															
NC_074218.1	19.123447		118.059814																																															
NC_074219.1	18.750435																																																	
NC_074220.1		282.15024	526.79785																																															
NC_074221.1			196.24585																		1664.0524										189.34126																			
NC_074222.1	19.143755						208.27402																			229.80362																								290.068
NC_074224.1	28.930754																																																	
NC_074234.1		265.85736																																																
NC_074239.1													432.60147				233.35463							363.4321																										
NC_074242.1																										1245.2388																								
NC_074251.1																								338.08676																										
NC_074256.1																									1588.8647																									
NC_074259.1							99.26096																												205.50919															
NC_074266.1						248.87611																																												
NC_074267.1										413.5209																																								
NC_074273.1																								347.68277																										
NC_074278.1	762.1675																	245.99442																																
NC_074286.1			220.3394	549.9187																						12638.863													5889.03			761.88116								
NC_074300.1										749.0753																																								
NC_074305.1							194.14865																																											
NC_074307.1	8.677827																																																	
NC_074310.1					5312.7373																																													
NC_074323.1																								359.24475																							341.21786			
NC_074327.1																																															631.1996			
NC_074330.1							149.91605																																											
NC_074341.1			120.390976																								3130.7869				406.54324					296.77798														
NC_074352.1		280.96768																																																
NC_074362.1		681.534																																																
NC_074363.1																		721.9117																																
NC_074364.1			101.61768			451.04532																																												
NC_074365.1	31.462103	117.03409	388.46677															19740.523																																
NC_074369.1	78.79284						85.72242																																											
NC_074370.1	50.26407																																																	
NC_074372.1										178.49312																																								
NC_074375.1	16.543242																																																	
NC_074380.1			54.989586					1811.7219																																										
NC_074381.1	17.91636		110.607796														1751.3202																																	
NC_074384.1	18.18296																																																	
NC_074392.1	38.66743			953.2511																																882.6942														
NC_074401.1																																												335.22183						
NC_074403.1																				497.09686																														
NC_074405.1	91.86471	5194.1763	2693.8796	3170.5808	7017.6377	2769.0308	649.6356	4152.245	7955.4272	4655.377	6438.466	2792.568	2497.05	8015.1504	2805.7288	37819.0	11785.93	2881.971	16256.744	13383.495	21459.96	13188.316	36445.36	2622.2395	2741.338	4190.4624	9217.73	12978.57	7653.8193	8664.936	13788.902	8515.598	29876.03	40688.95	9725.391	1118.4391	2465.506	1430.9427	6063.12	441.12305	3943.042	392.2019	2328.0781	1350.7964	1982.267	6135.3833	4815.2695	1493.9539	6317.7744	1670.3303
NC_074407.1		286.0626																										403.38928																						
NC_074410.1						163.325																																												
NC_074417.1	217.51643		625.12036																			239.28862						209.83627	61.873165																					
NC_074418.1	60.154713					274.72934	81.80643															119.9438																												
NC_074422.1																								378.8886																										
NC_074429.1							107.03599																																											
NC_074449.1								78582.93																																										
NC_074457.1			115.0092				1722.7549						421.98203																																					
NC_074458.1																														448.9202																				
NC_074459.1	38.553688																																																	
NC_074460.1	596.2779			111.36193								523.1192										288.22595																												
NC_074486.1			29.538467				104.10936																																											
NC_074488.1																									551.6586																									
NC_074496.1																													160.9974		101.71832				769.32416		4656.03	2950.6626		312.39224										7688.767
NC_074504.1	17.112616																											478.74365																				4638.2427		
NC_074508.1				5965.757			20505.154										113.72503		45796.883																													252.27104		
NC_074530.1			509.63992										415.53946									1024.1921				220.21399												336.1784						1180.1428				497.22415		
NC_074532.1	17.983397																																																	
NC_074552.1	207.67561	594.247	320.5247																																															
NC_074554.1	10.966747																																						314.70038											
NC_074557.1	36.119946																																																	
NC_074573.1																		459.03757																																
NC_074577.1		104.69789	130.31989																																															
NC_074578.1											574.207																																							
NC_074579.1	595.18823		26.62632																																															
NC_074583.1	1125.7206	297343.28	103154.96	254426.16	249095.02	410997.13	265640.13	120984.305	83112.766	7192.457	538337.25	193523.34	443352.4	37173.836	8783.653	123559.82	73493.16	107730.945	67385.19	268728.5	68123.79	231603.3	83571.875	59262.746	728794.75	109881.6	628041.56	306656.84	114959.28	227863.19	143292.86	115980.54	151924.83	171451.13	232096.28	66901.76	48761.63	79505.79	207732.98	864891.25	473191.78	437809.97	236523.05	419408.56	35904.47	75316.15	7871.54	49442.477	203436.16	13197.4
NC_074584.1																																																493.9564		
NC_074595.1			55.303875																																															
NC_074596.1													382.8107																																					
NC_074604.1																																																		187.60033
NC_074608.1			25.19163																																															
NC_074610.1	15.517744																																																	
NC_074612.1										766.1823																																								
NC_074614.1	17.726925																																																	
NC_074620.1	17.33897																																																	
NC_074625.1										754.5207																																								
NC_074629.1			50.78566																																															
NC_074630.1																													152.84619																					
NC_074638.1							2.7589164								19.362804																																			
NC_074658.1		18.20694							169.54582													19.51869																												
NC_074659.1																				16.445007																														
NC_074660.1									170.22969	32.34268					53.604343	121.69156					64.31362																													
NC_074662.1									92.068794										401.51956			21.198553																												
NC_074663.1									50.02138										62.327824																					46.22751										
NC_074664.1		21.823942																																																
NC_074748.1														205.51683																										14.542511										
NC_074750.1					11.855473																												27.339024																	
NC_074775.1			5577.0093																																															
NC_075034.1							0.16223127								2.2771626																																			
NC_075036.1																	0.31782			0.6533532	4.7656894							0.72768325																		1.1980649				
NC_075038.1															0.9560282																																	1.3574716		
NC_075136.1															2.0600994																																			
NC_075283.1			66.86984																																															
NC_075305.1	1490.259	246.379	460.01047										1875.3673		65744.54																			498.91846						265.03842			6644.162						5176.2114	1003.5792
NC_075306.1	132.65027		409.46225									480.0471																																	2087.1245					
NC_075308.1	130.0774																																																	
NC_075309.1																																												286.94925				846.2933		
NC_075311.1							184.81625																																											
NC_075314.1							186.39745																																											
NC_075317.1						302.77054																																												
NC_075320.1			101.109886																																															
NC_075323.1		497.32706																								802.4489							1006.48627					306.2542												
NC_075324.1	559.134	1957.5443	3502.612	1013.53613	147852.05	600.8448	1699.6852					2380.526	2235.0413	40387.785			200.93839			2065.3787		524.64453																					2778.399		591.42444	2272.392	1188.9702	2674.3948	22619.48	21927.66
NC_075325.1																								320.85037		5869.456		471.69016	973.5901		175.7473			508.01965	379.77875			617.9521					712.1436	619.79974	606.3623	776.5957	1828.5009			2043.7725
NC_075326.1		479.32724											364.85037																																					
NC_075329.1	629.044	1039.9752	6634.2124		456.34665		190.10173							3387.8877												419.5061		488.83823																			4421.6084		1092.4493	1588.5549
NC_075330.1	5043.925	2561.448	11052.745	1909.7458			1123.725						779.8806				2103.4238					2196.792		3931.1057	761.04645	20251.486		3130.4092	8662.416		3409.362		3110.3018	5186.942	193.87926	261.98386	14887.229	35174.72	17289.748	551.0876	2462.9878	5879.655	28357.186	6011.8184		3964.5686	27070.365	19130.316	9686.486	20171.602
NC_075331.1	4145.3213	8388.445	3070.967	408.77106		302.9098							3380.3196							416.49582		1057.977	34685.438	3155.372	1466.0819			5334.61	547.12445		518.5109						988.9242							2133.377				1797.6915		
NC_075332.1						304.73196																																												
NC_075333.1			100.42547				176.97644																																					597.9834						
NC_075334.1														520.03076																																				
NC_075335.1	64.86318		1001.09204		423.5011										1238.1558																																			
NC_075336.1	50.159153																2042.9357									802.8209																	353.09888							
NC_075338.1																										193.35135			265.73926																					
NC_075339.1	7885.4365	2155.047	695.44617			587.9697	7528.4565					1397.709	729.0493	11960.708								3080.4148		3674.8828	355.72137	13329.334		450.21136	1725.7625		670.978						959.78656	7815.022	10159.491			6183.483	4758.0083	4141.036		741.23285	6108.3345	6106.5347	6036.7583	17393.809
NC_075368.1														2.121798																																				
NC_075546.1								0.93157446											10.674928	4.141573																									2.964863					
NC_075701.1									9.44305				6.1749697													3.2724068																								
NC_075702.1										5.002289																																								
NC_075989.1	29.539227				128.57726		107.12382									6827.092			424.99			471.19153		187.37451	108.824776	118.19726				928.7412			148.25116	148.33997							704.38306				177.05562	453.52676				
NC_075994.1																									46.69568																									
NC_076231.1	31.957191																																																	
NC_076236.1	42.375824																																																	
NC_076243.1																																								57.292126										
NC_076270.1			97.90714			1158.867	1035.231																																											
NC_076271.1	16.422642	488.7173				600.0237							743.9956									1571.7832			726.028														942.52466											
NC_076272.1																																										704.6706	697.1441							
NC_076274.1	1177.7177		196.50578	196.17418		2907.4						460.7606	721.0024							399.76273	1457.9742	9646.9795																												
NC_076275.1	49.06675																																																	
NC_076276.1	66.38623																																												895.30566					
NC_076277.1																309353.2																																		
NC_076279.1																								633.1131		798.74585	222.55263		274.44598								992.11896													
NC_076280.1																																						146.79784												
NC_076282.1																5812.5547																																		
NC_076284.1	61.990883	922.3855	47.838104				337.2141																																											
NC_076286.1	1024.2567	682.40094	1415.6664				332.63785				931.68604						747.17035									367.02332			252.21571				1611.2107										1291.4016			3168.6284	1657.9023	2071.7673		4015.027
NC_076297.1						144.35031						3660.2275												13232.373	873.3183	9105.91	211.42981	2652.7134	7039.704	372.65683	2470.94		4520.916	1904.6831	2135.8176		31574.92	434.4085	16325.796			674.7042	16019.953	3485.6592	13356.183	11282.598	22851.582	37694.01	22724.953	36556.89
NC_076298.1																													825.6238																					337.0032
NC_076300.1	3819.6248	947.227	3094.9673		415.64825							460.7606	360.5012				388.92456					1015.47107		2422.8809				445.24216																1755.1415	572.36316		2301.3008			321.52948
NC_076303.1	574.2695	976.5448	607.7637	808.98364	535.64105	299.7387	1071.0425	370.81052	1136.7174			237.51094	743.3183		1252.8086		1603.8489			1648.5427	1503.1001	523.45056		624.4679		393.91946		229.51146			1710.2761					249.70152	978.5716	300.67865					693.01904			1511.4806		889.43616		331.48132
NC_076304.1	366.58694		3583.317		4687.2676							442.21292										1218.2422		581.3372	168.81686	1100.1368		1281.9575	1890.0139					460.23117				2659.157	2629.8828				4193.499	2807.482			1932.5807	1242.007	5729.803	5091.677
NC_076306.1												4210.0425												1229.9023																										326.42966
NC_076308.1	1197.0938	5770.0884	208.17851									488.13037								5929.128																														
NC_076309.1	65.3038																																																	
NC_076311.1																								625.03687																										
NC_076312.1	8399.148	3890.2437	1160.128	402.84164	4160.954	298.51608	177.77893				995.8823	473.08377			19339.314					8209.083				932.88055					269.59424											261.55423				1201.3889	293.8356			1328.7114		10564.124
NC_076314.1	33.563972		103.60472				182.5793																																											
NC_076315.1	1985.7467						4878.2935	1085.7449			6343.826	695.43915			1222.7544		30329.105			2815.7432		2809.914		8837.567	530.9744	6728.2188		1120.028	4359.3745		4340.044		2170.0261	1688.8096	3426.7805		5730.576	3668.3174	4135.844			4785.873	5072.9536	2060.4004	3167.5752	5532.0786	1157.8064	1302.1484	4004.8374	14235.288
NC_076319.1		492.3059	153.19614											6415.0654																																				
NC_076320.1	32.69632		1110.1906	1209.0725																					542.0514	196.2451																								
NC_076321.1																																													298.71027					
NC_076323.1	100.45813																																																	
NC_076324.1	32.12807																																																	162.26927
NC_076325.1	18535.768	6593.746	11367.7	3013.7124	7981.71	5164.3623	7398.0557		529.32764			103521.69	2422.9524				147877.0				699.93866	4387.5317		1163.1674		3485.2437	613.31714	5771.255	1260.5435		2070.674		230.07533		688.3991	1162.7687	3189.794	1540.1648	9208.492	244.5904		1957.185	8390.555	842.6017	2198.2234	7038.4116	5523.999	7455.2017	13375.207	13429.208
NC_076326.1	33.377495																								368.89615																									
NC_076327.1							89.37564																																											
NC_076329.1							179.81656																																											
NC_076331.1						301.3849														414.3991																														
NC_076333.1																																	498.84903																	
NC_076336.1																																							960.465											
NC_076341.1	32.607605																																																	
NC_076342.1	16.12152					294.51086																																												
NC_076343.1			103.36411																																															
NC_076344.1							269.23117																																											
NC_076345.1													384.97638			47136.227																																		
NC_076347.1	241.1755	478.47208	496.30435	396.37308	839.8239	440.58383	349.8484					465.4873																																						
NC_076348.1			41.08988																																															
NC_076351.1				203.72972																																														
NC_076352.1	82.602455																																																	
NC_076358.1	99.350555		102.224495																	831.84406																														
NC_076359.1							178.4259																																											
NC_076360.1						882.34827																																						591.84076						325.2631
NC_076361.1	291.95377				224.25984		373.68283		1189.7897																			480.45425																						
NC_076362.1																																										1363.7578								
NC_076364.1																						521.3153					437.23648	914.30054	134.79704										2813.4749			697.64294						885.8076		
NC_076366.1	132.83357		102.50702	204.66797	216.82242		180.64485			764.94696																																								
NC_076376.1																																													4714.19					
NC_076377.1																																										2024.9999	2337.2668						988.4749	
NC_076378.1	31.971365						173.91576					462.80377								1606.141																														
NC_076380.1	63.086647																																																	
NC_076407.1																													285.10284																					
NC_076408.1	65.57108			202.06198	1070.3083	1497.3307	1426.758		47130.863				1485.2847			4262.276								6862.901		4132.3926					3588.313					498.94916			940.81024			1399.7272	2769.555		2358.1675	114768.02	4740.7427	6220.39	6149.313	18877.244
NC_076434.1	33.177814					303.04935																																												
NC_076436.1		490.05676			1182.7174																												991.77277																	
NC_076437.1	150.19882																																																	
NC_076438.1	33.025845	245.70184												1067.2185						2488.672			4764.4717	314.23645	730.01886													2118.2478												
NC_076469.1	65.810524					901.67865																																												
NC_076474.1			504.86142												47455.53																																			
NC_076475.1			102.50702																																				952.94385											
NC_076476.1	34.20087																																										5778.227							
NC_076477.1	32.800476						624.49054					2136.6252					400.77985					6801.76		1872.5518					270.57532		5641.3447		493.85602				4890.633	10368.687	941.2383	525.01263		17504.545	23205.57	3918.7236	13270.722	27949.67	1482.1561	16447.078	6152.111	39262.65
NC_076479.1	34.946873																					278.72534																												
NC_076588.1								473.0957																																										
NC_076634.1			8.166709																																															
NC_076658.1																																24.428186																		
NC_076690.1														195.48058							554.17206																													
NC_076708.1	16.987606																									203.92099																				391.2256				
NC_076725.1															122.31893																																			
NC_076728.1																											2.9818797																							
NC_076818.1																																		414.8762																
NC_076823.1																252.81197					267.2206		420.81436						48.12469												417.3407									
NC_076827.1							165.19789																																											
NC_076828.1							119.348755																																											
NC_076947.1	556.3049		505.83975	265.78204	1267.0458		70.37569	341.11118	33610.95	1291.369	1182.692	249.70033		278.7102	17287.002	2990.0684	579.61804	225.48244	2233.6008	3574.6218	1580.2422	550.3153		164.12927		103.534	115.38976	120.64522		203.38087		41.211426	779.1569			656.2918		79.02748			616.999	1104.6776				198.63148				
NC_076967.1									9.318602																																									
NC_076969.1				2.330768																																		0.8662873												
NC_077016.1			22.67144																																															
NC_077036.1																										142.13188		165.62224																						
NC_077065.1																									146.77026	79.70535					138.42242													122.04196						134.1434
NC_077092.1									20.65014				6.751741					1.2987533																			5.9257383			1.5903282										
NC_077096.1																										49.284775																								
NC_077097.1	7.2588983			89.47525																																														
NC_077106.1										10.024925	26.523678																																							
NC_077184.1														333.58228																																				
NC_077210.1																				50.45902																														
NC_077211.1	23.60881	87.821075	42.51057	60.62686	57.80451	26.955627	53.51072		68.15025	611.8012		28.479237		127.15179	225.33131		324.52814		1698.3372	98.83608			141.91356		21.744167				89.26142										169.36885											
NC_077213.1	2.827641		11.637748	69.708595		17.21863				130.26794				60.916176			69.10032			165.72714		30.069857	543.90625											70.99918																
NC_077221.1															0.9683563	1.0991725	0.3099229		4.3791394	0.63711876				0.4826814													1.512771	0.46481785												0.51243556
NC_078087.1	89.55952																																																	
NC_078985.1	247.96353	32283.496	2200.5527	20249.111	5868.84	5945.421	3540.7495	5954.173	11810.425	19991.232	34002.145	17498.402	22467.012	36057.844	7099.9663	21490.953	5680.872	10939.344	17391.709	17906.822	44011.875	8899.563	60366.035	11796.697	8221.658	6325.2354	12440.37	8671.309	3068.2253	15348.789	2584.6785	4739.282	14933.734	9806.133	4188.9946	13207.775	31426.203	5112.0513	13341.625	8930.179	59867.75	27789.35	11782.514	8545.56	5573.5264	11421.229	8403.556	21002.705	50384.176	3444.0693
NC_092456.1																																												32.525734						
NC_105114.1									21.872385																																									
